date,merchant,description,amount,category,profile,bank,currency
2024-01-01,Canada Child Benefit,Canada Child Benefit income deposit,5934.94,Income,Family,RBC,CAD
2024-01-02,Loblaws,Loblaws debit transaction,-159.4,Groceries,Family,RBC,CAD
2024-01-02,Property Tax,Property Tax debit transaction,-3481.48,Housing,Family,RBC,CAD
2024-01-03,Petro Canada,Transportation payment - Petro Canada,-84.03,Transportation,Family,RBC,CAD
2024-01-05,Kids & Company,Kids & Company purchase,-763.52,Childcare,Family,RBC,CAD
2024-01-05,Petro Canada,RBC card transaction at Petro Canada,-226.15,Transportation,Family,RBC,CAD
2024-01-08,Dental Clinic,RBC card transaction at Dental Clinic,-37.7,Healthcare,Family,RBC,CAD
2024-01-10,Rogers Mobile,Utilities payment - Rogers Mobile,-114.17,Utilities,Family,RBC,CAD
2024-01-10,Shell,Shell debit transaction,-213.97,Transportation,Family,RBC,CAD
2024-01-13,Boston Pizza,Boston Pizza debit transaction,-188.89,Dining,Family,RBC,CAD
2024-01-14,Boston Pizza,Boston Pizza purchase,-143.92,Dining,Family,RBC,CAD
2024-01-15,Disney+,RBC card transaction at Disney+,-11.55,Subscriptions,Family,RBC,CAD
2024-01-16,Dental Clinic,Healthcare payment - Dental Clinic,-98.58,Healthcare,Family,RBC,CAD
2024-01-16,Petro Canada,RBC card transaction at Petro Canada,-62.12,Transportation,Family,RBC,CAD
2024-01-18,Auto Insurance,RBC card transaction at Auto Insurance,-334.38,Insurance,Family,RBC,CAD
2024-01-18,Boston Pizza,Dining payment - Boston Pizza,-56.89,Dining,Family,RBC,CAD
2024-01-20,Wealthsimple,Wealthsimple debit transaction,-1549.0,Savings/Investments,Family,RBC,CAD
2024-01-21,Loblaws,Groceries payment - Loblaws,-82.39,Groceries,Family,RBC,CAD
2024-01-21,Property Tax,Property Tax purchase,-3755.59,Housing,Family,RBC,CAD
2024-01-30,Walmart Grocery,Walmart Grocery purchase,-192.03,Groceries,Family,RBC,CAD
2024-01-31,Uber Eats,Uber Eats purchase,-148.58,Dining,Family,RBC,CAD
2024-02-01,Canada Child Benefit,Direct deposit from Canada Child Benefit,7917.62,Income,Family,RBC,CAD
2024-02-01,Canadian Tire Gas,RBC card transaction at Canadian Tire Gas,-112.92,Transportation,Family,RBC,CAD
2024-02-02,Mortgage Payment,RBC card transaction at Mortgage Payment,-2873.69,Housing,Family,RBC,CAD
2024-02-02,Uber Eats,RBC card transaction at Uber Eats,-50.72,Dining,Family,RBC,CAD
2024-02-03,Canadian Tire Gas,Canadian Tire Gas purchase,-107.22,Transportation,Family,RBC,CAD
2024-02-03,Tim Hortons,Tim Hortons purchase,-20.91,Coffee,Family,RBC,CAD
2024-02-05,School Lunch Program,RBC card transaction at School Lunch Program,-363.9,Childcare,Family,RBC,CAD
2024-02-08,Uber Eats,Uber Eats debit transaction,-186.18,Dining,Family,RBC,CAD
2024-02-09,Petro Canada,RBC card transaction at Petro Canada,-196.62,Transportation,Family,RBC,CAD
2024-02-10,Bell Internet,Bell Internet purchase,-285.71,Utilities,Family,RBC,CAD
2024-02-11,Netflix,RBC card transaction at Netflix,-18.51,Subscriptions,Family,RBC,CAD
2024-02-11,Sun Life,Insurance payment - Sun Life,-324.84,Insurance,Family,RBC,CAD
2024-02-14,Tim Hortons,Tim Hortons purchase,-15.21,Coffee,Family,RBC,CAD
2024-02-15,Disney+,Disney+ purchase,-24.7,Subscriptions,Family,RBC,CAD
2024-02-15,Loblaws,Loblaws purchase,-144.56,Groceries,Family,RBC,CAD
2024-02-18,Sun Life,Sun Life purchase,-272.22,Insurance,Family,RBC,CAD
2024-02-18,Tim Hortons,Tim Hortons purchase,-22.93,Coffee,Family,RBC,CAD
2024-02-24,Auto Insurance,Auto Insurance purchase,-252.75,Insurance,Family,RBC,CAD
2024-02-25,Swiss Chalet,Swiss Chalet purchase,-172.62,Dining,Family,RBC,CAD
2024-02-26,Loblaws,RBC card transaction at Loblaws,-369.61,Groceries,Family,RBC,CAD
2024-02-27,LifeLabs,LifeLabs purchase,-357.2,Healthcare,Family,RBC,CAD
2024-02-28,Tim Hortons,Tim Hortons debit transaction,-22.81,Coffee,Family,RBC,CAD
2024-03-01,Canada Child Benefit,Canada Child Benefit income deposit,9306.83,Income,Family,RBC,CAD
2024-03-02,Property Tax,Property Tax purchase,-4235.82,Housing,Family,RBC,CAD
2024-03-03,LifeLabs,RBC card transaction at LifeLabs,-366.26,Healthcare,Family,RBC,CAD
2024-03-06,Loblaws,Loblaws purchase,-353.45,Groceries,Family,RBC,CAD
2024-03-08,Shell,Transportation payment - Shell,-188.28,Transportation,Family,RBC,CAD
2024-03-08,Starbucks,RBC card transaction at Starbucks,-26.05,Coffee,Family,RBC,CAD
2024-03-10,Rogers Mobile,Rogers Mobile debit transaction,-374.76,Utilities,Family,RBC,CAD
2024-03-14,Canadian Tire Gas,Canadian Tire Gas debit transaction,-80.02,Transportation,Family,RBC,CAD
2024-03-15,Netflix,Netflix debit transaction,-30.27,Subscriptions,Family,RBC,CAD
2024-03-15,Starbucks,Starbucks debit transaction,-10.06,Coffee,Family,RBC,CAD
2024-03-15,Uber Eats,Uber Eats purchase,-61.52,Dining,Family,RBC,CAD
2024-03-17,Shell,Shell purchase,-206.47,Transportation,Family,RBC,CAD
2024-03-18,Auto Insurance,Insurance payment - Auto Insurance,-377.68,Insurance,Family,RBC,CAD
2024-03-18,Property Tax,RBC card transaction at Property Tax,-2340.93,Housing,Family,RBC,CAD
2024-03-20,RESP Transfer,RBC card transaction at RESP Transfer,-905.67,Savings/Investments,Family,RBC,CAD
2024-03-20,Shell,Transportation payment - Shell,-102.5,Transportation,Family,RBC,CAD
2024-03-22,Costco,Costco debit transaction,-280.11,Groceries,Family,RBC,CAD
2024-03-22,Shoppers Drug Mart,Shoppers Drug Mart purchase,-259.79,Healthcare,Family,RBC,CAD
2024-03-22,Tim Hortons,RBC card transaction at Tim Hortons,-19.45,Coffee,Family,RBC,CAD
2024-03-23,Shell,RBC card transaction at Shell,-95.81,Transportation,Family,RBC,CAD
2024-03-25,Costco,Costco debit transaction,-285.43,Groceries,Family,RBC,CAD
2024-03-31,Manulife Insurance,Manulife Insurance purchase,-284.0,Insurance,Family,RBC,CAD
2024-04-01,Payroll Deposit,Payroll Deposit income deposit,5949.84,Income,Family,RBC,CAD
2024-04-02,Property Tax,Housing payment - Property Tax,-3868.59,Housing,Family,RBC,CAD
2024-04-03,Netflix,RBC card transaction at Netflix,-32.78,Subscriptions,Family,RBC,CAD
2024-04-03,Starbucks,Coffee payment - Starbucks,-22.27,Coffee,Family,RBC,CAD
2024-04-04,Auto Insurance,Auto Insurance purchase,-169.97,Insurance,Family,RBC,CAD
2024-04-04,Costco,Groceries payment - Costco,-91.0,Groceries,Family,RBC,CAD
2024-04-10,Canadian Tire Gas,Canadian Tire Gas purchase,-64.19,Transportation,Family,RBC,CAD
2024-04-10,Enbridge Gas,Utilities payment - Enbridge Gas,-141.13,Utilities,Family,RBC,CAD
2024-04-11,RESP Transfer,RBC card transaction at RESP Transfer,-1135.78,Savings/Investments,Family,RBC,CAD
2024-04-12,Canada Child Benefit,Canada Child Benefit income deposit,8658.24,Income,Family,RBC,CAD
2024-04-12,Shell,Shell debit transaction,-254.65,Transportation,Family,RBC,CAD
2024-04-12,Shoppers Drug Mart,Shoppers Drug Mart purchase,-71.71,Healthcare,Family,RBC,CAD
2024-04-13,Shoppers Drug Mart,Healthcare payment - Shoppers Drug Mart,-115.48,Healthcare,Family,RBC,CAD
2024-04-15,Spotify Family,Spotify Family purchase,-26.17,Subscriptions,Family,RBC,CAD
2024-04-16,Starbucks,Coffee payment - Starbucks,-26.9,Coffee,Family,RBC,CAD
2024-04-18,Manulife Insurance,RBC card transaction at Manulife Insurance,-358.08,Insurance,Family,RBC,CAD
2024-04-19,Uber Eats,RBC card transaction at Uber Eats,-162.61,Dining,Family,RBC,CAD
2024-04-20,RESP Transfer,RESP Transfer purchase,-116.42,Savings/Investments,Family,RBC,CAD
2024-04-21,Shell,Shell debit transaction,-72.87,Transportation,Family,RBC,CAD
2024-04-23,Tim Hortons,RBC card transaction at Tim Hortons,-11.81,Coffee,Family,RBC,CAD
2024-04-24,Shell,Transportation payment - Shell,-51.58,Transportation,Family,RBC,CAD
2024-04-26,Farm Boy,Farm Boy debit transaction,-129.89,Groceries,Family,RBC,CAD
2024-04-27,Mortgage Payment,Housing payment - Mortgage Payment,-3696.38,Housing,Family,RBC,CAD
2024-04-27,Petro Canada,Transportation payment - Petro Canada,-36.34,Transportation,Family,RBC,CAD
2024-04-28,Canada Child Benefit,Canada Child Benefit income deposit,5906.4,Income,Family,RBC,CAD
2024-04-28,Starbucks,Starbucks debit transaction,-26.13,Coffee,Family,RBC,CAD
2024-05-01,Payroll Deposit,Direct deposit from Payroll Deposit,9746.81,Income,Family,RBC,CAD
2024-05-02,Property Tax,RBC card transaction at Property Tax,-4117.91,Housing,Family,RBC,CAD
2024-05-02,Swiss Chalet,Dining payment - Swiss Chalet,-42.52,Dining,Family,RBC,CAD
2024-05-02,TFSA Transfer,RBC card transaction at TFSA Transfer,-651.47,Savings/Investments,Family,RBC,CAD
2024-05-05,Costco,RBC card transaction at Costco,-125.99,Groceries,Family,RBC,CAD
2024-05-05,Kids & Company,Kids & Company purchase,-666.29,Childcare,Family,RBC,CAD
2024-05-10,Bell Internet,RBC card transaction at Bell Internet,-167.65,Utilities,Family,RBC,CAD
2024-05-10,Canadian Tire Gas,RBC card transaction at Canadian Tire Gas,-243.29,Transportation,Family,RBC,CAD
2024-05-11,Shell,RBC card transaction at Shell,-203.11,Transportation,Family,RBC,CAD
2024-05-11,Walmart Grocery,Walmart Grocery debit transaction,-314.11,Groceries,Family,RBC,CAD
2024-05-13,Dental Clinic,Dental Clinic debit transaction,-366.78,Healthcare,Family,RBC,CAD
2024-05-14,Sun Life,Insurance payment - Sun Life,-250.22,Insurance,Family,RBC,CAD
2024-05-15,Spotify Family,RBC card transaction at Spotify Family,-13.74,Subscriptions,Family,RBC,CAD
2024-05-15,Uber Eats,RBC card transaction at Uber Eats,-75.47,Dining,Family,RBC,CAD
2024-05-18,Manulife Insurance,Insurance payment - Manulife Insurance,-181.1,Insurance,Family,RBC,CAD
2024-05-19,Swiss Chalet,Swiss Chalet debit transaction,-204.61,Dining,Family,RBC,CAD
2024-05-20,TFSA Transfer,TFSA Transfer purchase,-572.35,Savings/Investments,Family,RBC,CAD
2024-05-28,Petro Canada,Transportation payment - Petro Canada,-47.52,Transportation,Family,RBC,CAD
2024-05-29,Dental Clinic,RBC card transaction at Dental Clinic,-324.84,Healthcare,Family,RBC,CAD
2024-05-30,Canadian Tire Gas,Canadian Tire Gas debit transaction,-80.33,Transportation,Family,RBC,CAD
2024-05-30,Petro Canada,Petro Canada debit transaction,-57.2,Transportation,Family,RBC,CAD
2024-06-01,Farm Boy,Farm Boy debit transaction,-146.89,Groceries,Family,RBC,CAD
2024-06-01,Payroll Deposit,Direct deposit from Payroll Deposit,9659.73,Income,Family,RBC,CAD
2024-06-01,Uber Eats,Uber Eats purchase,-112.21,Dining,Family,RBC,CAD
2024-06-02,Property Tax,Housing payment - Property Tax,-2218.73,Housing,Family,RBC,CAD
2024-06-03,Swiss Chalet,RBC card transaction at Swiss Chalet,-202.11,Dining,Family,RBC,CAD
2024-06-05,Kids & Company,Childcare payment - Kids & Company,-1069.26,Childcare,Family,RBC,CAD
2024-06-08,Shell,RBC card transaction at Shell,-104.21,Transportation,Family,RBC,CAD
2024-06-10,Costco,Groceries payment - Costco,-373.66,Groceries,Family,RBC,CAD
2024-06-10,Hydro One,RBC card transaction at Hydro One,-123.84,Utilities,Family,RBC,CAD
2024-06-10,Loblaws,Groceries payment - Loblaws,-90.36,Groceries,Family,RBC,CAD
2024-06-15,Disney+,Disney+ purchase,-17.98,Subscriptions,Family,RBC,CAD
2024-06-17,Shoppers Drug Mart,RBC card transaction at Shoppers Drug Mart,-264.21,Healthcare,Family,RBC,CAD
2024-06-18,Starbucks,RBC card transaction at Starbucks,-26.2,Coffee,Family,RBC,CAD
2024-06-18,Sun Life,Sun Life debit transaction,-104.61,Insurance,Family,RBC,CAD
2024-06-19,Swiss Chalet,Dining payment - Swiss Chalet,-99.06,Dining,Family,RBC,CAD
2024-06-20,Wealthsimple,Wealthsimple purchase,-1237.71,Savings/Investments,Family,RBC,CAD
2024-06-24,Uber Eats,Uber Eats purchase,-109.05,Dining,Family,RBC,CAD
2024-06-25,Loblaws,Groceries payment - Loblaws,-386.61,Groceries,Family,RBC,CAD
2024-06-27,Tim Hortons,RBC card transaction at Tim Hortons,-17.95,Coffee,Family,RBC,CAD
2024-06-28,Uber Eats,Uber Eats purchase,-69.73,Dining,Family,RBC,CAD
2024-07-01,Canada Child Benefit,Canada Child Benefit income deposit,9636.35,Income,Family,RBC,CAD
2024-07-02,Property Tax,Property Tax debit transaction,-2577.43,Housing,Family,RBC,CAD
2024-07-06,Shell,Shell debit transaction,-107.49,Transportation,Family,RBC,CAD
2024-07-06,Uber Eats,Uber Eats debit transaction,-39.47,Dining,Family,RBC,CAD
2024-07-10,Enbridge Gas,Utilities payment - Enbridge Gas,-152.32,Utilities,Family,RBC,CAD
2024-07-13,Farm Boy,Farm Boy purchase,-207.25,Groceries,Family,RBC,CAD
2024-07-14,Loblaws,RBC card transaction at Loblaws,-212.04,Groceries,Family,RBC,CAD
2024-07-15,Netflix,Subscriptions payment - Netflix,-21.83,Subscriptions,Family,RBC,CAD
2024-07-16,Farm Boy,RBC card transaction at Farm Boy,-186.72,Groceries,Family,RBC,CAD
2024-07-18,Costco,Costco debit transaction,-146.23,Groceries,Family,RBC,CAD
2024-07-18,Starbucks,RBC card transaction at Starbucks,-10.62,Coffee,Family,RBC,CAD
2024-07-18,Starbucks,Starbucks debit transaction,-10.15,Coffee,Family,RBC,CAD
2024-07-18,Sun Life,Insurance payment - Sun Life,-263.28,Insurance,Family,RBC,CAD
2024-07-20,Wealthsimple,Wealthsimple debit transaction,-435.75,Savings/Investments,Family,RBC,CAD
2024-07-23,Walmart Grocery,Groceries payment - Walmart Grocery,-169.71,Groceries,Family,RBC,CAD
2024-07-24,Starbucks,Coffee payment - Starbucks,-24.49,Coffee,Family,RBC,CAD
2024-07-28,Canadian Tire Gas,Transportation payment - Canadian Tire Gas,-100.05,Transportation,Family,RBC,CAD
2024-08-01,Canada Child Benefit,Direct deposit from Canada Child Benefit,5414.98,Income,Family,RBC,CAD
2024-08-02,Property Tax,RBC card transaction at Property Tax,-3618.1,Housing,Family,RBC,CAD
2024-08-03,Costco,Groceries payment - Costco,-289.73,Groceries,Family,RBC,CAD
2024-08-04,Shell,Shell purchase,-35.85,Transportation,Family,RBC,CAD
2024-08-07,Tim Hortons,Coffee payment - Tim Hortons,-16.64,Coffee,Family,RBC,CAD
2024-08-08,Canada Child Benefit,Direct deposit from Canada Child Benefit,8723.33,Income,Family,RBC,CAD
2024-08-10,Rogers Mobile,Rogers Mobile purchase,-391.05,Utilities,Family,RBC,CAD
2024-08-10,Tim Hortons,Tim Hortons debit transaction,-9.89,Coffee,Family,RBC,CAD
2024-08-15,Netflix,Subscriptions payment - Netflix,-21.24,Subscriptions,Family,RBC,CAD
2024-08-15,Sun Life,RBC card transaction at Sun Life,-289.5,Insurance,Family,RBC,CAD
2024-08-16,Tim Hortons,Tim Hortons purchase,-18.91,Coffee,Family,RBC,CAD
2024-08-16,Uber Eats,RBC card transaction at Uber Eats,-178.48,Dining,Family,RBC,CAD
2024-08-17,RESP Transfer,RESP Transfer purchase,-629.11,Savings/Investments,Family,RBC,CAD
2024-08-17,YMCA Childcare,Childcare payment - YMCA Childcare,-965.01,Childcare,Family,RBC,CAD
2024-08-18,Manulife Insurance,Manulife Insurance debit transaction,-164.94,Insurance,Family,RBC,CAD
2024-08-19,Costco,Costco purchase,-165.46,Groceries,Family,RBC,CAD
2024-08-20,Kids & Company,Kids & Company purchase,-1081.08,Childcare,Family,RBC,CAD
2024-08-20,RESP Transfer,RESP Transfer purchase,-721.25,Savings/Investments,Family,RBC,CAD
2024-08-20,Walmart Grocery,Walmart Grocery purchase,-269.66,Groceries,Family,RBC,CAD
2024-08-22,Canada Child Benefit,Direct deposit from Canada Child Benefit,6844.39,Income,Family,RBC,CAD
2024-08-22,Shell,Shell debit transaction,-76.47,Transportation,Family,RBC,CAD
2024-08-22,Starbucks,Starbucks purchase,-5.83,Coffee,Family,RBC,CAD
2024-08-23,Canadian Tire Gas,Canadian Tire Gas purchase,-80.39,Transportation,Family,RBC,CAD
2024-08-26,Petro Canada,RBC card transaction at Petro Canada,-256.55,Transportation,Family,RBC,CAD
2024-09-01,Boston Pizza,Dining payment - Boston Pizza,-117.82,Dining,Family,RBC,CAD
2024-09-01,Payroll Deposit,Payroll Deposit income deposit,7048.32,Income,Family,RBC,CAD
2024-09-01,YMCA Childcare,RBC card transaction at YMCA Childcare,-608.3,Childcare,Family,RBC,CAD
2024-09-02,LifeLabs,LifeLabs debit transaction,-283.14,Healthcare,Family,RBC,CAD
2024-09-02,Property Tax,Property Tax purchase,-3952.09,Housing,Family,RBC,CAD
2024-09-02,Uber Eats,Uber Eats debit transaction,-192.12,Dining,Family,RBC,CAD
2024-09-02,Walmart Grocery,Walmart Grocery debit transaction,-208.67,Groceries,Family,RBC,CAD
2024-09-03,Canadian Tire Gas,RBC card transaction at Canadian Tire Gas,-164.08,Transportation,Family,RBC,CAD
2024-09-05,School Lunch Program,School Lunch Program debit transaction,-1081.32,Childcare,Family,RBC,CAD
2024-09-05,Walmart Grocery,RBC card transaction at Walmart Grocery,-108.84,Groceries,Family,RBC,CAD
2024-09-09,Manulife Insurance,Insurance payment - Manulife Insurance,-200.36,Insurance,Family,RBC,CAD
2024-09-10,Enbridge Gas,Enbridge Gas purchase,-366.54,Utilities,Family,RBC,CAD
2024-09-11,Costco,RBC card transaction at Costco,-137.62,Groceries,Family,RBC,CAD
2024-09-11,Petro Canada,Transportation payment - Petro Canada,-180.28,Transportation,Family,RBC,CAD
2024-09-13,Swiss Chalet,Swiss Chalet debit transaction,-159.37,Dining,Family,RBC,CAD
2024-09-14,YMCA Childcare,Childcare payment - YMCA Childcare,-475.32,Childcare,Family,RBC,CAD
2024-09-15,Spotify Family,Spotify Family purchase,-16.44,Subscriptions,Family,RBC,CAD
2024-09-16,Netflix,Netflix debit transaction,-22.91,Subscriptions,Family,RBC,CAD
2024-09-17,Boston Pizza,Boston Pizza debit transaction,-109.9,Dining,Family,RBC,CAD
2024-09-17,LifeLabs,Healthcare payment - LifeLabs,-358.93,Healthcare,Family,RBC,CAD
2024-09-18,Auto Insurance,Insurance payment - Auto Insurance,-303.31,Insurance,Family,RBC,CAD
2024-09-19,Canadian Tire Gas,Canadian Tire Gas purchase,-245.05,Transportation,Family,RBC,CAD
2024-09-20,Property Tax,Housing payment - Property Tax,-2468.83,Housing,Family,RBC,CAD
2024-09-26,Shell,RBC card transaction at Shell,-177.72,Transportation,Family,RBC,CAD
2024-09-29,Hydro One,Hydro One purchase,-132.59,Utilities,Family,RBC,CAD
2024-09-29,Petro Canada,RBC card transaction at Petro Canada,-247.82,Transportation,Family,RBC,CAD
2024-09-30,Costco,Groceries payment - Costco,-81.17,Groceries,Family,RBC,CAD
2024-10-01,Payroll Deposit,Payroll Deposit income deposit,8943.79,Income,Family,RBC,CAD
2024-10-02,Property Tax,RBC card transaction at Property Tax,-2601.55,Housing,Family,RBC,CAD
2024-10-05,Canada Child Benefit,Direct deposit from Canada Child Benefit,7412.82,Income,Family,RBC,CAD
2024-10-05,Loblaws,Groceries payment - Loblaws,-343.53,Groceries,Family,RBC,CAD
2024-10-05,School Lunch Program,School Lunch Program debit transaction,-454.19,Childcare,Family,RBC,CAD
2024-10-09,Netflix,Netflix purchase,-32.21,Subscriptions,Family,RBC,CAD
2024-10-09,Rogers Mobile,Rogers Mobile purchase,-181.6,Utilities,Family,RBC,CAD
2024-10-10,Farm Boy,Farm Boy debit transaction,-123.37,Groceries,Family,RBC,CAD
2024-10-10,Hydro One,Hydro One debit transaction,-312.92,Utilities,Family,RBC,CAD
2024-10-15,Netflix,Netflix debit transaction,-15.13,Subscriptions,Family,RBC,CAD
2024-10-15,YMCA Childcare,YMCA Childcare purchase,-976.24,Childcare,Family,RBC,CAD
2024-10-18,Auto Insurance,Insurance payment - Auto Insurance,-94.59,Insurance,Family,RBC,CAD
2024-10-19,Loblaws,RBC card transaction at Loblaws,-383.68,Groceries,Family,RBC,CAD
2024-10-20,Wealthsimple,Savings/Investments payment - Wealthsimple,-186.71,Savings/Investments,Family,RBC,CAD
2024-10-23,Canadian Tire Gas,RBC card transaction at Canadian Tire Gas,-246.29,Transportation,Family,RBC,CAD
2024-10-23,Starbucks,Starbucks purchase,-20.19,Coffee,Family,RBC,CAD
2024-10-24,Swiss Chalet,Dining payment - Swiss Chalet,-151.37,Dining,Family,RBC,CAD
2024-10-25,Canadian Tire Gas,RBC card transaction at Canadian Tire Gas,-72.29,Transportation,Family,RBC,CAD
2024-10-30,RESP Transfer,RESP Transfer debit transaction,-1093.82,Savings/Investments,Family,RBC,CAD
2024-10-30,Shell,Shell debit transaction,-218.74,Transportation,Family,RBC,CAD
2024-11-01,Canada Child Benefit,Direct deposit from Canada Child Benefit,6984.49,Income,Family,RBC,CAD
2024-11-02,Mortgage Payment,Housing payment - Mortgage Payment,-2284.08,Housing,Family,RBC,CAD
2024-11-06,Disney+,Disney+ debit transaction,-15.67,Subscriptions,Family,RBC,CAD
2024-11-09,Dental Clinic,RBC card transaction at Dental Clinic,-62.6,Healthcare,Family,RBC,CAD
2024-11-10,Hydro One,Hydro One purchase,-222.36,Utilities,Family,RBC,CAD
2024-11-10,Hydro One,Hydro One purchase,-254.59,Utilities,Family,RBC,CAD
2024-11-10,Starbucks,RBC card transaction at Starbucks,-13.21,Coffee,Family,RBC,CAD
2024-11-12,Shoppers Drug Mart,Shoppers Drug Mart purchase,-185.89,Healthcare,Family,RBC,CAD
2024-11-15,Canadian Tire Gas,Transportation payment - Canadian Tire Gas,-248.99,Transportation,Family,RBC,CAD
2024-11-15,Disney+,RBC card transaction at Disney+,-16.5,Subscriptions,Family,RBC,CAD
2024-11-15,LifeLabs,RBC card transaction at LifeLabs,-228.41,Healthcare,Family,RBC,CAD
2024-11-16,Petro Canada,Transportation payment - Petro Canada,-107.56,Transportation,Family,RBC,CAD
2024-11-17,Tim Hortons,Coffee payment - Tim Hortons,-20.79,Coffee,Family,RBC,CAD
2024-11-18,Sun Life,Insurance payment - Sun Life,-158.75,Insurance,Family,RBC,CAD
2024-11-19,Tim Hortons,Coffee payment - Tim Hortons,-9.43,Coffee,Family,RBC,CAD
2024-11-21,Shoppers Drug Mart,Shoppers Drug Mart purchase,-168.61,Healthcare,Family,RBC,CAD
2024-11-23,Loblaws,RBC card transaction at Loblaws,-275.68,Groceries,Family,RBC,CAD
2024-11-24,Tim Hortons,RBC card transaction at Tim Hortons,-14.0,Coffee,Family,RBC,CAD
2024-11-26,Boston Pizza,Boston Pizza purchase,-43.87,Dining,Family,RBC,CAD
2024-11-26,Dental Clinic,Dental Clinic debit transaction,-136.47,Healthcare,Family,RBC,CAD
2024-11-26,Starbucks,Starbucks purchase,-19.54,Coffee,Family,RBC,CAD
2024-11-28,Swiss Chalet,Dining payment - Swiss Chalet,-61.98,Dining,Family,RBC,CAD
2024-11-29,Petro Canada,Transportation payment - Petro Canada,-114.21,Transportation,Family,RBC,CAD
2024-11-30,Wealthsimple,Savings/Investments payment - Wealthsimple,-1092.03,Savings/Investments,Family,RBC,CAD
2024-12-01,Canada Child Benefit,Canada Child Benefit income deposit,5222.72,Income,Family,RBC,CAD
2024-12-01,Farm Boy,Farm Boy debit transaction,-364.41,Groceries,Family,RBC,CAD
2024-12-01,Kids & Company,Childcare payment - Kids & Company,-514.8,Childcare,Family,RBC,CAD
2024-12-02,Property Tax,Property Tax purchase,-4208.33,Housing,Family,RBC,CAD
2024-12-05,Auto Insurance,RBC card transaction at Auto Insurance,-314.95,Insurance,Family,RBC,CAD
2024-12-05,School Lunch Program,School Lunch Program debit transaction,-149.79,Childcare,Family,RBC,CAD
2024-12-10,Hydro One,RBC card transaction at Hydro One,-355.36,Utilities,Family,RBC,CAD
2024-12-15,Disney+,Disney+ purchase,-30.59,Subscriptions,Family,RBC,CAD
2024-12-17,Loblaws,Groceries payment - Loblaws,-390.13,Groceries,Family,RBC,CAD
2024-12-17,Sun Life,RBC card transaction at Sun Life,-107.34,Insurance,Family,RBC,CAD
2024-12-18,Sun Life,Sun Life purchase,-139.84,Insurance,Family,RBC,CAD
2024-12-20,TFSA Transfer,Savings/Investments payment - TFSA Transfer,-302.39,Savings/Investments,Family,RBC,CAD
2024-12-21,Canadian Tire Gas,Transportation payment - Canadian Tire Gas,-48.67,Transportation,Family,RBC,CAD
2024-12-21,Shell,RBC card transaction at Shell,-197.58,Transportation,Family,RBC,CAD
2024-12-25,Petro Canada,Petro Canada purchase,-231.44,Transportation,Family,RBC,CAD
2024-12-26,Shell,RBC card transaction at Shell,-199.55,Transportation,Family,RBC,CAD
2025-01-01,Canada Child Benefit,Canada Child Benefit income deposit,5517.27,Income,Family,RBC,CAD
2025-01-01,Swiss Chalet,Swiss Chalet debit transaction,-114.37,Dining,Family,RBC,CAD
2025-01-02,Costco,Costco purchase,-142.49,Groceries,Family,RBC,CAD
2025-01-02,Property Tax,RBC card transaction at Property Tax,-3729.59,Housing,Family,RBC,CAD
2025-01-05,YMCA Childcare,YMCA Childcare purchase,-752.62,Childcare,Family,RBC,CAD
2025-01-06,Property Tax,Property Tax debit transaction,-2199.18,Housing,Family,RBC,CAD
2025-01-10,Hydro One,Utilities payment - Hydro One,-101.64,Utilities,Family,RBC,CAD
2025-01-10,Walmart Grocery,Groceries payment - Walmart Grocery,-367.83,Groceries,Family,RBC,CAD
2025-01-15,Spotify Family,Spotify Family debit transaction,-24.79,Subscriptions,Family,RBC,CAD
2025-01-16,LifeLabs,Healthcare payment - LifeLabs,-299.62,Healthcare,Family,RBC,CAD
2025-01-18,Manulife Insurance,Manulife Insurance debit transaction,-315.26,Insurance,Family,RBC,CAD
2025-01-19,Loblaws,Groceries payment - Loblaws,-351.01,Groceries,Family,RBC,CAD
2025-01-23,Shoppers Drug Mart,RBC card transaction at Shoppers Drug Mart,-346.92,Healthcare,Family,RBC,CAD
2025-01-23,Shoppers Drug Mart,Healthcare payment - Shoppers Drug Mart,-344.34,Healthcare,Family,RBC,CAD
2025-01-24,Boston Pizza,RBC card transaction at Boston Pizza,-130.33,Dining,Family,RBC,CAD
2025-01-29,Shell,Shell debit transaction,-52.31,Transportation,Family,RBC,CAD
2025-01-31,Costco,Groceries payment - Costco,-389.53,Groceries,Family,RBC,CAD
2025-02-01,Canada Child Benefit,Canada Child Benefit income deposit,8256.41,Income,Family,RBC,CAD
2025-02-01,Starbucks,Starbucks debit transaction,-27.94,Coffee,Family,RBC,CAD
2025-02-02,Mortgage Payment,Mortgage Payment purchase,-4079.22,Housing,Family,RBC,CAD
2025-02-04,Shoppers Drug Mart,Healthcare payment - Shoppers Drug Mart,-118.53,Healthcare,Family,RBC,CAD
2025-02-04,Starbucks,Starbucks debit transaction,-14.56,Coffee,Family,RBC,CAD
2025-02-05,Kids & Company,RBC card transaction at Kids & Company,-181.41,Childcare,Family,RBC,CAD
2025-02-05,Swiss Chalet,Swiss Chalet debit transaction,-82.02,Dining,Family,RBC,CAD
2025-02-06,Boston Pizza,Boston Pizza purchase,-58.52,Dining,Family,RBC,CAD
2025-02-07,Wealthsimple,Wealthsimple debit transaction,-489.48,Savings/Investments,Family,RBC,CAD
2025-02-09,Shell,RBC card transaction at Shell,-41.05,Transportation,Family,RBC,CAD
2025-02-10,Canadian Tire Gas,RBC card transaction at Canadian Tire Gas,-218.21,Transportation,Family,RBC,CAD
2025-02-10,Kids & Company,Kids & Company debit transaction,-714.15,Childcare,Family,RBC,CAD
2025-02-10,Rogers Mobile,Utilities payment - Rogers Mobile,-268.27,Utilities,Family,RBC,CAD
2025-02-11,Canadian Tire Gas,RBC card transaction at Canadian Tire Gas,-105.95,Transportation,Family,RBC,CAD
2025-02-13,LifeLabs,RBC card transaction at LifeLabs,-162.41,Healthcare,Family,RBC,CAD
2025-02-13,Shoppers Drug Mart,Shoppers Drug Mart debit transaction,-46.59,Healthcare,Family,RBC,CAD
2025-02-14,Canada Child Benefit,Canada Child Benefit income deposit,7691.24,Income,Family,RBC,CAD
2025-02-14,Tim Hortons,Coffee payment - Tim Hortons,-15.02,Coffee,Family,RBC,CAD
2025-02-15,Spotify Family,Spotify Family debit transaction,-22.15,Subscriptions,Family,RBC,CAD
2025-02-15,Tim Hortons,Tim Hortons purchase,-18.8,Coffee,Family,RBC,CAD
2025-02-18,Sun Life,RBC card transaction at Sun Life,-207.46,Insurance,Family,RBC,CAD
2025-02-19,Costco,Costco debit transaction,-298.62,Groceries,Family,RBC,CAD
2025-02-20,Petro Canada,Petro Canada purchase,-56.1,Transportation,Family,RBC,CAD
2025-02-20,Petro Canada,Petro Canada purchase,-108.66,Transportation,Family,RBC,CAD
2025-02-20,TFSA Transfer,TFSA Transfer purchase,-547.95,Savings/Investments,Family,RBC,CAD
2025-02-24,Walmart Grocery,Walmart Grocery purchase,-275.55,Groceries,Family,RBC,CAD
2025-02-26,Costco,Costco debit transaction,-224.42,Groceries,Family,RBC,CAD
2025-02-26,LifeLabs,RBC card transaction at LifeLabs,-314.03,Healthcare,Family,RBC,CAD
2025-02-28,Enbridge Gas,Enbridge Gas debit transaction,-208.71,Utilities,Family,RBC,CAD
2025-03-01,Payroll Deposit,Payroll Deposit income deposit,5211.41,Income,Family,RBC,CAD
2025-03-01,Shell,Shell debit transaction,-159.6,Transportation,Family,RBC,CAD
2025-03-02,LifeLabs,LifeLabs purchase,-59.96,Healthcare,Family,RBC,CAD
2025-03-02,Mortgage Payment,RBC card transaction at Mortgage Payment,-2304.15,Housing,Family,RBC,CAD
2025-03-03,Starbucks,RBC card transaction at Starbucks,-26.28,Coffee,Family,RBC,CAD
2025-03-03,Walmart Grocery,Walmart Grocery debit transaction,-362.79,Groceries,Family,RBC,CAD
2025-03-05,Costco,Costco debit transaction,-103.54,Groceries,Family,RBC,CAD
2025-03-05,YMCA Childcare,YMCA Childcare debit transaction,-552.0,Childcare,Family,RBC,CAD
2025-03-09,Shell,Shell debit transaction,-118.01,Transportation,Family,RBC,CAD
2025-03-10,Rogers Mobile,Utilities payment - Rogers Mobile,-280.48,Utilities,Family,RBC,CAD
2025-03-10,Shoppers Drug Mart,Shoppers Drug Mart debit transaction,-252.92,Healthcare,Family,RBC,CAD
2025-03-10,Starbucks,Coffee payment - Starbucks,-22.37,Coffee,Family,RBC,CAD
2025-03-15,Netflix,RBC card transaction at Netflix,-15.72,Subscriptions,Family,RBC,CAD
2025-03-18,LifeLabs,Healthcare payment - LifeLabs,-406.01,Healthcare,Family,RBC,CAD
2025-03-18,Sun Life,Sun Life purchase,-231.72,Insurance,Family,RBC,CAD
2025-03-20,TFSA Transfer,TFSA Transfer debit transaction,-1046.96,Savings/Investments,Family,RBC,CAD
2025-03-20,YMCA Childcare,YMCA Childcare debit transaction,-932.64,Childcare,Family,RBC,CAD
2025-03-22,Boston Pizza,Dining payment - Boston Pizza,-86.17,Dining,Family,RBC,CAD
2025-03-25,Walmart Grocery,RBC card transaction at Walmart Grocery,-394.62,Groceries,Family,RBC,CAD
2025-03-28,Shell,Shell purchase,-100.14,Transportation,Family,RBC,CAD
2025-03-29,Walmart Grocery,Groceries payment - Walmart Grocery,-243.58,Groceries,Family,RBC,CAD
2025-04-01,Payroll Deposit,Payroll Deposit income deposit,8872.79,Income,Family,RBC,CAD
2025-04-01,Shell,Transportation payment - Shell,-126.99,Transportation,Family,RBC,CAD
2025-04-01,Starbucks,Coffee payment - Starbucks,-5.76,Coffee,Family,RBC,CAD
2025-04-02,Costco,Groceries payment - Costco,-294.49,Groceries,Family,RBC,CAD
2025-04-02,Property Tax,Property Tax purchase,-3585.62,Housing,Family,RBC,CAD
2025-04-04,Shell,RBC card transaction at Shell,-51.96,Transportation,Family,RBC,CAD
2025-04-05,Canada Child Benefit,Canada Child Benefit income deposit,8657.01,Income,Family,RBC,CAD
2025-04-05,Costco,Groceries payment - Costco,-359.47,Groceries,Family,RBC,CAD
2025-04-08,Payroll Deposit,Direct deposit from Payroll Deposit,8054.68,Income,Family,RBC,CAD
2025-04-10,Enbridge Gas,Enbridge Gas debit transaction,-178.02,Utilities,Family,RBC,CAD
2025-04-12,Starbucks,RBC card transaction at Starbucks,-9.12,Coffee,Family,RBC,CAD
2025-04-14,Walmart Grocery,RBC card transaction at Walmart Grocery,-123.82,Groceries,Family,RBC,CAD
2025-04-15,Netflix,RBC card transaction at Netflix,-10.93,Subscriptions,Family,RBC,CAD
2025-04-15,TFSA Transfer,TFSA Transfer purchase,-1273.56,Savings/Investments,Family,RBC,CAD
2025-04-17,Swiss Chalet,Dining payment - Swiss Chalet,-188.0,Dining,Family,RBC,CAD
2025-04-18,Manulife Insurance,Manulife Insurance debit transaction,-333.89,Insurance,Family,RBC,CAD
2025-04-19,Swiss Chalet,Swiss Chalet debit transaction,-122.52,Dining,Family,RBC,CAD
2025-04-22,Starbucks,Coffee payment - Starbucks,-7.83,Coffee,Family,RBC,CAD
2025-04-24,Petro Canada,Petro Canada debit transaction,-39.3,Transportation,Family,RBC,CAD
2025-04-27,Farm Boy,Farm Boy purchase,-218.23,Groceries,Family,RBC,CAD
2025-05-01,Payroll Deposit,Direct deposit from Payroll Deposit,8258.26,Income,Family,RBC,CAD
2025-05-02,Mortgage Payment,RBC card transaction at Mortgage Payment,-2644.54,Housing,Family,RBC,CAD
2025-05-05,Kids & Company,RBC card transaction at Kids & Company,-598.17,Childcare,Family,RBC,CAD
2025-05-05,Tim Hortons,Tim Hortons debit transaction,-12.0,Coffee,Family,RBC,CAD
2025-05-07,Costco,Costco debit transaction,-298.19,Groceries,Family,RBC,CAD
2025-05-09,Loblaws,RBC card transaction at Loblaws,-151.09,Groceries,Family,RBC,CAD
2025-05-09,Swiss Chalet,Dining payment - Swiss Chalet,-110.14,Dining,Family,RBC,CAD
2025-05-10,Rogers Mobile,Rogers Mobile debit transaction,-174.09,Utilities,Family,RBC,CAD
2025-05-10,Tim Hortons,RBC card transaction at Tim Hortons,-19.02,Coffee,Family,RBC,CAD
2025-05-11,Manulife Insurance,Insurance payment - Manulife Insurance,-163.34,Insurance,Family,RBC,CAD
2025-05-11,Tim Hortons,Coffee payment - Tim Hortons,-20.62,Coffee,Family,RBC,CAD
2025-05-13,Petro Canada,Petro Canada purchase,-110.29,Transportation,Family,RBC,CAD
2025-05-13,Shell,Transportation payment - Shell,-118.46,Transportation,Family,RBC,CAD
2025-05-15,Spotify Family,Subscriptions payment - Spotify Family,-20.41,Subscriptions,Family,RBC,CAD
2025-05-18,Manulife Insurance,RBC card transaction at Manulife Insurance,-315.2,Insurance,Family,RBC,CAD
2025-05-20,Shell,Transportation payment - Shell,-221.83,Transportation,Family,RBC,CAD
2025-05-20,TFSA Transfer,RBC card transaction at TFSA Transfer,-428.76,Savings/Investments,Family,RBC,CAD
2025-05-21,Loblaws,Loblaws purchase,-112.51,Groceries,Family,RBC,CAD
2025-05-26,Starbucks,Starbucks debit transaction,-8.64,Coffee,Family,RBC,CAD
2025-05-28,Costco,Costco purchase,-118.72,Groceries,Family,RBC,CAD
2025-06-01,Canada Child Benefit,Direct deposit from Canada Child Benefit,6527.3,Income,Family,RBC,CAD
2025-06-01,Uber Eats,Dining payment - Uber Eats,-172.34,Dining,Family,RBC,CAD
2025-06-02,Mortgage Payment,Housing payment - Mortgage Payment,-2311.6,Housing,Family,RBC,CAD
2025-06-05,Shoppers Drug Mart,Shoppers Drug Mart purchase,-411.62,Healthcare,Family,RBC,CAD
2025-06-05,YMCA Childcare,YMCA Childcare debit transaction,-879.52,Childcare,Family,RBC,CAD
2025-06-06,Bell Internet,Bell Internet debit transaction,-368.43,Utilities,Family,RBC,CAD
2025-06-06,Hydro One,Utilities payment - Hydro One,-300.35,Utilities,Family,RBC,CAD
2025-06-07,Walmart Grocery,Groceries payment - Walmart Grocery,-123.28,Groceries,Family,RBC,CAD
2025-06-07,Walmart Grocery,Walmart Grocery purchase,-392.8,Groceries,Family,RBC,CAD
2025-06-10,Hydro One,Hydro One purchase,-213.84,Utilities,Family,RBC,CAD
2025-06-11,Starbucks,RBC card transaction at Starbucks,-9.89,Coffee,Family,RBC,CAD
2025-06-11,Uber Eats,Dining payment - Uber Eats,-78.11,Dining,Family,RBC,CAD
2025-06-13,Shoppers Drug Mart,RBC card transaction at Shoppers Drug Mart,-249.54,Healthcare,Family,RBC,CAD
2025-06-14,Farm Boy,RBC card transaction at Farm Boy,-306.75,Groceries,Family,RBC,CAD
2025-06-14,LifeLabs,LifeLabs purchase,-170.71,Healthcare,Family,RBC,CAD
2025-06-15,Canadian Tire Gas,Canadian Tire Gas purchase,-41.58,Transportation,Family,RBC,CAD
2025-06-15,Disney+,Subscriptions payment - Disney+,-14.6,Subscriptions,Family,RBC,CAD
2025-06-16,Shell,Shell debit transaction,-141.65,Transportation,Family,RBC,CAD
2025-06-16,Tim Hortons,Tim Hortons purchase,-8.6,Coffee,Family,RBC,CAD
2025-06-16,Wealthsimple,Wealthsimple purchase,-710.17,Savings/Investments,Family,RBC,CAD
2025-06-18,Manulife Insurance,RBC card transaction at Manulife Insurance,-238.57,Insurance,Family,RBC,CAD
2025-06-19,Boston Pizza,Boston Pizza debit transaction,-142.78,Dining,Family,RBC,CAD
2025-06-20,RESP Transfer,RESP Transfer debit transaction,-682.9,Savings/Investments,Family,RBC,CAD
2025-06-20,Walmart Grocery,RBC card transaction at Walmart Grocery,-80.84,Groceries,Family,RBC,CAD
2025-06-22,Starbucks,Starbucks debit transaction,-18.58,Coffee,Family,RBC,CAD
2025-06-24,Boston Pizza,Boston Pizza debit transaction,-86.81,Dining,Family,RBC,CAD
2025-06-24,Walmart Grocery,Walmart Grocery debit transaction,-132.39,Groceries,Family,RBC,CAD
2025-06-26,Dental Clinic,Dental Clinic debit transaction,-256.86,Healthcare,Family,RBC,CAD
2025-06-28,Tim Hortons,Coffee payment - Tim Hortons,-26.87,Coffee,Family,RBC,CAD
2025-06-29,LifeLabs,LifeLabs purchase,-242.37,Healthcare,Family,RBC,CAD
2025-06-30,Tim Hortons,Tim Hortons debit transaction,-11.85,Coffee,Family,RBC,CAD
2025-07-01,Canada Child Benefit,Canada Child Benefit income deposit,6143.53,Income,Family,RBC,CAD
2025-07-01,Uber Eats,Uber Eats purchase,-105.24,Dining,Family,RBC,CAD
2025-07-02,Property Tax,Property Tax purchase,-3775.12,Housing,Family,RBC,CAD
2025-07-03,Tim Hortons,Coffee payment - Tim Hortons,-15.38,Coffee,Family,RBC,CAD
2025-07-04,Boston Pizza,Boston Pizza debit transaction,-96.23,Dining,Family,RBC,CAD
2025-07-05,Farm Boy,RBC card transaction at Farm Boy,-83.86,Groceries,Family,RBC,CAD
2025-07-05,Kids & Company,Childcare payment - Kids & Company,-603.75,Childcare,Family,RBC,CAD
2025-07-06,Mortgage Payment,Housing payment - Mortgage Payment,-3338.82,Housing,Family,RBC,CAD
2025-07-10,Enbridge Gas,Enbridge Gas debit transaction,-172.54,Utilities,Family,RBC,CAD
2025-07-10,Shell,Shell purchase,-220.74,Transportation,Family,RBC,CAD
2025-07-10,Shoppers Drug Mart,Shoppers Drug Mart purchase,-328.66,Healthcare,Family,RBC,CAD
2025-07-14,Canadian Tire Gas,Transportation payment - Canadian Tire Gas,-182.78,Transportation,Family,RBC,CAD
2025-07-15,Disney+,Disney+ purchase,-28.7,Subscriptions,Family,RBC,CAD
2025-07-18,Manulife Insurance,RBC card transaction at Manulife Insurance,-352.16,Insurance,Family,RBC,CAD
2025-07-20,Rogers Mobile,Rogers Mobile debit transaction,-123.12,Utilities,Family,RBC,CAD
2025-07-20,Swiss Chalet,Swiss Chalet purchase,-40.75,Dining,Family,RBC,CAD
2025-07-20,Wealthsimple,Wealthsimple purchase,-469.67,Savings/Investments,Family,RBC,CAD
2025-07-21,Swiss Chalet,Dining payment - Swiss Chalet,-116.46,Dining,Family,RBC,CAD
2025-07-22,Starbucks,Starbucks purchase,-9.18,Coffee,Family,RBC,CAD
2025-07-23,Tim Hortons,Coffee payment - Tim Hortons,-21.53,Coffee,Family,RBC,CAD
2025-07-23,Tim Hortons,RBC card transaction at Tim Hortons,-21.1,Coffee,Family,RBC,CAD
2025-07-26,Canadian Tire Gas,RBC card transaction at Canadian Tire Gas,-54.94,Transportation,Family,RBC,CAD
2025-07-27,LifeLabs,Healthcare payment - LifeLabs,-361.29,Healthcare,Family,RBC,CAD
2025-07-28,Shoppers Drug Mart,RBC card transaction at Shoppers Drug Mart,-282.46,Healthcare,Family,RBC,CAD
2025-07-29,Shoppers Drug Mart,Shoppers Drug Mart purchase,-80.21,Healthcare,Family,RBC,CAD
2025-07-29,Uber Eats,Uber Eats debit transaction,-73.23,Dining,Family,RBC,CAD
2025-07-31,Shell,RBC card transaction at Shell,-155.03,Transportation,Family,RBC,CAD
2025-08-01,Payroll Deposit,Payroll Deposit income deposit,7508.94,Income,Family,RBC,CAD
2025-08-02,Farm Boy,Groceries payment - Farm Boy,-272.26,Groceries,Family,RBC,CAD
2025-08-02,Mortgage Payment,RBC card transaction at Mortgage Payment,-2302.43,Housing,Family,RBC,CAD
2025-08-05,YMCA Childcare,Childcare payment - YMCA Childcare,-408.67,Childcare,Family,RBC,CAD
2025-08-07,Canadian Tire Gas,Transportation payment - Canadian Tire Gas,-142.2,Transportation,Family,RBC,CAD
2025-08-07,Costco,RBC card transaction at Costco,-147.14,Groceries,Family,RBC,CAD
2025-08-07,Starbucks,Coffee payment - Starbucks,-6.35,Coffee,Family,RBC,CAD
2025-08-10,Rogers Mobile,RBC card transaction at Rogers Mobile,-187.82,Utilities,Family,RBC,CAD
2025-08-10,Swiss Chalet,Dining payment - Swiss Chalet,-152.08,Dining,Family,RBC,CAD
2025-08-14,Disney+,Subscriptions payment - Disney+,-27.79,Subscriptions,Family,RBC,CAD
2025-08-15,Spotify Family,Subscriptions payment - Spotify Family,-17.54,Subscriptions,Family,RBC,CAD
2025-08-18,Auto Insurance,Auto Insurance purchase,-147.85,Insurance,Family,RBC,CAD
2025-08-18,Walmart Grocery,RBC card transaction at Walmart Grocery,-381.97,Groceries,Family,RBC,CAD
2025-08-21,Farm Boy,Groceries payment - Farm Boy,-88.17,Groceries,Family,RBC,CAD
2025-08-26,Starbucks,Coffee payment - Starbucks,-7.67,Coffee,Family,RBC,CAD
2025-08-26,Starbucks,Starbucks purchase,-18.41,Coffee,Family,RBC,CAD
2025-08-26,Tim Hortons,Coffee payment - Tim Hortons,-7.27,Coffee,Family,RBC,CAD
2025-09-01,Canada Child Benefit,Direct deposit from Canada Child Benefit,8799.3,Income,Family,RBC,CAD
2025-09-01,Shoppers Drug Mart,Healthcare payment - Shoppers Drug Mart,-223.7,Healthcare,Family,RBC,CAD
2025-09-01,Swiss Chalet,Swiss Chalet debit transaction,-145.77,Dining,Family,RBC,CAD
2025-09-02,Property Tax,RBC card transaction at Property Tax,-3037.02,Housing,Family,RBC,CAD
2025-09-05,School Lunch Program,School Lunch Program purchase,-566.57,Childcare,Family,RBC,CAD
2025-09-07,Petro Canada,RBC card transaction at Petro Canada,-116.91,Transportation,Family,RBC,CAD
2025-09-10,Canadian Tire Gas,Canadian Tire Gas debit transaction,-226.64,Transportation,Family,RBC,CAD
2025-09-10,Enbridge Gas,Enbridge Gas purchase,-90.41,Utilities,Family,RBC,CAD
2025-09-10,Shoppers Drug Mart,RBC card transaction at Shoppers Drug Mart,-64.49,Healthcare,Family,RBC,CAD
2025-09-11,Starbucks,Starbucks purchase,-14.45,Coffee,Family,RBC,CAD
2025-09-13,Enbridge Gas,Enbridge Gas debit transaction,-95.67,Utilities,Family,RBC,CAD
2025-09-15,Petro Canada,RBC card transaction at Petro Canada,-246.29,Transportation,Family,RBC,CAD
2025-09-15,Spotify Family,Subscriptions payment - Spotify Family,-29.45,Subscriptions,Family,RBC,CAD
2025-09-16,Boston Pizza,Boston Pizza purchase,-198.49,Dining,Family,RBC,CAD
2025-09-16,Shoppers Drug Mart,Shoppers Drug Mart purchase,-285.33,Healthcare,Family,RBC,CAD
2025-09-18,Manulife Insurance,RBC card transaction at Manulife Insurance,-198.55,Insurance,Family,RBC,CAD
2025-09-18,Tim Hortons,RBC card transaction at Tim Hortons,-23.73,Coffee,Family,RBC,CAD
2025-09-20,RESP Transfer,RESP Transfer purchase,-1552.62,Savings/Investments,Family,RBC,CAD
2025-09-21,Loblaws,Loblaws debit transaction,-120.45,Groceries,Family,RBC,CAD
2025-09-22,Tim Hortons,Tim Hortons debit transaction,-13.94,Coffee,Family,RBC,CAD
2025-09-25,Swiss Chalet,Dining payment - Swiss Chalet,-164.43,Dining,Family,RBC,CAD
2025-09-28,Dental Clinic,Dental Clinic debit transaction,-124.27,Healthcare,Family,RBC,CAD
2025-09-29,Walmart Grocery,Walmart Grocery purchase,-105.89,Groceries,Family,RBC,CAD
2025-10-01,Canada Child Benefit,Canada Child Benefit income deposit,7690.88,Income,Family,RBC,CAD
2025-10-02,Mortgage Payment,RBC card transaction at Mortgage Payment,-3095.22,Housing,Family,RBC,CAD
2025-10-03,Wealthsimple,Savings/Investments payment - Wealthsimple,-336.9,Savings/Investments,Family,RBC,CAD
2025-10-04,Costco,RBC card transaction at Costco,-375.86,Groceries,Family,RBC,CAD
2025-10-05,Starbucks,Starbucks debit transaction,-9.16,Coffee,Family,RBC,CAD
2025-10-07,Petro Canada,Transportation payment - Petro Canada,-228.15,Transportation,Family,RBC,CAD
2025-10-07,Uber Eats,RBC card transaction at Uber Eats,-209.99,Dining,Family,RBC,CAD
2025-10-08,Boston Pizza,Dining payment - Boston Pizza,-140.73,Dining,Family,RBC,CAD
2025-10-10,Enbridge Gas,RBC card transaction at Enbridge Gas,-382.57,Utilities,Family,RBC,CAD
2025-10-10,Starbucks,Starbucks purchase,-17.33,Coffee,Family,RBC,CAD
2025-10-12,Shell,Shell purchase,-220.86,Transportation,Family,RBC,CAD
2025-10-14,Payroll Deposit,Payroll Deposit income deposit,6045.58,Income,Family,RBC,CAD
2025-10-15,Netflix,Subscriptions payment - Netflix,-23.1,Subscriptions,Family,RBC,CAD
2025-10-16,Costco,Costco debit transaction,-262.34,Groceries,Family,RBC,CAD
2025-10-16,Costco,Groceries payment - Costco,-137.29,Groceries,Family,RBC,CAD
2025-10-18,Sun Life,Insurance payment - Sun Life,-357.93,Insurance,Family,RBC,CAD
2025-10-20,Uber Eats,RBC card transaction at Uber Eats,-40.59,Dining,Family,RBC,CAD
2025-10-20,Wealthsimple,Wealthsimple purchase,-1377.23,Savings/Investments,Family,RBC,CAD
2025-10-23,LifeLabs,RBC card transaction at LifeLabs,-402.6,Healthcare,Family,RBC,CAD
2025-10-25,Enbridge Gas,Enbridge Gas debit transaction,-377.06,Utilities,Family,RBC,CAD
2025-10-26,School Lunch Program,School Lunch Program debit transaction,-342.37,Childcare,Family,RBC,CAD
2025-10-26,Shoppers Drug Mart,Healthcare payment - Shoppers Drug Mart,-135.71,Healthcare,Family,RBC,CAD
2025-11-01,Canada Child Benefit,Direct deposit from Canada Child Benefit,8061.47,Income,Family,RBC,CAD
2025-11-02,Property Tax,Housing payment - Property Tax,-4258.95,Housing,Family,RBC,CAD
2025-11-02,Uber Eats,Uber Eats debit transaction,-49.88,Dining,Family,RBC,CAD
2025-11-05,Canadian Tire Gas,Canadian Tire Gas purchase,-84.93,Transportation,Family,RBC,CAD
2025-11-05,School Lunch Program,Childcare payment - School Lunch Program,-365.57,Childcare,Family,RBC,CAD
2025-11-10,Hydro One,Hydro One debit transaction,-237.98,Utilities,Family,RBC,CAD
2025-11-10,Loblaws,Loblaws purchase,-288.51,Groceries,Family,RBC,CAD
2025-11-10,Walmart Grocery,Groceries payment - Walmart Grocery,-268.93,Groceries,Family,RBC,CAD
2025-11-11,LifeLabs,RBC card transaction at LifeLabs,-385.99,Healthcare,Family,RBC,CAD
2025-11-14,Disney+,Disney+ debit transaction,-18.38,Subscriptions,Family,RBC,CAD
2025-11-15,Netflix,Subscriptions payment - Netflix,-25.07,Subscriptions,Family,RBC,CAD
2025-11-18,Manulife Insurance,Insurance payment - Manulife Insurance,-256.86,Insurance,Family,RBC,CAD
2025-11-18,Shoppers Drug Mart,RBC card transaction at Shoppers Drug Mart,-94.63,Healthcare,Family,RBC,CAD
2025-11-19,Dental Clinic,RBC card transaction at Dental Clinic,-299.15,Healthcare,Family,RBC,CAD
2025-11-20,Wealthsimple,Wealthsimple purchase,-1134.21,Savings/Investments,Family,RBC,CAD
2025-11-22,Uber Eats,Uber Eats debit transaction,-38.95,Dining,Family,RBC,CAD
2025-11-26,Loblaws,Loblaws purchase,-396.14,Groceries,Family,RBC,CAD
2025-12-01,Payroll Deposit,Payroll Deposit income deposit,5267.95,Income,Family,RBC,CAD
2025-12-02,Property Tax,Property Tax debit transaction,-3497.04,Housing,Family,RBC,CAD
2025-12-05,Kids & Company,RBC card transaction at Kids & Company,-781.81,Childcare,Family,RBC,CAD
2025-12-05,Tim Hortons,Coffee payment - Tim Hortons,-14.53,Coffee,Family,RBC,CAD
2025-12-09,School Lunch Program,School Lunch Program purchase,-601.07,Childcare,Family,RBC,CAD
2025-12-09,Shoppers Drug Mart,Shoppers Drug Mart purchase,-201.75,Healthcare,Family,RBC,CAD
2025-12-10,Enbridge Gas,Utilities payment - Enbridge Gas,-325.78,Utilities,Family,RBC,CAD
2025-12-10,Spotify Family,RBC card transaction at Spotify Family,-20.35,Subscriptions,Family,RBC,CAD
2025-12-11,Farm Boy,Groceries payment - Farm Boy,-236.3,Groceries,Family,RBC,CAD
2025-12-14,Starbucks,Starbucks purchase,-11.87,Coffee,Family,RBC,CAD
2025-12-15,Netflix,RBC card transaction at Netflix,-18.55,Subscriptions,Family,RBC,CAD
2025-12-15,Petro Canada,Transportation payment - Petro Canada,-228.43,Transportation,Family,RBC,CAD
2025-12-15,Tim Hortons,Tim Hortons purchase,-6.91,Coffee,Family,RBC,CAD
2025-12-18,Manulife Insurance,RBC card transaction at Manulife Insurance,-128.1,Insurance,Family,RBC,CAD
2025-12-20,Canadian Tire Gas,Transportation payment - Canadian Tire Gas,-101.55,Transportation,Family,RBC,CAD
2025-12-26,Property Tax,Property Tax debit transaction,-2400.78,Housing,Family,RBC,CAD
2026-01-01,Canada Child Benefit,Canada Child Benefit income deposit,6775.49,Income,Family,RBC,CAD
2026-01-01,Property Tax,Property Tax debit transaction,-2112.93,Housing,Family,RBC,CAD
2026-01-02,Property Tax,Housing payment - Property Tax,-2790.83,Housing,Family,RBC,CAD
2026-01-05,YMCA Childcare,YMCA Childcare debit transaction,-1071.28,Childcare,Family,RBC,CAD
2026-01-06,Property Tax,RBC card transaction at Property Tax,-3206.6,Housing,Family,RBC,CAD
2026-01-08,YMCA Childcare,YMCA Childcare purchase,-386.76,Childcare,Family,RBC,CAD
2026-01-10,Canadian Tire Gas,RBC card transaction at Canadian Tire Gas,-221.85,Transportation,Family,RBC,CAD
2026-01-10,Rogers Mobile,Utilities payment - Rogers Mobile,-168.46,Utilities,Family,RBC,CAD
2026-01-10,Shell,Transportation payment - Shell,-175.73,Transportation,Family,RBC,CAD
2026-01-10,Tim Hortons,Tim Hortons debit transaction,-14.91,Coffee,Family,RBC,CAD
2026-01-12,Kids & Company,Kids & Company debit transaction,-673.58,Childcare,Family,RBC,CAD
2026-01-14,Canadian Tire Gas,Canadian Tire Gas debit transaction,-72.05,Transportation,Family,RBC,CAD
2026-01-15,Spotify Family,Subscriptions payment - Spotify Family,-14.48,Subscriptions,Family,RBC,CAD
2026-01-16,Starbucks,Starbucks debit transaction,-27.85,Coffee,Family,RBC,CAD
2026-01-18,Sun Life,RBC card transaction at Sun Life,-336.92,Insurance,Family,RBC,CAD
2026-01-23,Property Tax,RBC card transaction at Property Tax,-3686.43,Housing,Family,RBC,CAD
2026-01-25,Costco,RBC card transaction at Costco,-306.88,Groceries,Family,RBC,CAD
2026-01-25,Dental Clinic,Dental Clinic debit transaction,-320.28,Healthcare,Family,RBC,CAD
2026-01-25,Swiss Chalet,Swiss Chalet debit transaction,-154.9,Dining,Family,RBC,CAD
2026-01-26,Property Tax,Property Tax purchase,-3386.12,Housing,Family,RBC,CAD
2026-01-26,Shell,Shell debit transaction,-242.66,Transportation,Family,RBC,CAD
2026-01-27,Costco,Groceries payment - Costco,-353.3,Groceries,Family,RBC,CAD
2026-01-28,Starbucks,RBC card transaction at Starbucks,-6.46,Coffee,Family,RBC,CAD
2026-01-29,Auto Insurance,Auto Insurance debit transaction,-302.16,Insurance,Family,RBC,CAD
2026-01-30,Loblaws,Loblaws debit transaction,-94.02,Groceries,Family,RBC,CAD
2026-01-31,Tim Hortons,RBC card transaction at Tim Hortons,-10.07,Coffee,Family,RBC,CAD
2026-02-01,Payroll Deposit,Payroll Deposit income deposit,7887.81,Income,Family,RBC,CAD
2026-02-02,Canadian Tire Gas,RBC card transaction at Canadian Tire Gas,-106.25,Transportation,Family,RBC,CAD
2026-02-02,Mortgage Payment,Mortgage Payment purchase,-2743.73,Housing,Family,RBC,CAD
2026-02-03,Loblaws,Loblaws debit transaction,-275.68,Groceries,Family,RBC,CAD
2026-02-04,Boston Pizza,RBC card transaction at Boston Pizza,-157.17,Dining,Family,RBC,CAD
2026-02-05,Enbridge Gas,Utilities payment - Enbridge Gas,-282.85,Utilities,Family,RBC,CAD
2026-02-05,Kids & Company,Childcare payment - Kids & Company,-313.19,Childcare,Family,RBC,CAD
2026-02-05,Loblaws,Loblaws debit transaction,-179.52,Groceries,Family,RBC,CAD
2026-02-05,RESP Transfer,RESP Transfer debit transaction,-1085.23,Savings/Investments,Family,RBC,CAD
2026-02-08,Costco,Costco debit transaction,-231.78,Groceries,Family,RBC,CAD
2026-02-10,Enbridge Gas,Enbridge Gas debit transaction,-145.64,Utilities,Family,RBC,CAD
2026-02-12,Tim Hortons,Coffee payment - Tim Hortons,-21.63,Coffee,Family,RBC,CAD
2026-02-13,Canadian Tire Gas,Transportation payment - Canadian Tire Gas,-125.05,Transportation,Family,RBC,CAD
2026-02-14,Dental Clinic,Healthcare payment - Dental Clinic,-396.41,Healthcare,Family,RBC,CAD
2026-02-14,Walmart Grocery,RBC card transaction at Walmart Grocery,-386.35,Groceries,Family,RBC,CAD
2026-02-15,Disney+,Disney+ debit transaction,-10.11,Subscriptions,Family,RBC,CAD
2026-02-15,Swiss Chalet,Swiss Chalet purchase,-70.63,Dining,Family,RBC,CAD
2026-02-16,Hydro One,RBC card transaction at Hydro One,-196.97,Utilities,Family,RBC,CAD
2026-02-18,Auto Insurance,Auto Insurance debit transaction,-333.85,Insurance,Family,RBC,CAD
2026-02-18,Shell,RBC card transaction at Shell,-70.93,Transportation,Family,RBC,CAD
2026-02-20,RESP Transfer,RESP Transfer debit transaction,-140.6,Savings/Investments,Family,RBC,CAD
2026-03-01,Farm Boy,Farm Boy debit transaction,-399.09,Groceries,Family,RBC,CAD
2026-03-01,Payroll Deposit,Payroll Deposit income deposit,7515.55,Income,Family,RBC,CAD
2026-03-01,Starbucks,RBC card transaction at Starbucks,-26.1,Coffee,Family,RBC,CAD
2026-03-02,Mortgage Payment,Housing payment - Mortgage Payment,-2858.96,Housing,Family,RBC,CAD
2026-03-03,Swiss Chalet,Swiss Chalet purchase,-192.31,Dining,Family,RBC,CAD
2026-03-04,Shoppers Drug Mart,Shoppers Drug Mart debit transaction,-178.83,Healthcare,Family,RBC,CAD
2026-03-05,Kids & Company,Kids & Company purchase,-461.6,Childcare,Family,RBC,CAD
2026-03-07,LifeLabs,Healthcare payment - LifeLabs,-144.12,Healthcare,Family,RBC,CAD
2026-03-09,Petro Canada,Petro Canada purchase,-48.78,Transportation,Family,RBC,CAD
2026-03-10,Hydro One,Hydro One purchase,-153.69,Utilities,Family,RBC,CAD
2026-03-12,Dental Clinic,Dental Clinic purchase,-98.83,Healthcare,Family,RBC,CAD
2026-03-12,Swiss Chalet,Swiss Chalet purchase,-179.35,Dining,Family,RBC,CAD
2026-03-12,Uber Eats,Uber Eats purchase,-193.92,Dining,Family,RBC,CAD
2026-03-13,School Lunch Program,RBC card transaction at School Lunch Program,-912.72,Childcare,Family,RBC,CAD
2026-03-14,Loblaws,Groceries payment - Loblaws,-309.74,Groceries,Family,RBC,CAD
2026-03-15,Netflix,Netflix purchase,-33.05,Subscriptions,Family,RBC,CAD
2026-03-16,Farm Boy,Farm Boy purchase,-317.09,Groceries,Family,RBC,CAD
2026-03-17,Kids & Company,Kids & Company purchase,-945.02,Childcare,Family,RBC,CAD
2026-03-17,Shoppers Drug Mart,Shoppers Drug Mart purchase,-129.78,Healthcare,Family,RBC,CAD
2026-03-18,Auto Insurance,RBC card transaction at Auto Insurance,-98.13,Insurance,Family,RBC,CAD
2026-03-19,Tim Hortons,Tim Hortons purchase,-7.62,Coffee,Family,RBC,CAD
2026-03-20,TFSA Transfer,Savings/Investments payment - TFSA Transfer,-522.75,Savings/Investments,Family,RBC,CAD
2026-03-20,Tim Hortons,RBC card transaction at Tim Hortons,-25.49,Coffee,Family,RBC,CAD
2026-03-25,Mortgage Payment,Housing payment - Mortgage Payment,-2163.24,Housing,Family,RBC,CAD
2026-03-25,Walmart Grocery,Walmart Grocery debit transaction,-149.56,Groceries,Family,RBC,CAD
2026-03-30,LifeLabs,LifeLabs debit transaction,-385.75,Healthcare,Family,RBC,CAD
2026-04-01,Canada Child Benefit,Canada Child Benefit income deposit,5366.02,Income,Family,RBC,CAD
2026-04-01,Shoppers Drug Mart,Shoppers Drug Mart debit transaction,-22.58,Healthcare,Family,RBC,CAD
2026-04-02,Property Tax,Property Tax debit transaction,-2924.83,Housing,Family,RBC,CAD
2026-04-04,Tim Hortons,Tim Hortons purchase,-18.08,Coffee,Family,RBC,CAD
2026-04-05,School Lunch Program,School Lunch Program debit transaction,-212.38,Childcare,Family,RBC,CAD
2026-04-07,Uber Eats,Uber Eats debit transaction,-107.42,Dining,Family,RBC,CAD
2026-04-08,Shell,Shell debit transaction,-98.51,Transportation,Family,RBC,CAD
2026-04-09,LifeLabs,Healthcare payment - LifeLabs,-293.94,Healthcare,Family,RBC,CAD
2026-04-09,Loblaws,Loblaws debit transaction,-361.45,Groceries,Family,RBC,CAD
2026-04-10,Hydro One,RBC card transaction at Hydro One,-223.47,Utilities,Family,RBC,CAD
2026-04-12,Canadian Tire Gas,Canadian Tire Gas debit transaction,-117.07,Transportation,Family,RBC,CAD
2026-04-12,Starbucks,Coffee payment - Starbucks,-14.76,Coffee,Family,RBC,CAD
2026-04-15,Disney+,Disney+ debit transaction,-13.94,Subscriptions,Family,RBC,CAD
2026-04-16,Starbucks,Starbucks purchase,-15.03,Coffee,Family,RBC,CAD
2026-04-18,Auto Insurance,Insurance payment - Auto Insurance,-177.22,Insurance,Family,RBC,CAD
2026-04-18,Dental Clinic,Healthcare payment - Dental Clinic,-261.9,Healthcare,Family,RBC,CAD
2026-04-18,Netflix,Netflix purchase,-11.59,Subscriptions,Family,RBC,CAD
2026-04-18,Payroll Deposit,Direct deposit from Payroll Deposit,6863.65,Income,Family,RBC,CAD
2026-04-24,TFSA Transfer,Savings/Investments payment - TFSA Transfer,-1000.35,Savings/Investments,Family,RBC,CAD
2026-04-26,RESP Transfer,Savings/Investments payment - RESP Transfer,-912.56,Savings/Investments,Family,RBC,CAD
2026-04-27,LifeLabs,RBC card transaction at LifeLabs,-391.61,Healthcare,Family,RBC,CAD
2026-04-27,Tim Hortons,Coffee payment - Tim Hortons,-15.09,Coffee,Family,RBC,CAD
2026-04-28,Boston Pizza,Boston Pizza purchase,-160.9,Dining,Family,RBC,CAD
2026-04-29,Loblaws,Groceries payment - Loblaws,-348.71,Groceries,Family,RBC,CAD
2026-05-01,Canada Child Benefit,Canada Child Benefit income deposit,7925.62,Income,Family,RBC,CAD
2026-05-02,Mortgage Payment,Housing payment - Mortgage Payment,-3845.39,Housing,Family,RBC,CAD
2026-05-04,Tim Hortons,Tim Hortons debit transaction,-5.1,Coffee,Family,RBC,CAD
2026-05-05,Petro Canada,Transportation payment - Petro Canada,-181.81,Transportation,Family,RBC,CAD
2026-05-05,Tim Hortons,Coffee payment - Tim Hortons,-24.33,Coffee,Family,RBC,CAD
2026-05-05,YMCA Childcare,YMCA Childcare purchase,-263.5,Childcare,Family,RBC,CAD
2026-05-06,Costco,RBC card transaction at Costco,-122.77,Groceries,Family,RBC,CAD
2026-05-07,Dental Clinic,Dental Clinic purchase,-159.52,Healthcare,Family,RBC,CAD
2026-05-07,Petro Canada,Petro Canada purchase,-210.55,Transportation,Family,RBC,CAD
2026-05-10,Hydro One,Hydro One purchase,-378.8,Utilities,Family,RBC,CAD
2026-05-11,Walmart Grocery,Walmart Grocery purchase,-296.91,Groceries,Family,RBC,CAD
2026-05-15,Spotify Family,Subscriptions payment - Spotify Family,-12.71,Subscriptions,Family,RBC,CAD
2026-05-15,Uber Eats,Uber Eats debit transaction,-132.22,Dining,Family,RBC,CAD
2026-05-16,LifeLabs,Healthcare payment - LifeLabs,-414.18,Healthcare,Family,RBC,CAD
2026-05-18,Manulife Insurance,RBC card transaction at Manulife Insurance,-117.95,Insurance,Family,RBC,CAD
2026-05-18,Starbucks,Coffee payment - Starbucks,-7.88,Coffee,Family,RBC,CAD
2026-05-20,Wealthsimple,Savings/Investments payment - Wealthsimple,-624.8,Savings/Investments,Family,RBC,CAD
2026-05-21,Dental Clinic,RBC card transaction at Dental Clinic,-286.78,Healthcare,Family,RBC,CAD
2026-05-25,Shoppers Drug Mart,Healthcare payment - Shoppers Drug Mart,-393.87,Healthcare,Family,RBC,CAD
2026-05-27,Tim Hortons,Tim Hortons debit transaction,-26.65,Coffee,Family,RBC,CAD
2026-05-28,Shoppers Drug Mart,Shoppers Drug Mart debit transaction,-180.44,Healthcare,Family,RBC,CAD
2026-06-01,Canada Child Benefit,Canada Child Benefit income deposit,6561.58,Income,Family,RBC,CAD
2026-06-01,Costco,RBC card transaction at Costco,-131.8,Groceries,Family,RBC,CAD
2026-06-02,Mortgage Payment,Housing payment - Mortgage Payment,-2146.75,Housing,Family,RBC,CAD
2026-06-02,Petro Canada,Petro Canada purchase,-44.87,Transportation,Family,RBC,CAD
2026-06-03,Uber Eats,RBC card transaction at Uber Eats,-77.68,Dining,Family,RBC,CAD
2026-06-04,Costco,Costco debit transaction,-163.15,Groceries,Family,RBC,CAD
2026-06-05,Kids & Company,Kids & Company debit transaction,-513.3,Childcare,Family,RBC,CAD
2026-06-05,Walmart Grocery,Groceries payment - Walmart Grocery,-311.93,Groceries,Family,RBC,CAD
2026-06-07,Loblaws,RBC card transaction at Loblaws,-344.85,Groceries,Family,RBC,CAD
2026-06-07,School Lunch Program,School Lunch Program purchase,-901.54,Childcare,Family,RBC,CAD
2026-06-07,Walmart Grocery,Groceries payment - Walmart Grocery,-292.21,Groceries,Family,RBC,CAD
2026-06-10,Disney+,RBC card transaction at Disney+,-33.86,Subscriptions,Family,RBC,CAD
2026-06-10,Rogers Mobile,Rogers Mobile debit transaction,-223.25,Utilities,Family,RBC,CAD
2026-06-10,School Lunch Program,School Lunch Program purchase,-645.74,Childcare,Family,RBC,CAD
2026-06-15,Spotify Family,Subscriptions payment - Spotify Family,-31.59,Subscriptions,Family,RBC,CAD
2026-06-18,Auto Insurance,Auto Insurance debit transaction,-279.17,Insurance,Family,RBC,CAD
2026-06-23,Petro Canada,Petro Canada debit transaction,-129.29,Transportation,Family,RBC,CAD
2026-06-26,Petro Canada,Petro Canada purchase,-53.59,Transportation,Family,RBC,CAD
2026-06-28,Hydro One,Hydro One debit transaction,-99.2,Utilities,Family,RBC,CAD
2026-07-01,Canada Child Benefit,Canada Child Benefit income deposit,7534.96,Income,Family,RBC,CAD
2026-07-02,Mortgage Payment,RBC card transaction at Mortgage Payment,-2964.26,Housing,Family,RBC,CAD
2026-07-03,Swiss Chalet,Dining payment - Swiss Chalet,-156.22,Dining,Family,RBC,CAD
2026-07-05,Kids & Company,Kids & Company purchase,-418.11,Childcare,Family,RBC,CAD
2026-07-07,Dental Clinic,Dental Clinic debit transaction,-218.2,Healthcare,Family,RBC,CAD
2026-07-10,Costco,Groceries payment - Costco,-240.48,Groceries,Family,RBC,CAD
2026-07-10,Enbridge Gas,Utilities payment - Enbridge Gas,-307.74,Utilities,Family,RBC,CAD
2026-07-10,Shoppers Drug Mart,RBC card transaction at Shoppers Drug Mart,-38.48,Healthcare,Family,RBC,CAD
2026-07-13,Shoppers Drug Mart,Shoppers Drug Mart debit transaction,-311.85,Healthcare,Family,RBC,CAD
2026-07-13,Uber Eats,RBC card transaction at Uber Eats,-153.79,Dining,Family,RBC,CAD
2026-07-14,Uber Eats,Dining payment - Uber Eats,-98.85,Dining,Family,RBC,CAD
2026-07-15,Disney+,Disney+ debit transaction,-19.53,Subscriptions,Family,RBC,CAD
2026-07-15,Wealthsimple,Wealthsimple debit transaction,-1115.05,Savings/Investments,Family,RBC,CAD
2026-07-18,Manulife Insurance,RBC card transaction at Manulife Insurance,-101.24,Insurance,Family,RBC,CAD
2026-07-19,Payroll Deposit,Direct deposit from Payroll Deposit,5585.65,Income,Family,RBC,CAD
2026-07-23,LifeLabs,LifeLabs debit transaction,-415.34,Healthcare,Family,RBC,CAD
2026-07-23,Shell,Shell debit transaction,-39.68,Transportation,Family,RBC,CAD
2026-07-26,Swiss Chalet,Swiss Chalet debit transaction,-39.02,Dining,Family,RBC,CAD
2026-07-27,Costco,RBC card transaction at Costco,-210.7,Groceries,Family,RBC,CAD
2026-07-29,Farm Boy,Farm Boy purchase,-284.04,Groceries,Family,RBC,CAD
2026-08-01,Disney+,Subscriptions payment - Disney+,-26.09,Subscriptions,Family,RBC,CAD
2026-08-01,Payroll Deposit,Direct deposit from Payroll Deposit,5611.28,Income,Family,RBC,CAD
2026-08-02,Mortgage Payment,RBC card transaction at Mortgage Payment,-3296.26,Housing,Family,RBC,CAD
2026-08-03,Shoppers Drug Mart,Shoppers Drug Mart purchase,-34.53,Healthcare,Family,RBC,CAD
2026-08-04,Dental Clinic,Dental Clinic purchase,-148.28,Healthcare,Family,RBC,CAD
2026-08-06,Shell,Shell purchase,-128.54,Transportation,Family,RBC,CAD
2026-08-07,Walmart Grocery,Groceries payment - Walmart Grocery,-227.95,Groceries,Family,RBC,CAD
2026-08-08,Canadian Tire Gas,Transportation payment - Canadian Tire Gas,-128.86,Transportation,Family,RBC,CAD
2026-08-08,Shell,Transportation payment - Shell,-123.63,Transportation,Family,RBC,CAD
2026-08-08,Sun Life,Sun Life debit transaction,-243.97,Insurance,Family,RBC,CAD
2026-08-09,Swiss Chalet,Dining payment - Swiss Chalet,-51.71,Dining,Family,RBC,CAD
2026-08-10,Enbridge Gas,Enbridge Gas purchase,-291.36,Utilities,Family,RBC,CAD
2026-08-12,Mortgage Payment,RBC card transaction at Mortgage Payment,-3071.44,Housing,Family,RBC,CAD
2026-08-15,Spotify Family,Spotify Family debit transaction,-26.86,Subscriptions,Family,RBC,CAD
2026-08-17,Costco,Costco debit transaction,-102.43,Groceries,Family,RBC,CAD
2026-08-17,Swiss Chalet,Swiss Chalet debit transaction,-93.79,Dining,Family,RBC,CAD
2026-08-18,Manulife Insurance,Insurance payment - Manulife Insurance,-233.57,Insurance,Family,RBC,CAD
2026-08-26,Starbucks,RBC card transaction at Starbucks,-24.63,Coffee,Family,RBC,CAD
2026-08-28,Shoppers Drug Mart,RBC card transaction at Shoppers Drug Mart,-384.54,Healthcare,Family,RBC,CAD
2026-08-29,Dental Clinic,RBC card transaction at Dental Clinic,-327.64,Healthcare,Family,RBC,CAD
2026-08-30,Canadian Tire Gas,Canadian Tire Gas purchase,-150.17,Transportation,Family,RBC,CAD
2026-09-01,Canada Child Benefit,Canada Child Benefit income deposit,9477.4,Income,Family,RBC,CAD
2026-09-02,Auto Insurance,RBC card transaction at Auto Insurance,-228.13,Insurance,Family,RBC,CAD
2026-09-02,Property Tax,Property Tax debit transaction,-3111.76,Housing,Family,RBC,CAD
2026-09-04,Farm Boy,Groceries payment - Farm Boy,-155.57,Groceries,Family,RBC,CAD
2026-09-04,Loblaws,Loblaws purchase,-333.98,Groceries,Family,RBC,CAD
2026-09-05,YMCA Childcare,RBC card transaction at YMCA Childcare,-285.63,Childcare,Family,RBC,CAD
2026-09-06,Netflix,Netflix debit transaction,-12.68,Subscriptions,Family,RBC,CAD
2026-09-10,Enbridge Gas,Enbridge Gas debit transaction,-224.54,Utilities,Family,RBC,CAD
2026-09-12,Tim Hortons,Tim Hortons purchase,-13.15,Coffee,Family,RBC,CAD
2026-09-13,Boston Pizza,Boston Pizza debit transaction,-150.19,Dining,Family,RBC,CAD
2026-09-14,Farm Boy,RBC card transaction at Farm Boy,-300.2,Groceries,Family,RBC,CAD
2026-09-14,Swiss Chalet,RBC card transaction at Swiss Chalet,-39.3,Dining,Family,RBC,CAD
2026-09-15,Disney+,Disney+ purchase,-13.39,Subscriptions,Family,RBC,CAD
2026-09-16,Boston Pizza,Boston Pizza purchase,-124.09,Dining,Family,RBC,CAD
2026-09-18,Auto Insurance,Auto Insurance purchase,-216.46,Insurance,Family,RBC,CAD
2026-09-19,Payroll Deposit,Direct deposit from Payroll Deposit,8183.16,Income,Family,RBC,CAD
2026-09-19,School Lunch Program,RBC card transaction at School Lunch Program,-755.06,Childcare,Family,RBC,CAD
2026-09-20,TFSA Transfer,Savings/Investments payment - TFSA Transfer,-797.28,Savings/Investments,Family,RBC,CAD
2026-09-22,Loblaws,Groceries payment - Loblaws,-286.18,Groceries,Family,RBC,CAD
2026-09-23,Canadian Tire Gas,Canadian Tire Gas debit transaction,-135.7,Transportation,Family,RBC,CAD
2026-09-26,Mortgage Payment,Housing payment - Mortgage Payment,-2962.96,Housing,Family,RBC,CAD
2026-09-26,Uber Eats,Uber Eats debit transaction,-106.6,Dining,Family,RBC,CAD
2026-09-28,Swiss Chalet,Swiss Chalet debit transaction,-148.21,Dining,Family,RBC,CAD
2026-10-01,Bell Internet,RBC card transaction at Bell Internet,-293.76,Utilities,Family,RBC,CAD
2026-10-01,Canada Child Benefit,Canada Child Benefit income deposit,6563.37,Income,Family,RBC,CAD
2026-10-02,Mortgage Payment,Mortgage Payment debit transaction,-3513.63,Housing,Family,RBC,CAD
2026-10-02,Swiss Chalet,RBC card transaction at Swiss Chalet,-170.43,Dining,Family,RBC,CAD
2026-10-03,Tim Hortons,Tim Hortons purchase,-24.35,Coffee,Family,RBC,CAD
2026-10-05,Kids & Company,Childcare payment - Kids & Company,-768.34,Childcare,Family,RBC,CAD
2026-10-10,Enbridge Gas,Enbridge Gas purchase,-121.99,Utilities,Family,RBC,CAD
2026-10-12,Boston Pizza,Boston Pizza debit transaction,-195.19,Dining,Family,RBC,CAD
2026-10-13,Canadian Tire Gas,Canadian Tire Gas purchase,-146.02,Transportation,Family,RBC,CAD
2026-10-15,Netflix,Netflix purchase,-25.85,Subscriptions,Family,RBC,CAD
2026-10-16,Tim Hortons,Tim Hortons debit transaction,-18.15,Coffee,Family,RBC,CAD
2026-10-18,Boston Pizza,Dining payment - Boston Pizza,-96.18,Dining,Family,RBC,CAD
2026-10-18,Manulife Insurance,Manulife Insurance debit transaction,-124.43,Insurance,Family,RBC,CAD
2026-10-19,Starbucks,RBC card transaction at Starbucks,-24.95,Coffee,Family,RBC,CAD
2026-10-20,Kids & Company,Kids & Company purchase,-228.0,Childcare,Family,RBC,CAD
2026-10-20,RESP Transfer,RESP Transfer purchase,-120.46,Savings/Investments,Family,RBC,CAD
2026-10-21,Petro Canada,Petro Canada purchase,-49.36,Transportation,Family,RBC,CAD
2026-10-23,Swiss Chalet,Swiss Chalet debit transaction,-80.83,Dining,Family,RBC,CAD
2026-10-23,Uber Eats,Uber Eats debit transaction,-126.5,Dining,Family,RBC,CAD
2026-10-26,Tim Hortons,Tim Hortons purchase,-17.29,Coffee,Family,RBC,CAD
2026-10-30,Costco,RBC card transaction at Costco,-122.43,Groceries,Family,RBC,CAD
2026-10-31,Walmart Grocery,Walmart Grocery purchase,-187.81,Groceries,Family,RBC,CAD
2026-11-01,Payroll Deposit,Direct deposit from Payroll Deposit,9525.93,Income,Family,RBC,CAD
2026-11-02,Mortgage Payment,RBC card transaction at Mortgage Payment,-2771.17,Housing,Family,RBC,CAD
2026-11-05,Kids & Company,RBC card transaction at Kids & Company,-493.2,Childcare,Family,RBC,CAD
2026-11-05,Walmart Grocery,Walmart Grocery purchase,-129.38,Groceries,Family,RBC,CAD
2026-11-06,Hydro One,Hydro One purchase,-185.96,Utilities,Family,RBC,CAD
2026-11-08,Bell Internet,Utilities payment - Bell Internet,-317.5,Utilities,Family,RBC,CAD
2026-11-09,Petro Canada,RBC card transaction at Petro Canada,-84.25,Transportation,Family,RBC,CAD
2026-11-10,Bell Internet,Utilities payment - Bell Internet,-310.62,Utilities,Family,RBC,CAD
2026-11-11,Starbucks,Coffee payment - Starbucks,-13.61,Coffee,Family,RBC,CAD
2026-11-12,Farm Boy,Farm Boy debit transaction,-239.66,Groceries,Family,RBC,CAD
2026-11-12,Shell,Shell purchase,-190.68,Transportation,Family,RBC,CAD
2026-11-15,Spotify Family,RBC card transaction at Spotify Family,-22.67,Subscriptions,Family,RBC,CAD
2026-11-18,Auto Insurance,Insurance payment - Auto Insurance,-182.95,Insurance,Family,RBC,CAD
2026-11-19,Shell,Shell purchase,-248.46,Transportation,Family,RBC,CAD
2026-11-21,Costco,Costco debit transaction,-305.92,Groceries,Family,RBC,CAD
2026-11-21,Farm Boy,Groceries payment - Farm Boy,-127.22,Groceries,Family,RBC,CAD
2026-11-22,Spotify Family,Spotify Family debit transaction,-30.61,Subscriptions,Family,RBC,CAD
2026-11-24,Shell,Transportation payment - Shell,-157.12,Transportation,Family,RBC,CAD
2026-11-26,Petro Canada,Petro Canada debit transaction,-116.42,Transportation,Family,RBC,CAD
2026-11-26,Uber Eats,RBC card transaction at Uber Eats,-121.59,Dining,Family,RBC,CAD
2026-12-01,Payroll Deposit,Payroll Deposit income deposit,8212.61,Income,Family,RBC,CAD
2026-12-02,Property Tax,RBC card transaction at Property Tax,-4006.35,Housing,Family,RBC,CAD
2026-12-02,Starbucks,Coffee payment - Starbucks,-10.26,Coffee,Family,RBC,CAD
2026-12-05,Kids & Company,Kids & Company purchase,-568.73,Childcare,Family,RBC,CAD
2026-12-06,Canadian Tire Gas,RBC card transaction at Canadian Tire Gas,-125.2,Transportation,Family,RBC,CAD
2026-12-06,Swiss Chalet,Dining payment - Swiss Chalet,-170.0,Dining,Family,RBC,CAD
2026-12-09,Uber Eats,RBC card transaction at Uber Eats,-77.67,Dining,Family,RBC,CAD
2026-12-10,Hydro One,RBC card transaction at Hydro One,-188.5,Utilities,Family,RBC,CAD
2026-12-15,Spotify Family,Subscriptions payment - Spotify Family,-32.67,Subscriptions,Family,RBC,CAD
2026-12-16,Tim Hortons,RBC card transaction at Tim Hortons,-17.06,Coffee,Family,RBC,CAD
2026-12-18,Auto Insurance,Auto Insurance debit transaction,-247.98,Insurance,Family,RBC,CAD
2026-12-18,Uber Eats,Uber Eats debit transaction,-149.96,Dining,Family,RBC,CAD
2026-12-23,Netflix,Netflix purchase,-17.5,Subscriptions,Family,RBC,CAD
2026-12-25,Canadian Tire Gas,Canadian Tire Gas debit transaction,-206.24,Transportation,Family,RBC,CAD
2026-12-26,Disney+,Disney+ debit transaction,-24.01,Subscriptions,Family,RBC,CAD
2026-12-27,Farm Boy,Groceries payment - Farm Boy,-153.38,Groceries,Family,RBC,CAD
2026-12-27,Farm Boy,RBC card transaction at Farm Boy,-255.98,Groceries,Family,RBC,CAD
2024-01-01,Payroll Deposit,Payroll Deposit income deposit,8463.54,Income,Family,Scotiabank,CAD
2024-01-02,Mortgage Payment,Mortgage Payment debit transaction,-2750.58,Housing,Family,Scotiabank,CAD
2024-01-05,Boston Pizza,Dining payment - Boston Pizza,-180.27,Dining,Family,Scotiabank,CAD
2024-01-08,Canadian Tire Gas,Canadian Tire Gas debit transaction,-64.96,Transportation,Family,Scotiabank,CAD
2024-01-10,Hydro One,Scotiabank card transaction at Hydro One,-358.16,Utilities,Family,Scotiabank,CAD
2024-01-10,Rogers Mobile,Rogers Mobile debit transaction,-348.14,Utilities,Family,Scotiabank,CAD
2024-01-11,Auto Insurance,Auto Insurance purchase,-86.65,Insurance,Family,Scotiabank,CAD
2024-01-11,Swiss Chalet,Swiss Chalet purchase,-120.72,Dining,Family,Scotiabank,CAD
2024-01-13,Tim Hortons,Scotiabank card transaction at Tim Hortons,-18.35,Coffee,Family,Scotiabank,CAD
2024-01-16,Petro Canada,Transportation payment - Petro Canada,-40.41,Transportation,Family,Scotiabank,CAD
2024-01-18,Manulife Insurance,Scotiabank card transaction at Manulife Insurance,-228.48,Insurance,Family,Scotiabank,CAD
2024-01-19,Canadian Tire Gas,Transportation payment - Canadian Tire Gas,-57.21,Transportation,Family,Scotiabank,CAD
2024-01-20,Farm Boy,Groceries payment - Farm Boy,-364.29,Groceries,Family,Scotiabank,CAD
2024-01-20,Wealthsimple,Scotiabank card transaction at Wealthsimple,-452.52,Savings/Investments,Family,Scotiabank,CAD
2024-01-23,Shell,Scotiabank card transaction at Shell,-118.81,Transportation,Family,Scotiabank,CAD
2024-01-24,Farm Boy,Scotiabank card transaction at Farm Boy,-83.14,Groceries,Family,Scotiabank,CAD
2024-01-25,Canadian Tire Gas,Canadian Tire Gas debit transaction,-62.49,Transportation,Family,Scotiabank,CAD
2024-01-26,Boston Pizza,Scotiabank card transaction at Boston Pizza,-131.66,Dining,Family,Scotiabank,CAD
2024-01-28,Loblaws,Loblaws purchase,-166.44,Groceries,Family,Scotiabank,CAD
2024-01-29,School Lunch Program,Childcare payment - School Lunch Program,-527.87,Childcare,Family,Scotiabank,CAD
2024-01-30,Walmart Grocery,Scotiabank card transaction at Walmart Grocery,-101.85,Groceries,Family,Scotiabank,CAD
2024-01-31,Kids & Company,Kids & Company debit transaction,-880.43,Childcare,Family,Scotiabank,CAD
2024-02-01,Payroll Deposit,Payroll Deposit income deposit,7485.94,Income,Family,Scotiabank,CAD
2024-02-02,Mortgage Payment,Housing payment - Mortgage Payment,-2248.3,Housing,Family,Scotiabank,CAD
2024-02-03,Costco,Costco purchase,-390.98,Groceries,Family,Scotiabank,CAD
2024-02-03,Starbucks,Coffee payment - Starbucks,-11.36,Coffee,Family,Scotiabank,CAD
2024-02-05,School Lunch Program,Scotiabank card transaction at School Lunch Program,-1060.43,Childcare,Family,Scotiabank,CAD
2024-02-09,Swiss Chalet,Scotiabank card transaction at Swiss Chalet,-175.41,Dining,Family,Scotiabank,CAD
2024-02-10,Bell Internet,Bell Internet debit transaction,-140.55,Utilities,Family,Scotiabank,CAD
2024-02-11,Dental Clinic,Healthcare payment - Dental Clinic,-218.37,Healthcare,Family,Scotiabank,CAD
2024-02-12,Netflix,Netflix debit transaction,-15.17,Subscriptions,Family,Scotiabank,CAD
2024-02-15,Disney+,Disney+ debit transaction,-10.46,Subscriptions,Family,Scotiabank,CAD
2024-02-15,Tim Hortons,Tim Hortons debit transaction,-14.24,Coffee,Family,Scotiabank,CAD
2024-02-18,Auto Insurance,Scotiabank card transaction at Auto Insurance,-256.86,Insurance,Family,Scotiabank,CAD
2024-02-20,Loblaws,Scotiabank card transaction at Loblaws,-95.89,Groceries,Family,Scotiabank,CAD
2024-02-20,TFSA Transfer,Savings/Investments payment - TFSA Transfer,-717.52,Savings/Investments,Family,Scotiabank,CAD
2024-02-26,LifeLabs,Scotiabank card transaction at LifeLabs,-245.41,Healthcare,Family,Scotiabank,CAD
2024-02-27,Loblaws,Scotiabank card transaction at Loblaws,-188.58,Groceries,Family,Scotiabank,CAD
2024-02-28,LifeLabs,LifeLabs purchase,-62.79,Healthcare,Family,Scotiabank,CAD
2024-02-29,Uber Eats,Uber Eats purchase,-158.67,Dining,Family,Scotiabank,CAD
2024-03-01,Canada Child Benefit,Canada Child Benefit income deposit,8728.45,Income,Family,Scotiabank,CAD
2024-03-01,Farm Boy,Scotiabank card transaction at Farm Boy,-409.11,Groceries,Family,Scotiabank,CAD
2024-03-02,Canada Child Benefit,Direct deposit from Canada Child Benefit,5564.52,Income,Family,Scotiabank,CAD
2024-03-02,Mortgage Payment,Mortgage Payment debit transaction,-2933.61,Housing,Family,Scotiabank,CAD
2024-03-05,School Lunch Program,School Lunch Program debit transaction,-835.91,Childcare,Family,Scotiabank,CAD
2024-03-07,Rogers Mobile,Rogers Mobile debit transaction,-371.98,Utilities,Family,Scotiabank,CAD
2024-03-09,Petro Canada,Transportation payment - Petro Canada,-238.06,Transportation,Family,Scotiabank,CAD
2024-03-10,Rogers Mobile,Rogers Mobile purchase,-82.64,Utilities,Family,Scotiabank,CAD
2024-03-14,Petro Canada,Petro Canada purchase,-64.23,Transportation,Family,Scotiabank,CAD
2024-03-15,Disney+,Disney+ purchase,-25.84,Subscriptions,Family,Scotiabank,CAD
2024-03-18,Auto Insurance,Insurance payment - Auto Insurance,-251.08,Insurance,Family,Scotiabank,CAD
2024-03-21,Canadian Tire Gas,Canadian Tire Gas debit transaction,-36.58,Transportation,Family,Scotiabank,CAD
2024-03-21,Costco,Costco purchase,-151.3,Groceries,Family,Scotiabank,CAD
2024-03-23,Dental Clinic,Healthcare payment - Dental Clinic,-153.15,Healthcare,Family,Scotiabank,CAD
2024-03-23,Swiss Chalet,Swiss Chalet debit transaction,-144.13,Dining,Family,Scotiabank,CAD
2024-03-27,Payroll Deposit,Payroll Deposit income deposit,9070.85,Income,Family,Scotiabank,CAD
2024-03-27,Uber Eats,Dining payment - Uber Eats,-50.95,Dining,Family,Scotiabank,CAD
2024-03-29,Starbucks,Scotiabank card transaction at Starbucks,-20.16,Coffee,Family,Scotiabank,CAD
2024-04-01,Payroll Deposit,Direct deposit from Payroll Deposit,6171.72,Income,Family,Scotiabank,CAD
2024-04-02,Property Tax,Property Tax debit transaction,-3736.4,Housing,Family,Scotiabank,CAD
2024-04-05,School Lunch Program,Childcare payment - School Lunch Program,-476.6,Childcare,Family,Scotiabank,CAD
2024-04-08,Tim Hortons,Coffee payment - Tim Hortons,-18.51,Coffee,Family,Scotiabank,CAD
2024-04-09,Boston Pizza,Boston Pizza purchase,-183.75,Dining,Family,Scotiabank,CAD
2024-04-10,Bell Internet,Scotiabank card transaction at Bell Internet,-302.43,Utilities,Family,Scotiabank,CAD
2024-04-11,Boston Pizza,Dining payment - Boston Pizza,-154.7,Dining,Family,Scotiabank,CAD
2024-04-11,Canadian Tire Gas,Canadian Tire Gas purchase,-138.96,Transportation,Family,Scotiabank,CAD
2024-04-15,Spotify Family,Spotify Family purchase,-19.46,Subscriptions,Family,Scotiabank,CAD
2024-04-17,Disney+,Subscriptions payment - Disney+,-31.04,Subscriptions,Family,Scotiabank,CAD
2024-04-17,Farm Boy,Farm Boy purchase,-265.67,Groceries,Family,Scotiabank,CAD
2024-04-17,Loblaws,Scotiabank card transaction at Loblaws,-329.52,Groceries,Family,Scotiabank,CAD
2024-04-18,Sun Life,Sun Life debit transaction,-356.19,Insurance,Family,Scotiabank,CAD
2024-04-19,Petro Canada,Petro Canada purchase,-190.11,Transportation,Family,Scotiabank,CAD
2024-04-20,RESP Transfer,Scotiabank card transaction at RESP Transfer,-1115.79,Savings/Investments,Family,Scotiabank,CAD
2024-04-21,Canadian Tire Gas,Canadian Tire Gas debit transaction,-242.2,Transportation,Family,Scotiabank,CAD
2024-04-22,Shell,Scotiabank card transaction at Shell,-246.5,Transportation,Family,Scotiabank,CAD
2024-04-22,Uber Eats,Scotiabank card transaction at Uber Eats,-187.17,Dining,Family,Scotiabank,CAD
2024-04-23,Starbucks,Starbucks purchase,-19.84,Coffee,Family,Scotiabank,CAD
2024-04-24,Payroll Deposit,Payroll Deposit income deposit,5619.14,Income,Family,Scotiabank,CAD
2024-04-24,RESP Transfer,RESP Transfer debit transaction,-1476.95,Savings/Investments,Family,Scotiabank,CAD
2024-04-25,Walmart Grocery,Walmart Grocery debit transaction,-409.51,Groceries,Family,Scotiabank,CAD
2024-04-27,Spotify Family,Spotify Family debit transaction,-16.65,Subscriptions,Family,Scotiabank,CAD
2024-04-28,RESP Transfer,RESP Transfer debit transaction,-963.88,Savings/Investments,Family,Scotiabank,CAD
2024-04-30,Shell,Scotiabank card transaction at Shell,-91.13,Transportation,Family,Scotiabank,CAD
2024-05-01,Loblaws,Loblaws purchase,-392.14,Groceries,Family,Scotiabank,CAD
2024-05-01,Payroll Deposit,Direct deposit from Payroll Deposit,9781.96,Income,Family,Scotiabank,CAD
2024-05-02,Mortgage Payment,Mortgage Payment debit transaction,-3674.09,Housing,Family,Scotiabank,CAD
2024-05-05,Kids & Company,Scotiabank card transaction at Kids & Company,-800.47,Childcare,Family,Scotiabank,CAD
2024-05-05,Shoppers Drug Mart,Shoppers Drug Mart debit transaction,-118.27,Healthcare,Family,Scotiabank,CAD
2024-05-10,Bell Internet,Bell Internet purchase,-160.34,Utilities,Family,Scotiabank,CAD
2024-05-12,LifeLabs,Healthcare payment - LifeLabs,-156.25,Healthcare,Family,Scotiabank,CAD
2024-05-13,Loblaws,Loblaws debit transaction,-255.42,Groceries,Family,Scotiabank,CAD
2024-05-15,Farm Boy,Groceries payment - Farm Boy,-111.93,Groceries,Family,Scotiabank,CAD
2024-05-15,Netflix,Scotiabank card transaction at Netflix,-20.6,Subscriptions,Family,Scotiabank,CAD
2024-05-15,Tim Hortons,Scotiabank card transaction at Tim Hortons,-14.62,Coffee,Family,Scotiabank,CAD
2024-05-16,Starbucks,Scotiabank card transaction at Starbucks,-19.0,Coffee,Family,Scotiabank,CAD
2024-05-16,Sun Life,Sun Life debit transaction,-203.69,Insurance,Family,Scotiabank,CAD
2024-05-16,Swiss Chalet,Swiss Chalet debit transaction,-102.88,Dining,Family,Scotiabank,CAD
2024-05-18,Loblaws,Scotiabank card transaction at Loblaws,-199.76,Groceries,Family,Scotiabank,CAD
2024-05-18,Manulife Insurance,Scotiabank card transaction at Manulife Insurance,-265.04,Insurance,Family,Scotiabank,CAD
2024-05-20,RESP Transfer,RESP Transfer debit transaction,-1165.54,Savings/Investments,Family,Scotiabank,CAD
2024-05-22,Boston Pizza,Boston Pizza purchase,-147.34,Dining,Family,Scotiabank,CAD
2024-05-24,Shell,Shell debit transaction,-85.45,Transportation,Family,Scotiabank,CAD
2024-05-30,Shell,Transportation payment - Shell,-105.89,Transportation,Family,Scotiabank,CAD
2024-05-31,Shell,Scotiabank card transaction at Shell,-188.48,Transportation,Family,Scotiabank,CAD
2024-06-01,Bell Internet,Scotiabank card transaction at Bell Internet,-190.23,Utilities,Family,Scotiabank,CAD
2024-06-01,Canada Child Benefit,Canada Child Benefit income deposit,9738.79,Income,Family,Scotiabank,CAD
2024-06-02,Costco,Groceries payment - Costco,-118.61,Groceries,Family,Scotiabank,CAD
2024-06-02,LifeLabs,Scotiabank card transaction at LifeLabs,-291.35,Healthcare,Family,Scotiabank,CAD
2024-06-02,Mortgage Payment,Mortgage Payment debit transaction,-4012.47,Housing,Family,Scotiabank,CAD
2024-06-03,Walmart Grocery,Walmart Grocery debit transaction,-222.15,Groceries,Family,Scotiabank,CAD
2024-06-05,Kids & Company,Childcare payment - Kids & Company,-608.45,Childcare,Family,Scotiabank,CAD
2024-06-05,Shell,Transportation payment - Shell,-82.76,Transportation,Family,Scotiabank,CAD
2024-06-07,Auto Insurance,Auto Insurance purchase,-100.97,Insurance,Family,Scotiabank,CAD
2024-06-08,Mortgage Payment,Mortgage Payment purchase,-2933.29,Housing,Family,Scotiabank,CAD
2024-06-10,Enbridge Gas,Enbridge Gas purchase,-203.99,Utilities,Family,Scotiabank,CAD
2024-06-11,Boston Pizza,Boston Pizza purchase,-111.58,Dining,Family,Scotiabank,CAD
2024-06-11,Payroll Deposit,Payroll Deposit income deposit,6535.63,Income,Family,Scotiabank,CAD
2024-06-13,Mortgage Payment,Housing payment - Mortgage Payment,-2146.59,Housing,Family,Scotiabank,CAD
2024-06-14,Dental Clinic,Dental Clinic debit transaction,-250.62,Healthcare,Family,Scotiabank,CAD
2024-06-14,Shell,Scotiabank card transaction at Shell,-194.45,Transportation,Family,Scotiabank,CAD
2024-06-15,Netflix,Netflix debit transaction,-27.36,Subscriptions,Family,Scotiabank,CAD
2024-06-17,Enbridge Gas,Scotiabank card transaction at Enbridge Gas,-319.94,Utilities,Family,Scotiabank,CAD
2024-06-18,Auto Insurance,Scotiabank card transaction at Auto Insurance,-356.49,Insurance,Family,Scotiabank,CAD
2024-06-20,Bell Internet,Scotiabank card transaction at Bell Internet,-254.62,Utilities,Family,Scotiabank,CAD
2024-06-23,Canadian Tire Gas,Scotiabank card transaction at Canadian Tire Gas,-90.87,Transportation,Family,Scotiabank,CAD
2024-06-25,Starbucks,Starbucks debit transaction,-7.48,Coffee,Family,Scotiabank,CAD
2024-06-26,Canada Child Benefit,Direct deposit from Canada Child Benefit,8058.88,Income,Family,Scotiabank,CAD
2024-06-26,Petro Canada,Scotiabank card transaction at Petro Canada,-165.64,Transportation,Family,Scotiabank,CAD
2024-06-26,Tim Hortons,Coffee payment - Tim Hortons,-23.38,Coffee,Family,Scotiabank,CAD
2024-06-30,Kids & Company,Childcare payment - Kids & Company,-478.5,Childcare,Family,Scotiabank,CAD
2024-06-30,Shell,Scotiabank card transaction at Shell,-118.47,Transportation,Family,Scotiabank,CAD
2024-06-30,Starbucks,Starbucks purchase,-27.0,Coffee,Family,Scotiabank,CAD
2024-07-01,Canada Child Benefit,Direct deposit from Canada Child Benefit,9560.98,Income,Family,Scotiabank,CAD
2024-07-01,Tim Hortons,Tim Hortons purchase,-26.99,Coffee,Family,Scotiabank,CAD
2024-07-02,Property Tax,Property Tax debit transaction,-4107.2,Housing,Family,Scotiabank,CAD
2024-07-02,Swiss Chalet,Swiss Chalet debit transaction,-137.2,Dining,Family,Scotiabank,CAD
2024-07-04,Disney+,Disney+ purchase,-34.53,Subscriptions,Family,Scotiabank,CAD
2024-07-05,Canadian Tire Gas,Canadian Tire Gas debit transaction,-192.78,Transportation,Family,Scotiabank,CAD
2024-07-05,Kids & Company,Kids & Company purchase,-953.1,Childcare,Family,Scotiabank,CAD
2024-07-09,Swiss Chalet,Scotiabank card transaction at Swiss Chalet,-142.03,Dining,Family,Scotiabank,CAD
2024-07-10,Hydro One,Hydro One debit transaction,-313.19,Utilities,Family,Scotiabank,CAD
2024-07-15,Netflix,Netflix debit transaction,-32.11,Subscriptions,Family,Scotiabank,CAD
2024-07-17,Boston Pizza,Dining payment - Boston Pizza,-206.53,Dining,Family,Scotiabank,CAD
2024-07-18,Sun Life,Sun Life purchase,-123.68,Insurance,Family,Scotiabank,CAD
2024-07-19,Bell Internet,Scotiabank card transaction at Bell Internet,-139.71,Utilities,Family,Scotiabank,CAD
2024-07-19,Shell,Transportation payment - Shell,-211.22,Transportation,Family,Scotiabank,CAD
2024-07-19,Tim Hortons,Tim Hortons purchase,-25.96,Coffee,Family,Scotiabank,CAD
2024-07-20,Wealthsimple,Savings/Investments payment - Wealthsimple,-766.71,Savings/Investments,Family,Scotiabank,CAD
2024-07-22,Tim Hortons,Tim Hortons purchase,-14.21,Coffee,Family,Scotiabank,CAD
2024-07-24,Canadian Tire Gas,Canadian Tire Gas purchase,-201.64,Transportation,Family,Scotiabank,CAD
2024-07-25,Tim Hortons,Tim Hortons purchase,-14.93,Coffee,Family,Scotiabank,CAD
2024-07-29,Starbucks,Starbucks purchase,-20.9,Coffee,Family,Scotiabank,CAD
2024-07-31,Loblaws,Loblaws debit transaction,-130.89,Groceries,Family,Scotiabank,CAD
2024-08-01,Canada Child Benefit,Direct deposit from Canada Child Benefit,6651.56,Income,Family,Scotiabank,CAD
2024-08-01,School Lunch Program,School Lunch Program purchase,-766.05,Childcare,Family,Scotiabank,CAD
2024-08-01,Swiss Chalet,Dining payment - Swiss Chalet,-93.68,Dining,Family,Scotiabank,CAD
2024-08-02,Loblaws,Groceries payment - Loblaws,-145.8,Groceries,Family,Scotiabank,CAD
2024-08-02,Property Tax,Property Tax debit transaction,-3729.43,Housing,Family,Scotiabank,CAD
2024-08-03,Boston Pizza,Boston Pizza purchase,-106.17,Dining,Family,Scotiabank,CAD
2024-08-03,Spotify Family,Subscriptions payment - Spotify Family,-25.89,Subscriptions,Family,Scotiabank,CAD
2024-08-05,YMCA Childcare,Scotiabank card transaction at YMCA Childcare,-293.35,Childcare,Family,Scotiabank,CAD
2024-08-06,Shell,Transportation payment - Shell,-110.59,Transportation,Family,Scotiabank,CAD
2024-08-09,Boston Pizza,Dining payment - Boston Pizza,-158.15,Dining,Family,Scotiabank,CAD
2024-08-10,Rogers Mobile,Rogers Mobile purchase,-367.18,Utilities,Family,Scotiabank,CAD
2024-08-10,Sun Life,Insurance payment - Sun Life,-76.5,Insurance,Family,Scotiabank,CAD
2024-08-14,Canadian Tire Gas,Scotiabank card transaction at Canadian Tire Gas,-133.99,Transportation,Family,Scotiabank,CAD
2024-08-15,Spotify Family,Scotiabank card transaction at Spotify Family,-10.35,Subscriptions,Family,Scotiabank,CAD
2024-08-16,Spotify Family,Spotify Family debit transaction,-22.79,Subscriptions,Family,Scotiabank,CAD
2024-08-18,RESP Transfer,RESP Transfer debit transaction,-936.4,Savings/Investments,Family,Scotiabank,CAD
2024-08-18,Sun Life,Insurance payment - Sun Life,-286.94,Insurance,Family,Scotiabank,CAD
2024-08-20,Wealthsimple,Scotiabank card transaction at Wealthsimple,-724.86,Savings/Investments,Family,Scotiabank,CAD
2024-08-21,Starbucks,Scotiabank card transaction at Starbucks,-10.55,Coffee,Family,Scotiabank,CAD
2024-08-23,Loblaws,Loblaws purchase,-406.4,Groceries,Family,Scotiabank,CAD
2024-08-24,Farm Boy,Groceries payment - Farm Boy,-348.36,Groceries,Family,Scotiabank,CAD
2024-08-28,Tim Hortons,Coffee payment - Tim Hortons,-19.25,Coffee,Family,Scotiabank,CAD
2024-08-31,Auto Insurance,Insurance payment - Auto Insurance,-175.85,Insurance,Family,Scotiabank,CAD
2024-08-31,Payroll Deposit,Direct deposit from Payroll Deposit,8918.76,Income,Family,Scotiabank,CAD
2024-08-31,Starbucks,Starbucks purchase,-16.08,Coffee,Family,Scotiabank,CAD
2024-09-01,Canada Child Benefit,Direct deposit from Canada Child Benefit,9772.43,Income,Family,Scotiabank,CAD
2024-09-02,Mortgage Payment,Mortgage Payment purchase,-4036.26,Housing,Family,Scotiabank,CAD
2024-09-03,Canadian Tire Gas,Scotiabank card transaction at Canadian Tire Gas,-160.14,Transportation,Family,Scotiabank,CAD
2024-09-05,Kids & Company,Kids & Company purchase,-581.86,Childcare,Family,Scotiabank,CAD
2024-09-06,Auto Insurance,Scotiabank card transaction at Auto Insurance,-117.55,Insurance,Family,Scotiabank,CAD
2024-09-07,Tim Hortons,Coffee payment - Tim Hortons,-6.71,Coffee,Family,Scotiabank,CAD
2024-09-08,Shell,Shell debit transaction,-115.07,Transportation,Family,Scotiabank,CAD
2024-09-09,Property Tax,Housing payment - Property Tax,-3768.68,Housing,Family,Scotiabank,CAD
2024-09-10,Bell Internet,Bell Internet debit transaction,-269.26,Utilities,Family,Scotiabank,CAD
2024-09-11,Swiss Chalet,Dining payment - Swiss Chalet,-162.51,Dining,Family,Scotiabank,CAD
2024-09-15,Netflix,Subscriptions payment - Netflix,-21.68,Subscriptions,Family,Scotiabank,CAD
2024-09-18,Auto Insurance,Insurance payment - Auto Insurance,-223.2,Insurance,Family,Scotiabank,CAD
2024-09-18,Boston Pizza,Boston Pizza purchase,-174.11,Dining,Family,Scotiabank,CAD
2024-09-18,Loblaws,Scotiabank card transaction at Loblaws,-132.72,Groceries,Family,Scotiabank,CAD
2024-09-18,Petro Canada,Petro Canada purchase,-115.93,Transportation,Family,Scotiabank,CAD
2024-09-20,RESP Transfer,Savings/Investments payment - RESP Transfer,-1340.52,Savings/Investments,Family,Scotiabank,CAD
2024-09-22,Canadian Tire Gas,Scotiabank card transaction at Canadian Tire Gas,-53.72,Transportation,Family,Scotiabank,CAD
2024-09-23,Costco,Groceries payment - Costco,-167.43,Groceries,Family,Scotiabank,CAD
2024-09-23,Swiss Chalet,Dining payment - Swiss Chalet,-101.15,Dining,Family,Scotiabank,CAD
2024-09-26,Costco,Costco debit transaction,-254.3,Groceries,Family,Scotiabank,CAD
2024-09-26,Petro Canada,Petro Canada purchase,-54.07,Transportation,Family,Scotiabank,CAD
2024-09-28,Boston Pizza,Scotiabank card transaction at Boston Pizza,-146.3,Dining,Family,Scotiabank,CAD
2024-09-28,Tim Hortons,Tim Hortons purchase,-21.52,Coffee,Family,Scotiabank,CAD
2024-09-29,Loblaws,Groceries payment - Loblaws,-313.59,Groceries,Family,Scotiabank,CAD
2024-09-30,Mortgage Payment,Mortgage Payment purchase,-2463.54,Housing,Family,Scotiabank,CAD
2024-09-30,Starbucks,Coffee payment - Starbucks,-15.32,Coffee,Family,Scotiabank,CAD
2024-10-01,Payroll Deposit,Direct deposit from Payroll Deposit,7153.38,Income,Family,Scotiabank,CAD
2024-10-01,Rogers Mobile,Scotiabank card transaction at Rogers Mobile,-407.73,Utilities,Family,Scotiabank,CAD
2024-10-02,Property Tax,Property Tax purchase,-3698.33,Housing,Family,Scotiabank,CAD
2024-10-05,School Lunch Program,Scotiabank card transaction at School Lunch Program,-747.2,Childcare,Family,Scotiabank,CAD
2024-10-06,Canadian Tire Gas,Canadian Tire Gas purchase,-53.43,Transportation,Family,Scotiabank,CAD
2024-10-06,Canadian Tire Gas,Transportation payment - Canadian Tire Gas,-117.01,Transportation,Family,Scotiabank,CAD
2024-10-10,Hydro One,Hydro One debit transaction,-198.33,Utilities,Family,Scotiabank,CAD
2024-10-11,Costco,Costco purchase,-111.14,Groceries,Family,Scotiabank,CAD
2024-10-12,Canadian Tire Gas,Transportation payment - Canadian Tire Gas,-191.79,Transportation,Family,Scotiabank,CAD
2024-10-15,Disney+,Scotiabank card transaction at Disney+,-30.79,Subscriptions,Family,Scotiabank,CAD
2024-10-18,Sun Life,Scotiabank card transaction at Sun Life,-256.48,Insurance,Family,Scotiabank,CAD
2024-10-20,Farm Boy,Groceries payment - Farm Boy,-234.02,Groceries,Family,Scotiabank,CAD
2024-10-20,RESP Transfer,Savings/Investments payment - RESP Transfer,-1094.66,Savings/Investments,Family,Scotiabank,CAD
2024-10-21,Loblaws,Scotiabank card transaction at Loblaws,-220.18,Groceries,Family,Scotiabank,CAD
2024-10-22,Shell,Shell debit transaction,-193.25,Transportation,Family,Scotiabank,CAD
2024-10-22,Swiss Chalet,Dining payment - Swiss Chalet,-43.92,Dining,Family,Scotiabank,CAD
2024-10-24,Canadian Tire Gas,Canadian Tire Gas debit transaction,-255.75,Transportation,Family,Scotiabank,CAD
2024-10-26,Canadian Tire Gas,Transportation payment - Canadian Tire Gas,-95.53,Transportation,Family,Scotiabank,CAD
2024-11-01,Canada Child Benefit,Direct deposit from Canada Child Benefit,5458.32,Income,Family,Scotiabank,CAD
2024-11-02,Canadian Tire Gas,Scotiabank card transaction at Canadian Tire Gas,-152.22,Transportation,Family,Scotiabank,CAD
2024-11-02,Property Tax,Housing payment - Property Tax,-3731.43,Housing,Family,Scotiabank,CAD
2024-11-02,YMCA Childcare,Scotiabank card transaction at YMCA Childcare,-222.18,Childcare,Family,Scotiabank,CAD
2024-11-05,YMCA Childcare,YMCA Childcare purchase,-625.2,Childcare,Family,Scotiabank,CAD
2024-11-08,Loblaws,Groceries payment - Loblaws,-398.73,Groceries,Family,Scotiabank,CAD
2024-11-10,Rogers Mobile,Utilities payment - Rogers Mobile,-261.41,Utilities,Family,Scotiabank,CAD
2024-11-12,Costco,Costco debit transaction,-229.87,Groceries,Family,Scotiabank,CAD
2024-11-15,Disney+,Scotiabank card transaction at Disney+,-16.64,Subscriptions,Family,Scotiabank,CAD
2024-11-16,Sun Life,Sun Life debit transaction,-99.58,Insurance,Family,Scotiabank,CAD
2024-11-18,Sun Life,Insurance payment - Sun Life,-127.13,Insurance,Family,Scotiabank,CAD
2024-11-20,Auto Insurance,Insurance payment - Auto Insurance,-254.85,Insurance,Family,Scotiabank,CAD
2024-11-20,Wealthsimple,Savings/Investments payment - Wealthsimple,-413.65,Savings/Investments,Family,Scotiabank,CAD
2024-11-22,Uber Eats,Uber Eats debit transaction,-64.79,Dining,Family,Scotiabank,CAD
2024-11-23,Disney+,Scotiabank card transaction at Disney+,-22.01,Subscriptions,Family,Scotiabank,CAD
2024-11-23,YMCA Childcare,YMCA Childcare purchase,-174.82,Childcare,Family,Scotiabank,CAD
2024-11-24,Canadian Tire Gas,Transportation payment - Canadian Tire Gas,-151.15,Transportation,Family,Scotiabank,CAD
2024-11-25,Auto Insurance,Scotiabank card transaction at Auto Insurance,-131.78,Insurance,Family,Scotiabank,CAD
2024-11-26,Costco,Scotiabank card transaction at Costco,-111.59,Groceries,Family,Scotiabank,CAD
2024-11-26,Dental Clinic,Scotiabank card transaction at Dental Clinic,-179.89,Healthcare,Family,Scotiabank,CAD
2024-11-26,Shell,Transportation payment - Shell,-102.77,Transportation,Family,Scotiabank,CAD
2024-11-27,LifeLabs,Scotiabank card transaction at LifeLabs,-403.55,Healthcare,Family,Scotiabank,CAD
2024-11-27,Shell,Scotiabank card transaction at Shell,-112.29,Transportation,Family,Scotiabank,CAD
2024-12-01,Payroll Deposit,Payroll Deposit income deposit,5868.64,Income,Family,Scotiabank,CAD
2024-12-02,Mortgage Payment,Scotiabank card transaction at Mortgage Payment,-3002.79,Housing,Family,Scotiabank,CAD
2024-12-02,Shell,Transportation payment - Shell,-197.72,Transportation,Family,Scotiabank,CAD
2024-12-10,Bell Internet,Bell Internet debit transaction,-358.29,Utilities,Family,Scotiabank,CAD
2024-12-13,Tim Hortons,Tim Hortons purchase,-21.61,Coffee,Family,Scotiabank,CAD
2024-12-14,Canadian Tire Gas,Canadian Tire Gas purchase,-147.52,Transportation,Family,Scotiabank,CAD
2024-12-15,Disney+,Subscriptions payment - Disney+,-26.57,Subscriptions,Family,Scotiabank,CAD
2024-12-16,Tim Hortons,Coffee payment - Tim Hortons,-8.13,Coffee,Family,Scotiabank,CAD
2024-12-18,Manulife Insurance,Manulife Insurance debit transaction,-120.08,Insurance,Family,Scotiabank,CAD
2024-12-20,TFSA Transfer,Scotiabank card transaction at TFSA Transfer,-544.76,Savings/Investments,Family,Scotiabank,CAD
2024-12-21,Netflix,Subscriptions payment - Netflix,-13.35,Subscriptions,Family,Scotiabank,CAD
2024-12-21,Shell,Scotiabank card transaction at Shell,-190.97,Transportation,Family,Scotiabank,CAD
2024-12-22,Property Tax,Housing payment - Property Tax,-3198.81,Housing,Family,Scotiabank,CAD
2024-12-27,Manulife Insurance,Scotiabank card transaction at Manulife Insurance,-211.95,Insurance,Family,Scotiabank,CAD
2024-12-29,Costco,Costco purchase,-110.78,Groceries,Family,Scotiabank,CAD
2025-01-01,Payroll Deposit,Payroll Deposit income deposit,5727.77,Income,Family,Scotiabank,CAD
2025-01-02,Kids & Company,Kids & Company debit transaction,-843.56,Childcare,Family,Scotiabank,CAD
2025-01-02,Mortgage Payment,Mortgage Payment purchase,-2967.59,Housing,Family,Scotiabank,CAD
2025-01-05,Canadian Tire Gas,Transportation payment - Canadian Tire Gas,-176.9,Transportation,Family,Scotiabank,CAD
2025-01-05,Walmart Grocery,Walmart Grocery purchase,-400.42,Groceries,Family,Scotiabank,CAD
2025-01-07,Dental Clinic,Scotiabank card transaction at Dental Clinic,-148.15,Healthcare,Family,Scotiabank,CAD
2025-01-08,Walmart Grocery,Walmart Grocery debit transaction,-112.17,Groceries,Family,Scotiabank,CAD
2025-01-10,Hydro One,Hydro One debit transaction,-111.46,Utilities,Family,Scotiabank,CAD
2025-01-10,Manulife Insurance,Scotiabank card transaction at Manulife Insurance,-304.12,Insurance,Family,Scotiabank,CAD
2025-01-10,Petro Canada,Scotiabank card transaction at Petro Canada,-106.93,Transportation,Family,Scotiabank,CAD
2025-01-15,Disney+,Disney+ purchase,-14.71,Subscriptions,Family,Scotiabank,CAD
2025-01-18,Costco,Costco debit transaction,-292.25,Groceries,Family,Scotiabank,CAD
2025-01-18,Sun Life,Sun Life debit transaction,-82.84,Insurance,Family,Scotiabank,CAD
2025-01-20,Costco,Costco purchase,-182.8,Groceries,Family,Scotiabank,CAD
2025-01-22,Canada Child Benefit,Direct deposit from Canada Child Benefit,9540.88,Income,Family,Scotiabank,CAD
2025-01-23,Loblaws,Scotiabank card transaction at Loblaws,-124.53,Groceries,Family,Scotiabank,CAD
2025-01-26,Netflix,Scotiabank card transaction at Netflix,-13.07,Subscriptions,Family,Scotiabank,CAD
2025-01-26,Shell,Shell debit transaction,-44.08,Transportation,Family,Scotiabank,CAD
2025-02-01,Manulife Insurance,Manulife Insurance purchase,-131.23,Insurance,Family,Scotiabank,CAD
2025-02-01,Payroll Deposit,Direct deposit from Payroll Deposit,8528.08,Income,Family,Scotiabank,CAD
2025-02-01,Uber Eats,Scotiabank card transaction at Uber Eats,-196.89,Dining,Family,Scotiabank,CAD
2025-02-02,Property Tax,Property Tax purchase,-2399.85,Housing,Family,Scotiabank,CAD
2025-02-06,Farm Boy,Farm Boy debit transaction,-119.37,Groceries,Family,Scotiabank,CAD
2025-02-10,Enbridge Gas,Enbridge Gas debit transaction,-190.47,Utilities,Family,Scotiabank,CAD
2025-02-10,Walmart Grocery,Walmart Grocery purchase,-330.51,Groceries,Family,Scotiabank,CAD
2025-02-12,Starbucks,Coffee payment - Starbucks,-18.15,Coffee,Family,Scotiabank,CAD
2025-02-14,Uber Eats,Dining payment - Uber Eats,-35.89,Dining,Family,Scotiabank,CAD
2025-02-15,Netflix,Netflix debit transaction,-15.36,Subscriptions,Family,Scotiabank,CAD
2025-02-16,Disney+,Disney+ purchase,-23.41,Subscriptions,Family,Scotiabank,CAD
2025-02-18,Sun Life,Sun Life debit transaction,-154.91,Insurance,Family,Scotiabank,CAD
2025-02-19,Loblaws,Loblaws debit transaction,-419.55,Groceries,Family,Scotiabank,CAD
2025-02-19,Starbucks,Scotiabank card transaction at Starbucks,-7.08,Coffee,Family,Scotiabank,CAD
2025-02-20,Canadian Tire Gas,Canadian Tire Gas purchase,-249.83,Transportation,Family,Scotiabank,CAD
2025-02-27,Starbucks,Starbucks purchase,-13.32,Coffee,Family,Scotiabank,CAD
2025-03-01,Payroll Deposit,Payroll Deposit income deposit,7166.59,Income,Family,Scotiabank,CAD
2025-03-02,Mortgage Payment,Mortgage Payment purchase,-3372.47,Housing,Family,Scotiabank,CAD
2025-03-03,Uber Eats,Uber Eats debit transaction,-41.9,Dining,Family,Scotiabank,CAD
2025-03-04,Dental Clinic,Dental Clinic debit transaction,-348.1,Healthcare,Family,Scotiabank,CAD
2025-03-05,Kids & Company,Kids & Company debit transaction,-434.51,Childcare,Family,Scotiabank,CAD
2025-03-05,YMCA Childcare,YMCA Childcare purchase,-438.75,Childcare,Family,Scotiabank,CAD
2025-03-08,Farm Boy,Scotiabank card transaction at Farm Boy,-358.59,Groceries,Family,Scotiabank,CAD
2025-03-10,Bell Internet,Scotiabank card transaction at Bell Internet,-133.65,Utilities,Family,Scotiabank,CAD
2025-03-14,Uber Eats,Scotiabank card transaction at Uber Eats,-88.24,Dining,Family,Scotiabank,CAD
2025-03-15,Netflix,Subscriptions payment - Netflix,-33.98,Subscriptions,Family,Scotiabank,CAD
2025-03-17,TFSA Transfer,TFSA Transfer purchase,-1088.77,Savings/Investments,Family,Scotiabank,CAD
2025-03-19,Boston Pizza,Scotiabank card transaction at Boston Pizza,-133.08,Dining,Family,Scotiabank,CAD
2025-03-19,Canadian Tire Gas,Canadian Tire Gas purchase,-150.46,Transportation,Family,Scotiabank,CAD
2025-03-20,TFSA Transfer,Savings/Investments payment - TFSA Transfer,-833.58,Savings/Investments,Family,Scotiabank,CAD
2025-03-25,Costco,Costco purchase,-131.25,Groceries,Family,Scotiabank,CAD
2025-03-25,Uber Eats,Scotiabank card transaction at Uber Eats,-38.02,Dining,Family,Scotiabank,CAD
2025-04-01,Payroll Deposit,Payroll Deposit income deposit,5591.35,Income,Family,Scotiabank,CAD
2025-04-01,Swiss Chalet,Swiss Chalet debit transaction,-82.68,Dining,Family,Scotiabank,CAD
2025-04-02,Mortgage Payment,Scotiabank card transaction at Mortgage Payment,-4067.6,Housing,Family,Scotiabank,CAD
2025-04-03,Disney+,Subscriptions payment - Disney+,-11.46,Subscriptions,Family,Scotiabank,CAD
2025-04-07,Auto Insurance,Auto Insurance debit transaction,-188.71,Insurance,Family,Scotiabank,CAD
2025-04-10,Farm Boy,Farm Boy purchase,-189.16,Groceries,Family,Scotiabank,CAD
2025-04-10,Rogers Mobile,Scotiabank card transaction at Rogers Mobile,-99.73,Utilities,Family,Scotiabank,CAD
2025-04-12,Boston Pizza,Scotiabank card transaction at Boston Pizza,-127.47,Dining,Family,Scotiabank,CAD
2025-04-15,Canadian Tire Gas,Canadian Tire Gas debit transaction,-85.87,Transportation,Family,Scotiabank,CAD
2025-04-15,Netflix,Scotiabank card transaction at Netflix,-29.26,Subscriptions,Family,Scotiabank,CAD
2025-04-16,Mortgage Payment,Housing payment - Mortgage Payment,-2671.03,Housing,Family,Scotiabank,CAD
2025-04-18,Manulife Insurance,Manulife Insurance purchase,-273.96,Insurance,Family,Scotiabank,CAD
2025-04-19,Boston Pizza,Scotiabank card transaction at Boston Pizza,-110.23,Dining,Family,Scotiabank,CAD
2025-04-20,Costco,Costco purchase,-381.87,Groceries,Family,Scotiabank,CAD
2025-04-20,Shoppers Drug Mart,Healthcare payment - Shoppers Drug Mart,-265.44,Healthcare,Family,Scotiabank,CAD
2025-04-20,TFSA Transfer,TFSA Transfer purchase,-1531.16,Savings/Investments,Family,Scotiabank,CAD
2025-04-24,Hydro One,Utilities payment - Hydro One,-317.58,Utilities,Family,Scotiabank,CAD
2025-04-25,Petro Canada,Petro Canada debit transaction,-115.57,Transportation,Family,Scotiabank,CAD
2025-04-25,Petro Canada,Petro Canada debit transaction,-61.48,Transportation,Family,Scotiabank,CAD
2025-04-27,Shell,Shell debit transaction,-183.98,Transportation,Family,Scotiabank,CAD
2025-04-27,Shoppers Drug Mart,Shoppers Drug Mart debit transaction,-49.69,Healthcare,Family,Scotiabank,CAD
2025-04-30,Dental Clinic,Healthcare payment - Dental Clinic,-137.98,Healthcare,Family,Scotiabank,CAD
2025-05-01,Canada Child Benefit,Direct deposit from Canada Child Benefit,5477.96,Income,Family,Scotiabank,CAD
2025-05-01,Costco,Scotiabank card transaction at Costco,-281.89,Groceries,Family,Scotiabank,CAD
2025-05-02,Mortgage Payment,Mortgage Payment debit transaction,-2635.49,Housing,Family,Scotiabank,CAD
2025-05-07,Loblaws,Groceries payment - Loblaws,-100.15,Groceries,Family,Scotiabank,CAD
2025-05-08,Starbucks,Starbucks debit transaction,-9.97,Coffee,Family,Scotiabank,CAD
2025-05-09,Starbucks,Starbucks purchase,-17.87,Coffee,Family,Scotiabank,CAD
2025-05-10,Hydro One,Utilities payment - Hydro One,-143.41,Utilities,Family,Scotiabank,CAD
2025-05-11,Boston Pizza,Dining payment - Boston Pizza,-86.3,Dining,Family,Scotiabank,CAD
2025-05-11,Petro Canada,Petro Canada purchase,-82.6,Transportation,Family,Scotiabank,CAD
2025-05-12,Mortgage Payment,Mortgage Payment purchase,-3433.71,Housing,Family,Scotiabank,CAD
2025-05-13,Canada Child Benefit,Direct deposit from Canada Child Benefit,6420.0,Income,Family,Scotiabank,CAD
2025-05-13,Walmart Grocery,Groceries payment - Walmart Grocery,-215.05,Groceries,Family,Scotiabank,CAD
2025-05-14,Uber Eats,Dining payment - Uber Eats,-203.24,Dining,Family,Scotiabank,CAD
2025-05-15,Netflix,Netflix debit transaction,-20.71,Subscriptions,Family,Scotiabank,CAD
2025-05-18,Sun Life,Sun Life purchase,-368.98,Insurance,Family,Scotiabank,CAD
2025-05-20,RESP Transfer,Savings/Investments payment - RESP Transfer,-393.18,Savings/Investments,Family,Scotiabank,CAD
2025-05-24,School Lunch Program,Childcare payment - School Lunch Program,-553.69,Childcare,Family,Scotiabank,CAD
2025-05-26,Starbucks,Starbucks purchase,-18.34,Coffee,Family,Scotiabank,CAD
2025-05-27,Canadian Tire Gas,Canadian Tire Gas debit transaction,-189.33,Transportation,Family,Scotiabank,CAD
2025-05-28,Loblaws,Loblaws debit transaction,-415.52,Groceries,Family,Scotiabank,CAD
2025-05-30,RESP Transfer,Savings/Investments payment - RESP Transfer,-501.85,Savings/Investments,Family,Scotiabank,CAD
2025-05-31,Canadian Tire Gas,Scotiabank card transaction at Canadian Tire Gas,-202.11,Transportation,Family,Scotiabank,CAD
2025-06-01,Payroll Deposit,Direct deposit from Payroll Deposit,9583.1,Income,Family,Scotiabank,CAD
2025-06-02,Property Tax,Housing payment - Property Tax,-2182.1,Housing,Family,Scotiabank,CAD
2025-06-02,Spotify Family,Scotiabank card transaction at Spotify Family,-18.4,Subscriptions,Family,Scotiabank,CAD
2025-06-05,School Lunch Program,Childcare payment - School Lunch Program,-235.9,Childcare,Family,Scotiabank,CAD
2025-06-07,Canadian Tire Gas,Transportation payment - Canadian Tire Gas,-235.62,Transportation,Family,Scotiabank,CAD
2025-06-10,Bell Internet,Bell Internet purchase,-254.38,Utilities,Family,Scotiabank,CAD
2025-06-11,Boston Pizza,Scotiabank card transaction at Boston Pizza,-190.8,Dining,Family,Scotiabank,CAD
2025-06-11,Dental Clinic,Scotiabank card transaction at Dental Clinic,-171.63,Healthcare,Family,Scotiabank,CAD
2025-06-11,Uber Eats,Uber Eats purchase,-169.12,Dining,Family,Scotiabank,CAD
2025-06-14,Tim Hortons,Scotiabank card transaction at Tim Hortons,-16.9,Coffee,Family,Scotiabank,CAD
2025-06-15,Disney+,Disney+ debit transaction,-28.54,Subscriptions,Family,Scotiabank,CAD
2025-06-16,Starbucks,Starbucks purchase,-8.0,Coffee,Family,Scotiabank,CAD
2025-06-18,Manulife Insurance,Manulife Insurance debit transaction,-342.62,Insurance,Family,Scotiabank,CAD
2025-06-18,Shell,Shell purchase,-194.02,Transportation,Family,Scotiabank,CAD
2025-06-20,Canadian Tire Gas,Canadian Tire Gas debit transaction,-148.26,Transportation,Family,Scotiabank,CAD
2025-06-20,RESP Transfer,Savings/Investments payment - RESP Transfer,-859.84,Savings/Investments,Family,Scotiabank,CAD
2025-06-23,Tim Hortons,Scotiabank card transaction at Tim Hortons,-7.26,Coffee,Family,Scotiabank,CAD
2025-06-23,Walmart Grocery,Walmart Grocery debit transaction,-219.81,Groceries,Family,Scotiabank,CAD
2025-06-24,Dental Clinic,Dental Clinic purchase,-333.08,Healthcare,Family,Scotiabank,CAD
2025-06-26,Petro Canada,Petro Canada purchase,-118.22,Transportation,Family,Scotiabank,CAD
2025-06-30,Petro Canada,Petro Canada purchase,-159.45,Transportation,Family,Scotiabank,CAD
2025-07-01,Payroll Deposit,Payroll Deposit income deposit,7279.55,Income,Family,Scotiabank,CAD
2025-07-01,Starbucks,Starbucks debit transaction,-27.83,Coffee,Family,Scotiabank,CAD
2025-07-02,Disney+,Disney+ debit transaction,-22.61,Subscriptions,Family,Scotiabank,CAD
2025-07-02,Property Tax,Property Tax debit transaction,-3277.17,Housing,Family,Scotiabank,CAD
2025-07-03,Starbucks,Coffee payment - Starbucks,-19.8,Coffee,Family,Scotiabank,CAD
2025-07-05,School Lunch Program,School Lunch Program purchase,-518.26,Childcare,Family,Scotiabank,CAD
2025-07-05,Uber Eats,Uber Eats purchase,-149.04,Dining,Family,Scotiabank,CAD
2025-07-07,Canadian Tire Gas,Scotiabank card transaction at Canadian Tire Gas,-41.61,Transportation,Family,Scotiabank,CAD
2025-07-08,Canadian Tire Gas,Canadian Tire Gas debit transaction,-113.96,Transportation,Family,Scotiabank,CAD
2025-07-08,LifeLabs,Scotiabank card transaction at LifeLabs,-266.03,Healthcare,Family,Scotiabank,CAD
2025-07-08,Shoppers Drug Mart,Scotiabank card transaction at Shoppers Drug Mart,-346.5,Healthcare,Family,Scotiabank,CAD
2025-07-09,LifeLabs,Scotiabank card transaction at LifeLabs,-95.53,Healthcare,Family,Scotiabank,CAD
2025-07-10,Hydro One,Scotiabank card transaction at Hydro One,-364.83,Utilities,Family,Scotiabank,CAD
2025-07-10,Kids & Company,Scotiabank card transaction at Kids & Company,-745.73,Childcare,Family,Scotiabank,CAD
2025-07-10,Loblaws,Scotiabank card transaction at Loblaws,-294.84,Groceries,Family,Scotiabank,CAD
2025-07-12,TFSA Transfer,Savings/Investments payment - TFSA Transfer,-1268.04,Savings/Investments,Family,Scotiabank,CAD
2025-07-14,Canada Child Benefit,Canada Child Benefit income deposit,8134.32,Income,Family,Scotiabank,CAD
2025-07-15,Spotify Family,Subscriptions payment - Spotify Family,-14.32,Subscriptions,Family,Scotiabank,CAD
2025-07-18,Sun Life,Sun Life purchase,-240.8,Insurance,Family,Scotiabank,CAD
2025-07-20,Wealthsimple,Scotiabank card transaction at Wealthsimple,-1168.79,Savings/Investments,Family,Scotiabank,CAD
2025-07-22,Tim Hortons,Coffee payment - Tim Hortons,-23.12,Coffee,Family,Scotiabank,CAD
2025-07-24,Manulife Insurance,Manulife Insurance purchase,-257.31,Insurance,Family,Scotiabank,CAD
2025-07-24,Property Tax,Property Tax purchase,-3545.56,Housing,Family,Scotiabank,CAD
2025-07-24,Sun Life,Sun Life purchase,-303.08,Insurance,Family,Scotiabank,CAD
2025-07-26,Boston Pizza,Dining payment - Boston Pizza,-193.74,Dining,Family,Scotiabank,CAD
2025-07-26,LifeLabs,Scotiabank card transaction at LifeLabs,-362.45,Healthcare,Family,Scotiabank,CAD
2025-07-31,LifeLabs,Healthcare payment - LifeLabs,-345.18,Healthcare,Family,Scotiabank,CAD
2025-07-31,Swiss Chalet,Swiss Chalet debit transaction,-204.52,Dining,Family,Scotiabank,CAD
2025-07-31,Uber Eats,Dining payment - Uber Eats,-165.16,Dining,Family,Scotiabank,CAD
2025-08-01,Payroll Deposit,Payroll Deposit income deposit,8931.98,Income,Family,Scotiabank,CAD
2025-08-02,Property Tax,Property Tax purchase,-3611.07,Housing,Family,Scotiabank,CAD
2025-08-03,YMCA Childcare,Scotiabank card transaction at YMCA Childcare,-932.26,Childcare,Family,Scotiabank,CAD
2025-08-04,Property Tax,Property Tax purchase,-4104.69,Housing,Family,Scotiabank,CAD
2025-08-05,YMCA Childcare,YMCA Childcare purchase,-842.91,Childcare,Family,Scotiabank,CAD
2025-08-07,Canadian Tire Gas,Canadian Tire Gas debit transaction,-73.25,Transportation,Family,Scotiabank,CAD
2025-08-07,LifeLabs,LifeLabs debit transaction,-213.36,Healthcare,Family,Scotiabank,CAD
2025-08-07,Tim Hortons,Scotiabank card transaction at Tim Hortons,-12.04,Coffee,Family,Scotiabank,CAD
2025-08-07,Uber Eats,Uber Eats debit transaction,-179.08,Dining,Family,Scotiabank,CAD
2025-08-10,Hydro One,Hydro One purchase,-110.77,Utilities,Family,Scotiabank,CAD
2025-08-10,Walmart Grocery,Groceries payment - Walmart Grocery,-225.43,Groceries,Family,Scotiabank,CAD
2025-08-10,Walmart Grocery,Walmart Grocery debit transaction,-364.0,Groceries,Family,Scotiabank,CAD
2025-08-11,Swiss Chalet,Swiss Chalet purchase,-177.82,Dining,Family,Scotiabank,CAD
2025-08-14,Starbucks,Starbucks purchase,-19.91,Coffee,Family,Scotiabank,CAD
2025-08-15,Disney+,Scotiabank card transaction at Disney+,-31.49,Subscriptions,Family,Scotiabank,CAD
2025-08-17,Starbucks,Starbucks purchase,-27.25,Coffee,Family,Scotiabank,CAD
2025-08-18,Sun Life,Scotiabank card transaction at Sun Life,-245.63,Insurance,Family,Scotiabank,CAD
2025-08-20,Wealthsimple,Wealthsimple purchase,-1089.32,Savings/Investments,Family,Scotiabank,CAD
2025-08-21,Shoppers Drug Mart,Shoppers Drug Mart debit transaction,-145.35,Healthcare,Family,Scotiabank,CAD
2025-08-22,Shell,Scotiabank card transaction at Shell,-178.16,Transportation,Family,Scotiabank,CAD
2025-08-25,Dental Clinic,Dental Clinic debit transaction,-334.87,Healthcare,Family,Scotiabank,CAD
2025-08-25,Uber Eats,Scotiabank card transaction at Uber Eats,-137.39,Dining,Family,Scotiabank,CAD
2025-08-25,Uber Eats,Uber Eats purchase,-165.24,Dining,Family,Scotiabank,CAD
2025-08-26,Property Tax,Property Tax debit transaction,-3615.07,Housing,Family,Scotiabank,CAD
2025-08-27,Farm Boy,Scotiabank card transaction at Farm Boy,-367.21,Groceries,Family,Scotiabank,CAD
2025-09-01,Payroll Deposit,Payroll Deposit income deposit,9272.2,Income,Family,Scotiabank,CAD
2025-09-02,Farm Boy,Scotiabank card transaction at Farm Boy,-104.81,Groceries,Family,Scotiabank,CAD
2025-09-02,Property Tax,Scotiabank card transaction at Property Tax,-2479.42,Housing,Family,Scotiabank,CAD
2025-09-04,Farm Boy,Farm Boy purchase,-196.16,Groceries,Family,Scotiabank,CAD
2025-09-05,School Lunch Program,School Lunch Program purchase,-739.87,Childcare,Family,Scotiabank,CAD
2025-09-06,Canadian Tire Gas,Canadian Tire Gas debit transaction,-146.83,Transportation,Family,Scotiabank,CAD
2025-09-06,LifeLabs,LifeLabs debit transaction,-182.47,Healthcare,Family,Scotiabank,CAD
2025-09-10,Rogers Mobile,Rogers Mobile debit transaction,-406.27,Utilities,Family,Scotiabank,CAD
2025-09-11,Payroll Deposit,Direct deposit from Payroll Deposit,6627.93,Income,Family,Scotiabank,CAD
2025-09-14,LifeLabs,LifeLabs debit transaction,-76.93,Healthcare,Family,Scotiabank,CAD
2025-09-15,Dental Clinic,Dental Clinic purchase,-220.67,Healthcare,Family,Scotiabank,CAD
2025-09-15,Spotify Family,Spotify Family purchase,-25.36,Subscriptions,Family,Scotiabank,CAD
2025-09-16,Costco,Costco purchase,-119.44,Groceries,Family,Scotiabank,CAD
2025-09-17,Dental Clinic,Scotiabank card transaction at Dental Clinic,-266.7,Healthcare,Family,Scotiabank,CAD
2025-09-17,LifeLabs,LifeLabs debit transaction,-410.67,Healthcare,Family,Scotiabank,CAD
2025-09-18,Costco,Costco purchase,-151.26,Groceries,Family,Scotiabank,CAD
2025-09-18,Manulife Insurance,Scotiabank card transaction at Manulife Insurance,-359.08,Insurance,Family,Scotiabank,CAD
2025-09-18,Mortgage Payment,Mortgage Payment debit transaction,-3498.45,Housing,Family,Scotiabank,CAD
2025-09-19,Swiss Chalet,Swiss Chalet debit transaction,-45.56,Dining,Family,Scotiabank,CAD
2025-09-20,TFSA Transfer,TFSA Transfer purchase,-322.6,Savings/Investments,Family,Scotiabank,CAD
2025-09-22,Canadian Tire Gas,Transportation payment - Canadian Tire Gas,-253.36,Transportation,Family,Scotiabank,CAD
2025-09-22,Canadian Tire Gas,Transportation payment - Canadian Tire Gas,-138.16,Transportation,Family,Scotiabank,CAD
2025-09-29,Loblaws,Loblaws purchase,-364.17,Groceries,Family,Scotiabank,CAD
2025-09-30,Tim Hortons,Coffee payment - Tim Hortons,-10.93,Coffee,Family,Scotiabank,CAD
2025-10-01,Payroll Deposit,Direct deposit from Payroll Deposit,9013.15,Income,Family,Scotiabank,CAD
2025-10-02,Boston Pizza,Boston Pizza debit transaction,-120.3,Dining,Family,Scotiabank,CAD
2025-10-02,Dental Clinic,Healthcare payment - Dental Clinic,-339.38,Healthcare,Family,Scotiabank,CAD
2025-10-02,Property Tax,Housing payment - Property Tax,-3753.21,Housing,Family,Scotiabank,CAD
2025-10-03,Farm Boy,Groceries payment - Farm Boy,-184.53,Groceries,Family,Scotiabank,CAD
2025-10-04,LifeLabs,LifeLabs debit transaction,-385.34,Healthcare,Family,Scotiabank,CAD
2025-10-04,Loblaws,Loblaws purchase,-361.9,Groceries,Family,Scotiabank,CAD
2025-10-05,Kids & Company,Childcare payment - Kids & Company,-601.87,Childcare,Family,Scotiabank,CAD
2025-10-10,Enbridge Gas,Enbridge Gas debit transaction,-92.44,Utilities,Family,Scotiabank,CAD
2025-10-10,Property Tax,Housing payment - Property Tax,-3039.77,Housing,Family,Scotiabank,CAD
2025-10-11,Dental Clinic,Healthcare payment - Dental Clinic,-73.29,Healthcare,Family,Scotiabank,CAD
2025-10-11,Payroll Deposit,Payroll Deposit income deposit,6087.91,Income,Family,Scotiabank,CAD
2025-10-12,Boston Pizza,Boston Pizza debit transaction,-203.3,Dining,Family,Scotiabank,CAD
2025-10-12,Sun Life,Scotiabank card transaction at Sun Life,-102.87,Insurance,Family,Scotiabank,CAD
2025-10-13,Dental Clinic,Scotiabank card transaction at Dental Clinic,-290.79,Healthcare,Family,Scotiabank,CAD
2025-10-14,RESP Transfer,RESP Transfer purchase,-330.55,Savings/Investments,Family,Scotiabank,CAD
2025-10-15,Spotify Family,Spotify Family debit transaction,-22.55,Subscriptions,Family,Scotiabank,CAD
2025-10-18,Sun Life,Insurance payment - Sun Life,-359.83,Insurance,Family,Scotiabank,CAD
2025-10-20,Wealthsimple,Scotiabank card transaction at Wealthsimple,-847.62,Savings/Investments,Family,Scotiabank,CAD
2025-10-21,School Lunch Program,School Lunch Program debit transaction,-771.18,Childcare,Family,Scotiabank,CAD
2025-10-22,Loblaws,Groceries payment - Loblaws,-83.27,Groceries,Family,Scotiabank,CAD
2025-10-22,Shell,Shell purchase,-169.88,Transportation,Family,Scotiabank,CAD
2025-10-27,Sun Life,Insurance payment - Sun Life,-369.01,Insurance,Family,Scotiabank,CAD
2025-10-28,LifeLabs,Scotiabank card transaction at LifeLabs,-344.83,Healthcare,Family,Scotiabank,CAD
2025-10-31,Canadian Tire Gas,Canadian Tire Gas debit transaction,-96.42,Transportation,Family,Scotiabank,CAD
2025-10-31,Disney+,Disney+ debit transaction,-24.94,Subscriptions,Family,Scotiabank,CAD
2025-11-01,Payroll Deposit,Direct deposit from Payroll Deposit,6091.62,Income,Family,Scotiabank,CAD
2025-11-02,Loblaws,Loblaws debit transaction,-228.74,Groceries,Family,Scotiabank,CAD
2025-11-02,Mortgage Payment,Mortgage Payment purchase,-3684.27,Housing,Family,Scotiabank,CAD
2025-11-03,Boston Pizza,Dining payment - Boston Pizza,-121.8,Dining,Family,Scotiabank,CAD
2025-11-05,Costco,Groceries payment - Costco,-399.6,Groceries,Family,Scotiabank,CAD
2025-11-05,Shell,Transportation payment - Shell,-132.76,Transportation,Family,Scotiabank,CAD
2025-11-09,Shell,Shell debit transaction,-68.63,Transportation,Family,Scotiabank,CAD
2025-11-10,Enbridge Gas,Utilities payment - Enbridge Gas,-325.93,Utilities,Family,Scotiabank,CAD
2025-11-11,Swiss Chalet,Swiss Chalet debit transaction,-119.38,Dining,Family,Scotiabank,CAD
2025-11-12,Tim Hortons,Tim Hortons debit transaction,-26.92,Coffee,Family,Scotiabank,CAD
2025-11-13,Loblaws,Loblaws debit transaction,-99.84,Groceries,Family,Scotiabank,CAD
2025-11-15,Canada Child Benefit,Direct deposit from Canada Child Benefit,9756.15,Income,Family,Scotiabank,CAD
2025-11-15,Netflix,Subscriptions payment - Netflix,-26.85,Subscriptions,Family,Scotiabank,CAD
2025-11-15,Starbucks,Scotiabank card transaction at Starbucks,-22.84,Coffee,Family,Scotiabank,CAD
2025-11-15,Tim Hortons,Tim Hortons debit transaction,-10.56,Coffee,Family,Scotiabank,CAD
2025-11-18,Manulife Insurance,Manulife Insurance debit transaction,-216.93,Insurance,Family,Scotiabank,CAD
2025-11-20,Wealthsimple,Wealthsimple debit transaction,-253.01,Savings/Investments,Family,Scotiabank,CAD
2025-11-21,Swiss Chalet,Swiss Chalet debit transaction,-82.56,Dining,Family,Scotiabank,CAD
2025-11-22,Dental Clinic,Dental Clinic debit transaction,-291.09,Healthcare,Family,Scotiabank,CAD
2025-11-22,Hydro One,Hydro One purchase,-123.44,Utilities,Family,Scotiabank,CAD
2025-11-24,Boston Pizza,Dining payment - Boston Pizza,-99.42,Dining,Family,Scotiabank,CAD
2025-11-24,Starbucks,Coffee payment - Starbucks,-10.22,Coffee,Family,Scotiabank,CAD
2025-11-27,RESP Transfer,Savings/Investments payment - RESP Transfer,-397.33,Savings/Investments,Family,Scotiabank,CAD
2025-11-27,Shoppers Drug Mart,Shoppers Drug Mart debit transaction,-353.33,Healthcare,Family,Scotiabank,CAD
2025-12-01,Payroll Deposit,Payroll Deposit income deposit,8992.94,Income,Family,Scotiabank,CAD
2025-12-02,Mortgage Payment,Mortgage Payment debit transaction,-2892.1,Housing,Family,Scotiabank,CAD
2025-12-10,Hydro One,Scotiabank card transaction at Hydro One,-238.01,Utilities,Family,Scotiabank,CAD
2025-12-11,Shell,Shell purchase,-68.7,Transportation,Family,Scotiabank,CAD
2025-12-15,Netflix,Subscriptions payment - Netflix,-25.52,Subscriptions,Family,Scotiabank,CAD
2025-12-17,Rogers Mobile,Rogers Mobile purchase,-297.08,Utilities,Family,Scotiabank,CAD
2025-12-18,Costco,Scotiabank card transaction at Costco,-128.48,Groceries,Family,Scotiabank,CAD
2025-12-18,Sun Life,Sun Life debit transaction,-104.24,Insurance,Family,Scotiabank,CAD
2025-12-19,Petro Canada,Transportation payment - Petro Canada,-156.58,Transportation,Family,Scotiabank,CAD
2025-12-20,Dental Clinic,Dental Clinic purchase,-376.23,Healthcare,Family,Scotiabank,CAD
2025-12-20,TFSA Transfer,TFSA Transfer purchase,-584.81,Savings/Investments,Family,Scotiabank,CAD
2025-12-21,Canadian Tire Gas,Transportation payment - Canadian Tire Gas,-101.55,Transportation,Family,Scotiabank,CAD
2025-12-22,Canadian Tire Gas,Canadian Tire Gas purchase,-142.44,Transportation,Family,Scotiabank,CAD
2025-12-22,Swiss Chalet,Swiss Chalet purchase,-145.64,Dining,Family,Scotiabank,CAD
2025-12-23,Sun Life,Insurance payment - Sun Life,-75.39,Insurance,Family,Scotiabank,CAD
2025-12-24,Starbucks,Coffee payment - Starbucks,-5.26,Coffee,Family,Scotiabank,CAD
2025-12-29,Uber Eats,Uber Eats debit transaction,-128.34,Dining,Family,Scotiabank,CAD
2026-01-01,Canada Child Benefit,Canada Child Benefit income deposit,5910.7,Income,Family,Scotiabank,CAD
2026-01-01,Sun Life,Scotiabank card transaction at Sun Life,-114.05,Insurance,Family,Scotiabank,CAD
2026-01-02,Property Tax,Property Tax debit transaction,-3685.79,Housing,Family,Scotiabank,CAD
2026-01-05,Kids & Company,Childcare payment - Kids & Company,-167.1,Childcare,Family,Scotiabank,CAD
2026-01-07,Shoppers Drug Mart,Shoppers Drug Mart debit transaction,-408.69,Healthcare,Family,Scotiabank,CAD
2026-01-10,Canada Child Benefit,Direct deposit from Canada Child Benefit,5337.86,Income,Family,Scotiabank,CAD
2026-01-10,Hydro One,Utilities payment - Hydro One,-281.25,Utilities,Family,Scotiabank,CAD
2026-01-11,Netflix,Scotiabank card transaction at Netflix,-34.01,Subscriptions,Family,Scotiabank,CAD
2026-01-11,Petro Canada,Transportation payment - Petro Canada,-186.6,Transportation,Family,Scotiabank,CAD
2026-01-11,TFSA Transfer,TFSA Transfer purchase,-168.83,Savings/Investments,Family,Scotiabank,CAD
2026-01-13,Farm Boy,Farm Boy purchase,-103.22,Groceries,Family,Scotiabank,CAD
2026-01-14,Swiss Chalet,Swiss Chalet purchase,-81.13,Dining,Family,Scotiabank,CAD
2026-01-15,Spotify Family,Spotify Family debit transaction,-31.87,Subscriptions,Family,Scotiabank,CAD
2026-01-17,Hydro One,Hydro One debit transaction,-305.78,Utilities,Family,Scotiabank,CAD
2026-01-18,Auto Insurance,Auto Insurance purchase,-349.26,Insurance,Family,Scotiabank,CAD
2026-01-20,Wealthsimple,Wealthsimple debit transaction,-393.5,Savings/Investments,Family,Scotiabank,CAD
2026-01-23,Enbridge Gas,Scotiabank card transaction at Enbridge Gas,-358.17,Utilities,Family,Scotiabank,CAD
2026-01-27,Hydro One,Utilities payment - Hydro One,-170.89,Utilities,Family,Scotiabank,CAD
2026-01-30,Payroll Deposit,Payroll Deposit income deposit,6567.68,Income,Family,Scotiabank,CAD
2026-02-01,Canada Child Benefit,Canada Child Benefit income deposit,7871.72,Income,Family,Scotiabank,CAD
2026-02-01,Costco,Costco debit transaction,-293.62,Groceries,Family,Scotiabank,CAD
2026-02-02,Property Tax,Property Tax purchase,-3960.8,Housing,Family,Scotiabank,CAD
2026-02-05,Kids & Company,Kids & Company purchase,-945.7,Childcare,Family,Scotiabank,CAD
2026-02-05,Starbucks,Scotiabank card transaction at Starbucks,-9.95,Coffee,Family,Scotiabank,CAD
2026-02-05,Uber Eats,Uber Eats debit transaction,-121.1,Dining,Family,Scotiabank,CAD
2026-02-10,Rogers Mobile,Rogers Mobile purchase,-274.04,Utilities,Family,Scotiabank,CAD
2026-02-12,Petro Canada,Petro Canada purchase,-112.35,Transportation,Family,Scotiabank,CAD
2026-02-13,Dental Clinic,Scotiabank card transaction at Dental Clinic,-410.7,Healthcare,Family,Scotiabank,CAD
2026-02-15,Disney+,Disney+ purchase,-31.91,Subscriptions,Family,Scotiabank,CAD
2026-02-18,LifeLabs,LifeLabs purchase,-121.27,Healthcare,Family,Scotiabank,CAD
2026-02-18,Manulife Insurance,Manulife Insurance purchase,-198.51,Insurance,Family,Scotiabank,CAD
2026-02-26,Farm Boy,Farm Boy debit transaction,-155.19,Groceries,Family,Scotiabank,CAD
2026-03-01,Canada Child Benefit,Direct deposit from Canada Child Benefit,6380.61,Income,Family,Scotiabank,CAD
2026-03-01,Walmart Grocery,Groceries payment - Walmart Grocery,-83.93,Groceries,Family,Scotiabank,CAD
2026-03-02,Mortgage Payment,Scotiabank card transaction at Mortgage Payment,-3099.11,Housing,Family,Scotiabank,CAD
2026-03-04,Shoppers Drug Mart,Healthcare payment - Shoppers Drug Mart,-167.83,Healthcare,Family,Scotiabank,CAD
2026-03-05,Dental Clinic,Healthcare payment - Dental Clinic,-194.15,Healthcare,Family,Scotiabank,CAD
2026-03-05,Petro Canada,Transportation payment - Petro Canada,-62.78,Transportation,Family,Scotiabank,CAD
2026-03-09,Auto Insurance,Scotiabank card transaction at Auto Insurance,-269.62,Insurance,Family,Scotiabank,CAD
2026-03-09,Tim Hortons,Scotiabank card transaction at Tim Hortons,-14.16,Coffee,Family,Scotiabank,CAD
2026-03-10,Hydro One,Scotiabank card transaction at Hydro One,-146.39,Utilities,Family,Scotiabank,CAD
2026-03-10,Shoppers Drug Mart,Shoppers Drug Mart debit transaction,-128.03,Healthcare,Family,Scotiabank,CAD
2026-03-14,Starbucks,Starbucks debit transaction,-20.92,Coffee,Family,Scotiabank,CAD
2026-03-14,TFSA Transfer,TFSA Transfer purchase,-286.3,Savings/Investments,Family,Scotiabank,CAD
2026-03-14,Walmart Grocery,Scotiabank card transaction at Walmart Grocery,-169.63,Groceries,Family,Scotiabank,CAD
2026-03-15,Boston Pizza,Dining payment - Boston Pizza,-193.85,Dining,Family,Scotiabank,CAD
2026-03-15,Disney+,Subscriptions payment - Disney+,-30.54,Subscriptions,Family,Scotiabank,CAD
2026-03-18,Manulife Insurance,Insurance payment - Manulife Insurance,-366.98,Insurance,Family,Scotiabank,CAD
2026-03-19,Petro Canada,Petro Canada purchase,-65.32,Transportation,Family,Scotiabank,CAD
2026-03-20,RESP Transfer,RESP Transfer purchase,-1445.27,Savings/Investments,Family,Scotiabank,CAD
2026-03-20,Swiss Chalet,Scotiabank card transaction at Swiss Chalet,-48.68,Dining,Family,Scotiabank,CAD
2026-03-22,Mortgage Payment,Housing payment - Mortgage Payment,-2558.66,Housing,Family,Scotiabank,CAD
2026-03-22,Petro Canada,Transportation payment - Petro Canada,-235.28,Transportation,Family,Scotiabank,CAD
2026-03-22,Starbucks,Scotiabank card transaction at Starbucks,-18.14,Coffee,Family,Scotiabank,CAD
2026-03-22,Swiss Chalet,Swiss Chalet purchase,-85.81,Dining,Family,Scotiabank,CAD
2026-03-22,Tim Hortons,Coffee payment - Tim Hortons,-14.14,Coffee,Family,Scotiabank,CAD
2026-03-28,Sun Life,Scotiabank card transaction at Sun Life,-299.68,Insurance,Family,Scotiabank,CAD
2026-03-28,Walmart Grocery,Scotiabank card transaction at Walmart Grocery,-204.14,Groceries,Family,Scotiabank,CAD
2026-03-29,Dental Clinic,Healthcare payment - Dental Clinic,-213.25,Healthcare,Family,Scotiabank,CAD
2026-04-01,Canada Child Benefit,Direct deposit from Canada Child Benefit,6148.9,Income,Family,Scotiabank,CAD
2026-04-02,Hydro One,Hydro One purchase,-275.56,Utilities,Family,Scotiabank,CAD
2026-04-02,Property Tax,Scotiabank card transaction at Property Tax,-3420.45,Housing,Family,Scotiabank,CAD
2026-04-05,Kids & Company,Kids & Company purchase,-733.42,Childcare,Family,Scotiabank,CAD
2026-04-05,Walmart Grocery,Scotiabank card transaction at Walmart Grocery,-140.97,Groceries,Family,Scotiabank,CAD
2026-04-09,LifeLabs,Scotiabank card transaction at LifeLabs,-387.42,Healthcare,Family,Scotiabank,CAD
2026-04-09,Swiss Chalet,Scotiabank card transaction at Swiss Chalet,-115.93,Dining,Family,Scotiabank,CAD
2026-04-09,Wealthsimple,Wealthsimple purchase,-844.65,Savings/Investments,Family,Scotiabank,CAD
2026-04-10,Rogers Mobile,Rogers Mobile debit transaction,-116.72,Utilities,Family,Scotiabank,CAD
2026-04-11,Loblaws,Loblaws debit transaction,-196.13,Groceries,Family,Scotiabank,CAD
2026-04-15,Spotify Family,Spotify Family debit transaction,-17.2,Subscriptions,Family,Scotiabank,CAD
2026-04-16,Loblaws,Groceries payment - Loblaws,-397.96,Groceries,Family,Scotiabank,CAD
2026-04-18,Manulife Insurance,Scotiabank card transaction at Manulife Insurance,-135.76,Insurance,Family,Scotiabank,CAD
2026-04-20,RESP Transfer,RESP Transfer debit transaction,-1188.4,Savings/Investments,Family,Scotiabank,CAD
2026-04-24,Petro Canada,Petro Canada purchase,-131.31,Transportation,Family,Scotiabank,CAD
2026-04-27,Enbridge Gas,Enbridge Gas purchase,-385.64,Utilities,Family,Scotiabank,CAD
2026-04-27,Tim Hortons,Coffee payment - Tim Hortons,-11.08,Coffee,Family,Scotiabank,CAD
2026-04-29,Shoppers Drug Mart,Healthcare payment - Shoppers Drug Mart,-388.98,Healthcare,Family,Scotiabank,CAD
2026-04-30,Property Tax,Scotiabank card transaction at Property Tax,-3075.62,Housing,Family,Scotiabank,CAD
2026-05-01,Payroll Deposit,Direct deposit from Payroll Deposit,9262.68,Income,Family,Scotiabank,CAD
2026-05-02,Mortgage Payment,Mortgage Payment purchase,-3536.92,Housing,Family,Scotiabank,CAD
2026-05-04,Canada Child Benefit,Direct deposit from Canada Child Benefit,9391.83,Income,Family,Scotiabank,CAD
2026-05-07,Dental Clinic,Scotiabank card transaction at Dental Clinic,-66.7,Healthcare,Family,Scotiabank,CAD
2026-05-07,Petro Canada,Scotiabank card transaction at Petro Canada,-148.01,Transportation,Family,Scotiabank,CAD
2026-05-10,Petro Canada,Scotiabank card transaction at Petro Canada,-230.04,Transportation,Family,Scotiabank,CAD
2026-05-10,Rogers Mobile,Rogers Mobile debit transaction,-372.92,Utilities,Family,Scotiabank,CAD
2026-05-11,Canadian Tire Gas,Scotiabank card transaction at Canadian Tire Gas,-148.39,Transportation,Family,Scotiabank,CAD
2026-05-12,Enbridge Gas,Scotiabank card transaction at Enbridge Gas,-291.65,Utilities,Family,Scotiabank,CAD
2026-05-15,Netflix,Scotiabank card transaction at Netflix,-18.41,Subscriptions,Family,Scotiabank,CAD
2026-05-15,Petro Canada,Transportation payment - Petro Canada,-217.42,Transportation,Family,Scotiabank,CAD
2026-05-15,Spotify Family,Scotiabank card transaction at Spotify Family,-22.81,Subscriptions,Family,Scotiabank,CAD
2026-05-17,Dental Clinic,Dental Clinic debit transaction,-241.42,Healthcare,Family,Scotiabank,CAD
2026-05-17,Starbucks,Starbucks purchase,-22.98,Coffee,Family,Scotiabank,CAD
2026-05-18,Auto Insurance,Insurance payment - Auto Insurance,-326.31,Insurance,Family,Scotiabank,CAD
2026-05-20,Wealthsimple,Wealthsimple debit transaction,-866.18,Savings/Investments,Family,Scotiabank,CAD
2026-05-23,Starbucks,Scotiabank card transaction at Starbucks,-6.04,Coffee,Family,Scotiabank,CAD
2026-05-24,Dental Clinic,Dental Clinic debit transaction,-71.3,Healthcare,Family,Scotiabank,CAD
2026-05-26,Costco,Groceries payment - Costco,-254.08,Groceries,Family,Scotiabank,CAD
2026-05-27,Swiss Chalet,Scotiabank card transaction at Swiss Chalet,-200.98,Dining,Family,Scotiabank,CAD
2026-05-28,Tim Hortons,Tim Hortons debit transaction,-18.5,Coffee,Family,Scotiabank,CAD
2026-05-29,Tim Hortons,Coffee payment - Tim Hortons,-18.61,Coffee,Family,Scotiabank,CAD
2026-05-29,Walmart Grocery,Walmart Grocery debit transaction,-326.68,Groceries,Family,Scotiabank,CAD
2026-05-30,Boston Pizza,Boston Pizza debit transaction,-74.92,Dining,Family,Scotiabank,CAD
2026-05-30,Walmart Grocery,Walmart Grocery purchase,-175.55,Groceries,Family,Scotiabank,CAD
2026-06-01,Mortgage Payment,Housing payment - Mortgage Payment,-2580.53,Housing,Family,Scotiabank,CAD
2026-06-01,Payroll Deposit,Payroll Deposit income deposit,7230.35,Income,Family,Scotiabank,CAD
2026-06-02,Mortgage Payment,Mortgage Payment purchase,-3498.25,Housing,Family,Scotiabank,CAD
2026-06-03,Farm Boy,Farm Boy debit transaction,-98.91,Groceries,Family,Scotiabank,CAD
2026-06-05,Uber Eats,Dining payment - Uber Eats,-57.47,Dining,Family,Scotiabank,CAD
2026-06-08,Shoppers Drug Mart,Shoppers Drug Mart debit transaction,-374.87,Healthcare,Family,Scotiabank,CAD
2026-06-09,Rogers Mobile,Rogers Mobile purchase,-412.68,Utilities,Family,Scotiabank,CAD
2026-06-10,Farm Boy,Scotiabank card transaction at Farm Boy,-320.3,Groceries,Family,Scotiabank,CAD
2026-06-10,Rogers Mobile,Rogers Mobile purchase,-174.3,Utilities,Family,Scotiabank,CAD
2026-06-10,Shoppers Drug Mart,Shoppers Drug Mart purchase,-70.48,Healthcare,Family,Scotiabank,CAD
2026-06-10,YMCA Childcare,Childcare payment - YMCA Childcare,-872.29,Childcare,Family,Scotiabank,CAD
2026-06-11,Farm Boy,Farm Boy debit transaction,-104.57,Groceries,Family,Scotiabank,CAD
2026-06-12,Uber Eats,Uber Eats debit transaction,-52.98,Dining,Family,Scotiabank,CAD
2026-06-15,Netflix,Netflix debit transaction,-29.8,Subscriptions,Family,Scotiabank,CAD
2026-06-18,Auto Insurance,Insurance payment - Auto Insurance,-104.49,Insurance,Family,Scotiabank,CAD
2026-06-20,Bell Internet,Bell Internet debit transaction,-205.21,Utilities,Family,Scotiabank,CAD
2026-06-20,TFSA Transfer,Scotiabank card transaction at TFSA Transfer,-999.63,Savings/Investments,Family,Scotiabank,CAD
2026-06-21,Uber Eats,Uber Eats purchase,-119.13,Dining,Family,Scotiabank,CAD
2026-06-23,Boston Pizza,Boston Pizza purchase,-79.96,Dining,Family,Scotiabank,CAD
2026-06-23,Farm Boy,Farm Boy purchase,-260.97,Groceries,Family,Scotiabank,CAD
2026-06-23,Petro Canada,Transportation payment - Petro Canada,-105.17,Transportation,Family,Scotiabank,CAD
2026-06-24,Wealthsimple,Scotiabank card transaction at Wealthsimple,-1522.25,Savings/Investments,Family,Scotiabank,CAD
2026-06-26,Canadian Tire Gas,Transportation payment - Canadian Tire Gas,-244.56,Transportation,Family,Scotiabank,CAD
2026-06-27,Dental Clinic,Healthcare payment - Dental Clinic,-31.4,Healthcare,Family,Scotiabank,CAD
2026-06-29,Canada Child Benefit,Canada Child Benefit income deposit,7959.29,Income,Family,Scotiabank,CAD
2026-06-30,Kids & Company,Kids & Company purchase,-599.49,Childcare,Family,Scotiabank,CAD
2026-06-30,LifeLabs,Healthcare payment - LifeLabs,-85.85,Healthcare,Family,Scotiabank,CAD
2026-07-01,Canada Child Benefit,Canada Child Benefit income deposit,8083.73,Income,Family,Scotiabank,CAD
2026-07-02,Enbridge Gas,Enbridge Gas debit transaction,-338.58,Utilities,Family,Scotiabank,CAD
2026-07-02,Mortgage Payment,Scotiabank card transaction at Mortgage Payment,-3359.91,Housing,Family,Scotiabank,CAD
2026-07-04,Sun Life,Scotiabank card transaction at Sun Life,-79.54,Insurance,Family,Scotiabank,CAD
2026-07-05,Kids & Company,Childcare payment - Kids & Company,-1004.96,Childcare,Family,Scotiabank,CAD
2026-07-10,Bell Internet,Bell Internet debit transaction,-235.16,Utilities,Family,Scotiabank,CAD
2026-07-12,RESP Transfer,RESP Transfer debit transaction,-1404.02,Savings/Investments,Family,Scotiabank,CAD
2026-07-14,Mortgage Payment,Mortgage Payment debit transaction,-2534.45,Housing,Family,Scotiabank,CAD
2026-07-15,Spotify Family,Spotify Family purchase,-34.51,Subscriptions,Family,Scotiabank,CAD
2026-07-15,Tim Hortons,Scotiabank card transaction at Tim Hortons,-19.35,Coffee,Family,Scotiabank,CAD
2026-07-17,Farm Boy,Groceries payment - Farm Boy,-98.25,Groceries,Family,Scotiabank,CAD
2026-07-18,Manulife Insurance,Manulife Insurance debit transaction,-140.39,Insurance,Family,Scotiabank,CAD
2026-07-22,Dental Clinic,Healthcare payment - Dental Clinic,-66.97,Healthcare,Family,Scotiabank,CAD
2026-07-25,School Lunch Program,School Lunch Program purchase,-449.81,Childcare,Family,Scotiabank,CAD
2026-07-26,Bell Internet,Bell Internet debit transaction,-405.79,Utilities,Family,Scotiabank,CAD
2026-07-28,Shoppers Drug Mart,Scotiabank card transaction at Shoppers Drug Mart,-125.62,Healthcare,Family,Scotiabank,CAD
2026-07-30,Shoppers Drug Mart,Healthcare payment - Shoppers Drug Mart,-25.51,Healthcare,Family,Scotiabank,CAD
2026-08-01,Payroll Deposit,Payroll Deposit income deposit,7755.65,Income,Family,Scotiabank,CAD
2026-08-02,Mortgage Payment,Mortgage Payment debit transaction,-2366.03,Housing,Family,Scotiabank,CAD
2026-08-03,Kids & Company,Kids & Company purchase,-1042.61,Childcare,Family,Scotiabank,CAD
2026-08-05,Loblaws,Loblaws debit transaction,-339.99,Groceries,Family,Scotiabank,CAD
2026-08-05,School Lunch Program,Childcare payment - School Lunch Program,-678.52,Childcare,Family,Scotiabank,CAD
2026-08-06,Mortgage Payment,Mortgage Payment purchase,-3451.55,Housing,Family,Scotiabank,CAD
2026-08-09,Farm Boy,Farm Boy purchase,-236.07,Groceries,Family,Scotiabank,CAD
2026-08-09,Property Tax,Housing payment - Property Tax,-2686.25,Housing,Family,Scotiabank,CAD
2026-08-10,Enbridge Gas,Utilities payment - Enbridge Gas,-374.17,Utilities,Family,Scotiabank,CAD
2026-08-13,Farm Boy,Farm Boy debit transaction,-135.1,Groceries,Family,Scotiabank,CAD
2026-08-13,Loblaws,Groceries payment - Loblaws,-219.78,Groceries,Family,Scotiabank,CAD
2026-08-13,Walmart Grocery,Walmart Grocery purchase,-81.27,Groceries,Family,Scotiabank,CAD
2026-08-14,Shell,Scotiabank card transaction at Shell,-194.37,Transportation,Family,Scotiabank,CAD
2026-08-15,Disney+,Scotiabank card transaction at Disney+,-34.71,Subscriptions,Family,Scotiabank,CAD
2026-08-17,Kids & Company,Kids & Company debit transaction,-866.12,Childcare,Family,Scotiabank,CAD
2026-08-18,Manulife Insurance,Insurance payment - Manulife Insurance,-197.27,Insurance,Family,Scotiabank,CAD
2026-08-18,Swiss Chalet,Swiss Chalet debit transaction,-173.58,Dining,Family,Scotiabank,CAD
2026-08-19,Property Tax,Housing payment - Property Tax,-2544.81,Housing,Family,Scotiabank,CAD
2026-08-20,RESP Transfer,Scotiabank card transaction at RESP Transfer,-1080.15,Savings/Investments,Family,Scotiabank,CAD
2026-08-20,Shell,Shell debit transaction,-79.45,Transportation,Family,Scotiabank,CAD
2026-08-26,Canadian Tire Gas,Scotiabank card transaction at Canadian Tire Gas,-206.58,Transportation,Family,Scotiabank,CAD
2026-08-26,Shell,Shell purchase,-188.46,Transportation,Family,Scotiabank,CAD
2026-08-28,Boston Pizza,Scotiabank card transaction at Boston Pizza,-82.18,Dining,Family,Scotiabank,CAD
2026-08-29,School Lunch Program,School Lunch Program debit transaction,-695.17,Childcare,Family,Scotiabank,CAD
2026-08-30,Hydro One,Utilities payment - Hydro One,-282.52,Utilities,Family,Scotiabank,CAD
2026-08-30,School Lunch Program,Childcare payment - School Lunch Program,-386.08,Childcare,Family,Scotiabank,CAD
2026-08-30,Shell,Scotiabank card transaction at Shell,-197.43,Transportation,Family,Scotiabank,CAD
2026-09-01,Canada Child Benefit,Canada Child Benefit income deposit,7860.08,Income,Family,Scotiabank,CAD
2026-09-02,Property Tax,Property Tax purchase,-2775.25,Housing,Family,Scotiabank,CAD
2026-09-05,YMCA Childcare,Scotiabank card transaction at YMCA Childcare,-681.26,Childcare,Family,Scotiabank,CAD
2026-09-06,Boston Pizza,Boston Pizza purchase,-40.09,Dining,Family,Scotiabank,CAD
2026-09-10,Enbridge Gas,Utilities payment - Enbridge Gas,-165.82,Utilities,Family,Scotiabank,CAD
2026-09-15,Netflix,Subscriptions payment - Netflix,-14.84,Subscriptions,Family,Scotiabank,CAD
2026-09-16,Canada Child Benefit,Canada Child Benefit income deposit,7190.48,Income,Family,Scotiabank,CAD
2026-09-17,Costco,Scotiabank card transaction at Costco,-413.69,Groceries,Family,Scotiabank,CAD
2026-09-18,Manulife Insurance,Manulife Insurance debit transaction,-227.39,Insurance,Family,Scotiabank,CAD
2026-09-18,Mortgage Payment,Scotiabank card transaction at Mortgage Payment,-4292.33,Housing,Family,Scotiabank,CAD
2026-09-18,TFSA Transfer,Scotiabank card transaction at TFSA Transfer,-977.81,Savings/Investments,Family,Scotiabank,CAD
2026-09-20,TFSA Transfer,Savings/Investments payment - TFSA Transfer,-365.9,Savings/Investments,Family,Scotiabank,CAD
2026-09-23,Shell,Transportation payment - Shell,-198.49,Transportation,Family,Scotiabank,CAD
2026-09-24,Boston Pizza,Boston Pizza debit transaction,-116.84,Dining,Family,Scotiabank,CAD
2026-09-27,Enbridge Gas,Enbridge Gas purchase,-207.41,Utilities,Family,Scotiabank,CAD
2026-10-01,Canada Child Benefit,Canada Child Benefit income deposit,7390.71,Income,Family,Scotiabank,CAD
2026-10-02,Property Tax,Housing payment - Property Tax,-3460.64,Housing,Family,Scotiabank,CAD
2026-10-03,Walmart Grocery,Groceries payment - Walmart Grocery,-167.33,Groceries,Family,Scotiabank,CAD
2026-10-04,Boston Pizza,Scotiabank card transaction at Boston Pizza,-186.53,Dining,Family,Scotiabank,CAD
2026-10-04,Swiss Chalet,Swiss Chalet purchase,-49.35,Dining,Family,Scotiabank,CAD
2026-10-04,Uber Eats,Scotiabank card transaction at Uber Eats,-88.89,Dining,Family,Scotiabank,CAD
2026-10-05,School Lunch Program,Childcare payment - School Lunch Program,-572.55,Childcare,Family,Scotiabank,CAD
2026-10-06,Tim Hortons,Coffee payment - Tim Hortons,-23.09,Coffee,Family,Scotiabank,CAD
2026-10-07,School Lunch Program,Scotiabank card transaction at School Lunch Program,-142.47,Childcare,Family,Scotiabank,CAD
2026-10-07,Starbucks,Starbucks debit transaction,-18.98,Coffee,Family,Scotiabank,CAD
2026-10-08,Bell Internet,Scotiabank card transaction at Bell Internet,-386.56,Utilities,Family,Scotiabank,CAD
2026-10-08,Petro Canada,Petro Canada purchase,-120.82,Transportation,Family,Scotiabank,CAD
2026-10-10,Bell Internet,Bell Internet purchase,-109.59,Utilities,Family,Scotiabank,CAD
2026-10-10,Shell,Shell purchase,-112.09,Transportation,Family,Scotiabank,CAD
2026-10-10,Swiss Chalet,Scotiabank card transaction at Swiss Chalet,-67.1,Dining,Family,Scotiabank,CAD
2026-10-11,Wealthsimple,Scotiabank card transaction at Wealthsimple,-492.7,Savings/Investments,Family,Scotiabank,CAD
2026-10-14,School Lunch Program,School Lunch Program debit transaction,-318.05,Childcare,Family,Scotiabank,CAD
2026-10-15,Netflix,Netflix debit transaction,-29.04,Subscriptions,Family,Scotiabank,CAD
2026-10-16,Boston Pizza,Boston Pizza purchase,-37.98,Dining,Family,Scotiabank,CAD
2026-10-18,Sun Life,Sun Life debit transaction,-373.23,Insurance,Family,Scotiabank,CAD
2026-10-20,TFSA Transfer,Scotiabank card transaction at TFSA Transfer,-435.58,Savings/Investments,Family,Scotiabank,CAD
2026-10-21,Canada Child Benefit,Direct deposit from Canada Child Benefit,8894.93,Income,Family,Scotiabank,CAD
2026-10-21,Property Tax,Scotiabank card transaction at Property Tax,-4211.9,Housing,Family,Scotiabank,CAD
2026-10-23,Property Tax,Housing payment - Property Tax,-3116.06,Housing,Family,Scotiabank,CAD
2026-10-25,Starbucks,Starbucks purchase,-27.08,Coffee,Family,Scotiabank,CAD
2026-10-26,Shell,Transportation payment - Shell,-209.9,Transportation,Family,Scotiabank,CAD
2026-10-26,Walmart Grocery,Groceries payment - Walmart Grocery,-104.45,Groceries,Family,Scotiabank,CAD
2026-10-27,Petro Canada,Transportation payment - Petro Canada,-193.41,Transportation,Family,Scotiabank,CAD
2026-10-27,Swiss Chalet,Swiss Chalet debit transaction,-194.29,Dining,Family,Scotiabank,CAD
2026-11-01,Canada Child Benefit,Canada Child Benefit income deposit,7811.02,Income,Family,Scotiabank,CAD
2026-11-02,Property Tax,Housing payment - Property Tax,-2541.03,Housing,Family,Scotiabank,CAD
2026-11-04,Farm Boy,Scotiabank card transaction at Farm Boy,-203.05,Groceries,Family,Scotiabank,CAD
2026-11-04,Starbucks,Scotiabank card transaction at Starbucks,-12.09,Coffee,Family,Scotiabank,CAD
2026-11-05,YMCA Childcare,Childcare payment - YMCA Childcare,-987.32,Childcare,Family,Scotiabank,CAD
2026-11-06,Shell,Transportation payment - Shell,-80.17,Transportation,Family,Scotiabank,CAD
2026-11-07,Canadian Tire Gas,Canadian Tire Gas debit transaction,-118.93,Transportation,Family,Scotiabank,CAD
2026-11-09,Petro Canada,Scotiabank card transaction at Petro Canada,-233.83,Transportation,Family,Scotiabank,CAD
2026-11-10,Petro Canada,Petro Canada purchase,-230.29,Transportation,Family,Scotiabank,CAD
2026-11-10,Rogers Mobile,Utilities payment - Rogers Mobile,-373.08,Utilities,Family,Scotiabank,CAD
2026-11-14,Uber Eats,Scotiabank card transaction at Uber Eats,-106.1,Dining,Family,Scotiabank,CAD
2026-11-15,Spotify Family,Subscriptions payment - Spotify Family,-26.4,Subscriptions,Family,Scotiabank,CAD
2026-11-16,Uber Eats,Uber Eats debit transaction,-144.44,Dining,Family,Scotiabank,CAD
2026-11-18,Sun Life,Insurance payment - Sun Life,-321.58,Insurance,Family,Scotiabank,CAD
2026-11-20,LifeLabs,Healthcare payment - LifeLabs,-172.44,Healthcare,Family,Scotiabank,CAD
2026-11-20,Wealthsimple,Scotiabank card transaction at Wealthsimple,-1328.9,Savings/Investments,Family,Scotiabank,CAD
2026-11-23,Shell,Shell debit transaction,-258.39,Transportation,Family,Scotiabank,CAD
2026-11-23,Uber Eats,Dining payment - Uber Eats,-167.01,Dining,Family,Scotiabank,CAD
2026-11-24,Swiss Chalet,Dining payment - Swiss Chalet,-35.81,Dining,Family,Scotiabank,CAD
2026-11-25,Starbucks,Coffee payment - Starbucks,-15.74,Coffee,Family,Scotiabank,CAD
2026-11-26,Costco,Groceries payment - Costco,-367.31,Groceries,Family,Scotiabank,CAD
2026-11-29,Canada Child Benefit,Canada Child Benefit income deposit,7204.28,Income,Family,Scotiabank,CAD
2026-11-30,Walmart Grocery,Scotiabank card transaction at Walmart Grocery,-290.95,Groceries,Family,Scotiabank,CAD
2026-12-01,Canada Child Benefit,Direct deposit from Canada Child Benefit,6804.8,Income,Family,Scotiabank,CAD
2026-12-01,Walmart Grocery,Walmart Grocery debit transaction,-302.5,Groceries,Family,Scotiabank,CAD
2026-12-02,Loblaws,Groceries payment - Loblaws,-397.32,Groceries,Family,Scotiabank,CAD
2026-12-02,Petro Canada,Petro Canada debit transaction,-84.14,Transportation,Family,Scotiabank,CAD
2026-12-02,Property Tax,Scotiabank card transaction at Property Tax,-4032.69,Housing,Family,Scotiabank,CAD
2026-12-05,YMCA Childcare,YMCA Childcare debit transaction,-302.8,Childcare,Family,Scotiabank,CAD
2026-12-07,Canadian Tire Gas,Canadian Tire Gas debit transaction,-199.11,Transportation,Family,Scotiabank,CAD
2026-12-08,Tim Hortons,Coffee payment - Tim Hortons,-16.39,Coffee,Family,Scotiabank,CAD
2026-12-10,Bell Internet,Scotiabank card transaction at Bell Internet,-378.36,Utilities,Family,Scotiabank,CAD
2026-12-10,Property Tax,Property Tax purchase,-2622.12,Housing,Family,Scotiabank,CAD
2026-12-15,Netflix,Subscriptions payment - Netflix,-15.23,Subscriptions,Family,Scotiabank,CAD
2026-12-17,Petro Canada,Petro Canada purchase,-119.28,Transportation,Family,Scotiabank,CAD
2026-12-18,Manulife Insurance,Insurance payment - Manulife Insurance,-258.25,Insurance,Family,Scotiabank,CAD
2026-12-18,Petro Canada,Petro Canada purchase,-208.89,Transportation,Family,Scotiabank,CAD
2026-12-21,Walmart Grocery,Walmart Grocery purchase,-323.75,Groceries,Family,Scotiabank,CAD
2026-12-24,Uber Eats,Scotiabank card transaction at Uber Eats,-153.86,Dining,Family,Scotiabank,CAD
2026-12-28,Disney+,Subscriptions payment - Disney+,-20.37,Subscriptions,Family,Scotiabank,CAD
2026-12-28,Walmart Grocery,Groceries payment - Walmart Grocery,-388.42,Groceries,Family,Scotiabank,CAD
2026-12-30,LifeLabs,Scotiabank card transaction at LifeLabs,-344.57,Healthcare,Family,Scotiabank,CAD
2024-01-01,Payroll Deposit,Direct deposit from Payroll Deposit,5396.61,Income,Family,TD,CAD
2024-01-02,Property Tax,Property Tax debit transaction,-2691.79,Housing,Family,TD,CAD
2024-01-05,Netflix,TD card transaction at Netflix,-22.85,Subscriptions,Family,TD,CAD
2024-01-09,Netflix,Subscriptions payment - Netflix,-10.72,Subscriptions,Family,TD,CAD
2024-01-10,Hydro One,TD card transaction at Hydro One,-115.43,Utilities,Family,TD,CAD
2024-01-12,Canadian Tire Gas,Canadian Tire Gas purchase,-207.07,Transportation,Family,TD,CAD
2024-01-12,Dental Clinic,TD card transaction at Dental Clinic,-175.79,Healthcare,Family,TD,CAD
2024-01-14,Canadian Tire Gas,Canadian Tire Gas debit transaction,-234.14,Transportation,Family,TD,CAD
2024-01-14,Dental Clinic,Healthcare payment - Dental Clinic,-76.71,Healthcare,Family,TD,CAD
2024-01-14,RESP Transfer,RESP Transfer purchase,-1476.58,Savings/Investments,Family,TD,CAD
2024-01-15,Netflix,Subscriptions payment - Netflix,-21.15,Subscriptions,Family,TD,CAD
2024-01-15,Property Tax,Housing payment - Property Tax,-3272.21,Housing,Family,TD,CAD
2024-01-18,Manulife Insurance,TD card transaction at Manulife Insurance,-318.56,Insurance,Family,TD,CAD
2024-01-20,RESP Transfer,Savings/Investments payment - RESP Transfer,-1225.13,Savings/Investments,Family,TD,CAD
2024-01-20,Shoppers Drug Mart,Shoppers Drug Mart debit transaction,-201.41,Healthcare,Family,TD,CAD
2024-01-23,Tim Hortons,Tim Hortons debit transaction,-8.63,Coffee,Family,TD,CAD
2024-01-23,Walmart Grocery,Walmart Grocery purchase,-345.38,Groceries,Family,TD,CAD
2024-01-26,LifeLabs,TD card transaction at LifeLabs,-302.35,Healthcare,Family,TD,CAD
2024-01-26,Tim Hortons,Coffee payment - Tim Hortons,-6.01,Coffee,Family,TD,CAD
2024-01-27,RESP Transfer,RESP Transfer purchase,-360.08,Savings/Investments,Family,TD,CAD
2024-02-01,Payroll Deposit,Payroll Deposit income deposit,7043.64,Income,Family,TD,CAD
2024-02-01,Property Tax,Property Tax debit transaction,-4115.91,Housing,Family,TD,CAD
2024-02-02,Property Tax,Property Tax debit transaction,-3700.55,Housing,Family,TD,CAD
2024-02-03,LifeLabs,LifeLabs purchase,-314.24,Healthcare,Family,TD,CAD
2024-02-04,Farm Boy,Farm Boy debit transaction,-265.12,Groceries,Family,TD,CAD
2024-02-04,Starbucks,Starbucks debit transaction,-17.79,Coffee,Family,TD,CAD
2024-02-05,Kids & Company,TD card transaction at Kids & Company,-621.13,Childcare,Family,TD,CAD
2024-02-07,Canada Child Benefit,Direct deposit from Canada Child Benefit,7646.9,Income,Family,TD,CAD
2024-02-07,Loblaws,TD card transaction at Loblaws,-105.96,Groceries,Family,TD,CAD
2024-02-10,Canadian Tire Gas,Canadian Tire Gas debit transaction,-175.9,Transportation,Family,TD,CAD
2024-02-10,Hydro One,Hydro One purchase,-353.88,Utilities,Family,TD,CAD
2024-02-10,Starbucks,TD card transaction at Starbucks,-23.11,Coffee,Family,TD,CAD
2024-02-12,Costco,TD card transaction at Costco,-248.1,Groceries,Family,TD,CAD
2024-02-15,Netflix,TD card transaction at Netflix,-19.71,Subscriptions,Family,TD,CAD
2024-02-18,Sun Life,Insurance payment - Sun Life,-138.2,Insurance,Family,TD,CAD
2024-02-20,Wealthsimple,Savings/Investments payment - Wealthsimple,-989.73,Savings/Investments,Family,TD,CAD
2024-02-22,Starbucks,TD card transaction at Starbucks,-20.35,Coffee,Family,TD,CAD
2024-02-24,Farm Boy,TD card transaction at Farm Boy,-359.88,Groceries,Family,TD,CAD
2024-02-25,Farm Boy,Groceries payment - Farm Boy,-264.93,Groceries,Family,TD,CAD
2024-02-27,Uber Eats,TD card transaction at Uber Eats,-186.58,Dining,Family,TD,CAD
2024-02-29,Spotify Family,Spotify Family purchase,-25.42,Subscriptions,Family,TD,CAD
2024-03-01,Costco,TD card transaction at Costco,-264.04,Groceries,Family,TD,CAD
2024-03-01,Payroll Deposit,Direct deposit from Payroll Deposit,6936.06,Income,Family,TD,CAD
2024-03-01,Property Tax,Property Tax debit transaction,-2820.09,Housing,Family,TD,CAD
2024-03-02,Property Tax,Property Tax debit transaction,-2716.35,Housing,Family,TD,CAD
2024-03-04,Canadian Tire Gas,Canadian Tire Gas purchase,-157.22,Transportation,Family,TD,CAD
2024-03-05,Canadian Tire Gas,Canadian Tire Gas purchase,-177.38,Transportation,Family,TD,CAD
2024-03-05,Kids & Company,Kids & Company purchase,-205.76,Childcare,Family,TD,CAD
2024-03-05,Shell,Shell debit transaction,-98.17,Transportation,Family,TD,CAD
2024-03-10,Bell Internet,Bell Internet purchase,-208.22,Utilities,Family,TD,CAD
2024-03-15,Spotify Family,Subscriptions payment - Spotify Family,-23.15,Subscriptions,Family,TD,CAD
2024-03-16,LifeLabs,Healthcare payment - LifeLabs,-383.31,Healthcare,Family,TD,CAD
2024-03-16,Sun Life,Sun Life debit transaction,-165.03,Insurance,Family,TD,CAD
2024-03-18,Auto Insurance,Insurance payment - Auto Insurance,-273.86,Insurance,Family,TD,CAD
2024-03-18,Netflix,Subscriptions payment - Netflix,-18.26,Subscriptions,Family,TD,CAD
2024-03-19,Tim Hortons,Tim Hortons debit transaction,-22.18,Coffee,Family,TD,CAD
2024-03-21,Uber Eats,Uber Eats debit transaction,-119.45,Dining,Family,TD,CAD
2024-03-22,Enbridge Gas,Utilities payment - Enbridge Gas,-247.76,Utilities,Family,TD,CAD
2024-03-22,Farm Boy,Farm Boy debit transaction,-216.53,Groceries,Family,TD,CAD
2024-03-23,Boston Pizza,Boston Pizza debit transaction,-89.56,Dining,Family,TD,CAD
2024-03-26,Manulife Insurance,Manulife Insurance debit transaction,-154.95,Insurance,Family,TD,CAD
2024-04-01,Canada Child Benefit,Canada Child Benefit income deposit,9314.19,Income,Family,TD,CAD
2024-04-02,Property Tax,Property Tax purchase,-3020.82,Housing,Family,TD,CAD
2024-04-02,TFSA Transfer,TFSA Transfer purchase,-1450.87,Savings/Investments,Family,TD,CAD
2024-04-04,Loblaws,Groceries payment - Loblaws,-122.24,Groceries,Family,TD,CAD
2024-04-05,School Lunch Program,School Lunch Program purchase,-504.12,Childcare,Family,TD,CAD
2024-04-07,Boston Pizza,Boston Pizza purchase,-64.43,Dining,Family,TD,CAD
2024-04-10,Rogers Mobile,Rogers Mobile debit transaction,-245.92,Utilities,Family,TD,CAD
2024-04-11,Costco,Costco debit transaction,-396.15,Groceries,Family,TD,CAD
2024-04-11,Petro Canada,Petro Canada debit transaction,-240.6,Transportation,Family,TD,CAD
2024-04-12,Boston Pizza,TD card transaction at Boston Pizza,-113.51,Dining,Family,TD,CAD
2024-04-12,Farm Boy,Farm Boy purchase,-267.98,Groceries,Family,TD,CAD
2024-04-14,Starbucks,Starbucks purchase,-16.33,Coffee,Family,TD,CAD
2024-04-15,Netflix,Subscriptions payment - Netflix,-34.78,Subscriptions,Family,TD,CAD
2024-04-18,Walmart Grocery,Groceries payment - Walmart Grocery,-348.78,Groceries,Family,TD,CAD
2024-04-19,Shell,Shell debit transaction,-153.25,Transportation,Family,TD,CAD
2024-04-20,Walmart Grocery,TD card transaction at Walmart Grocery,-296.82,Groceries,Family,TD,CAD
2024-04-20,Wealthsimple,Wealthsimple debit transaction,-272.38,Savings/Investments,Family,TD,CAD
2024-04-25,Shoppers Drug Mart,Shoppers Drug Mart debit transaction,-277.2,Healthcare,Family,TD,CAD
2024-04-28,Boston Pizza,Boston Pizza debit transaction,-51.57,Dining,Family,TD,CAD
2024-05-01,Payroll Deposit,Payroll Deposit income deposit,9436.25,Income,Family,TD,CAD
2024-05-02,Mortgage Payment,Mortgage Payment debit transaction,-2420.1,Housing,Family,TD,CAD
2024-05-04,Property Tax,Property Tax debit transaction,-3414.8,Housing,Family,TD,CAD
2024-05-10,Bell Internet,Bell Internet purchase,-228.9,Utilities,Family,TD,CAD
2024-05-10,Wealthsimple,Wealthsimple purchase,-983.68,Savings/Investments,Family,TD,CAD
2024-05-11,Hydro One,Hydro One debit transaction,-386.33,Utilities,Family,TD,CAD
2024-05-13,TFSA Transfer,Savings/Investments payment - TFSA Transfer,-214.75,Savings/Investments,Family,TD,CAD
2024-05-15,Disney+,TD card transaction at Disney+,-12.44,Subscriptions,Family,TD,CAD
2024-05-16,Costco,TD card transaction at Costco,-171.04,Groceries,Family,TD,CAD
2024-05-16,Shell,TD card transaction at Shell,-136.49,Transportation,Family,TD,CAD
2024-05-16,Starbucks,Starbucks debit transaction,-18.83,Coffee,Family,TD,CAD
2024-05-18,Manulife Insurance,Manulife Insurance debit transaction,-290.53,Insurance,Family,TD,CAD
2024-05-18,Petro Canada,Petro Canada purchase,-176.6,Transportation,Family,TD,CAD
2024-05-20,Wealthsimple,TD card transaction at Wealthsimple,-577.51,Savings/Investments,Family,TD,CAD
2024-05-22,Canada Child Benefit,Direct deposit from Canada Child Benefit,9500.7,Income,Family,TD,CAD
2024-05-22,Swiss Chalet,Swiss Chalet purchase,-61.8,Dining,Family,TD,CAD
2024-05-23,Boston Pizza,Dining payment - Boston Pizza,-193.17,Dining,Family,TD,CAD
2024-05-23,Shoppers Drug Mart,Healthcare payment - Shoppers Drug Mart,-113.31,Healthcare,Family,TD,CAD
2024-05-25,Costco,Costco purchase,-185.56,Groceries,Family,TD,CAD
2024-05-25,Uber Eats,TD card transaction at Uber Eats,-123.12,Dining,Family,TD,CAD
2024-05-27,Canada Child Benefit,Canada Child Benefit income deposit,8329.88,Income,Family,TD,CAD
2024-05-27,Petro Canada,Transportation payment - Petro Canada,-230.22,Transportation,Family,TD,CAD
2024-05-28,Shoppers Drug Mart,Shoppers Drug Mart purchase,-273.83,Healthcare,Family,TD,CAD
2024-05-29,Petro Canada,Transportation payment - Petro Canada,-94.29,Transportation,Family,TD,CAD
2024-06-01,Canada Child Benefit,Direct deposit from Canada Child Benefit,8769.51,Income,Family,TD,CAD
2024-06-01,LifeLabs,LifeLabs purchase,-130.49,Healthcare,Family,TD,CAD
2024-06-02,Property Tax,TD card transaction at Property Tax,-2897.2,Housing,Family,TD,CAD
2024-06-04,Payroll Deposit,Payroll Deposit income deposit,9141.45,Income,Family,TD,CAD
2024-06-05,School Lunch Program,School Lunch Program debit transaction,-442.05,Childcare,Family,TD,CAD
2024-06-08,Payroll Deposit,Direct deposit from Payroll Deposit,6073.12,Income,Family,TD,CAD
2024-06-08,Property Tax,TD card transaction at Property Tax,-3540.33,Housing,Family,TD,CAD
2024-06-10,Rogers Mobile,Rogers Mobile debit transaction,-294.08,Utilities,Family,TD,CAD
2024-06-15,Dental Clinic,Dental Clinic purchase,-211.29,Healthcare,Family,TD,CAD
2024-06-15,Disney+,Disney+ debit transaction,-27.67,Subscriptions,Family,TD,CAD
2024-06-18,Manulife Insurance,Insurance payment - Manulife Insurance,-197.14,Insurance,Family,TD,CAD
2024-06-20,Farm Boy,Groceries payment - Farm Boy,-257.25,Groceries,Family,TD,CAD
2024-06-20,Shoppers Drug Mart,Healthcare payment - Shoppers Drug Mart,-96.84,Healthcare,Family,TD,CAD
2024-06-20,TFSA Transfer,TD card transaction at TFSA Transfer,-1095.47,Savings/Investments,Family,TD,CAD
2024-06-24,Auto Insurance,Auto Insurance debit transaction,-245.84,Insurance,Family,TD,CAD
2024-06-24,Canadian Tire Gas,Canadian Tire Gas debit transaction,-193.09,Transportation,Family,TD,CAD
2024-07-01,Payroll Deposit,Payroll Deposit income deposit,5809.98,Income,Family,TD,CAD
2024-07-02,Property Tax,Property Tax debit transaction,-3878.72,Housing,Family,TD,CAD
2024-07-03,Property Tax,Property Tax purchase,-3420.02,Housing,Family,TD,CAD
2024-07-04,Walmart Grocery,Walmart Grocery debit transaction,-355.66,Groceries,Family,TD,CAD
2024-07-06,LifeLabs,LifeLabs debit transaction,-46.83,Healthcare,Family,TD,CAD
2024-07-10,Farm Boy,Groceries payment - Farm Boy,-242.88,Groceries,Family,TD,CAD
2024-07-10,Hydro One,TD card transaction at Hydro One,-229.33,Utilities,Family,TD,CAD
2024-07-10,Starbucks,TD card transaction at Starbucks,-8.57,Coffee,Family,TD,CAD
2024-07-14,Costco,Costco debit transaction,-142.84,Groceries,Family,TD,CAD
2024-07-14,Netflix,Netflix purchase,-25.78,Subscriptions,Family,TD,CAD
2024-07-15,Disney+,TD card transaction at Disney+,-14.81,Subscriptions,Family,TD,CAD
2024-07-15,Manulife Insurance,TD card transaction at Manulife Insurance,-306.16,Insurance,Family,TD,CAD
2024-07-18,Sun Life,Sun Life purchase,-261.87,Insurance,Family,TD,CAD
2024-07-20,Wealthsimple,Wealthsimple purchase,-1445.88,Savings/Investments,Family,TD,CAD
2024-07-21,Starbucks,TD card transaction at Starbucks,-11.67,Coffee,Family,TD,CAD
2024-07-22,Shell,Transportation payment - Shell,-182.91,Transportation,Family,TD,CAD
2024-07-23,Petro Canada,Petro Canada debit transaction,-51.67,Transportation,Family,TD,CAD
2024-07-25,Boston Pizza,TD card transaction at Boston Pizza,-128.54,Dining,Family,TD,CAD
2024-07-26,Bell Internet,Bell Internet debit transaction,-154.99,Utilities,Family,TD,CAD
2024-07-29,Tim Hortons,Tim Hortons purchase,-7.17,Coffee,Family,TD,CAD
2024-07-31,Loblaws,TD card transaction at Loblaws,-196.02,Groceries,Family,TD,CAD
2024-08-01,Canada Child Benefit,Canada Child Benefit income deposit,9021.76,Income,Family,TD,CAD
2024-08-01,Costco,Costco debit transaction,-188.22,Groceries,Family,TD,CAD
2024-08-02,Mortgage Payment,Mortgage Payment debit transaction,-3281.97,Housing,Family,TD,CAD
2024-08-05,Boston Pizza,Boston Pizza debit transaction,-137.99,Dining,Family,TD,CAD
2024-08-05,Kids & Company,TD card transaction at Kids & Company,-122.16,Childcare,Family,TD,CAD
2024-08-07,Dental Clinic,Healthcare payment - Dental Clinic,-168.37,Healthcare,Family,TD,CAD
2024-08-07,Farm Boy,Farm Boy purchase,-358.82,Groceries,Family,TD,CAD
2024-08-08,Starbucks,Coffee payment - Starbucks,-13.79,Coffee,Family,TD,CAD
2024-08-10,Bell Internet,Bell Internet purchase,-363.82,Utilities,Family,TD,CAD
2024-08-13,Loblaws,Loblaws purchase,-306.92,Groceries,Family,TD,CAD
2024-08-14,Bell Internet,Utilities payment - Bell Internet,-160.71,Utilities,Family,TD,CAD
2024-08-14,Tim Hortons,Coffee payment - Tim Hortons,-18.8,Coffee,Family,TD,CAD
2024-08-15,Spotify Family,Spotify Family purchase,-22.69,Subscriptions,Family,TD,CAD
2024-08-15,TFSA Transfer,Savings/Investments payment - TFSA Transfer,-1484.98,Savings/Investments,Family,TD,CAD
2024-08-17,LifeLabs,LifeLabs debit transaction,-400.91,Healthcare,Family,TD,CAD
2024-08-17,LifeLabs,Healthcare payment - LifeLabs,-194.47,Healthcare,Family,TD,CAD
2024-08-18,Manulife Insurance,Manulife Insurance debit transaction,-157.4,Insurance,Family,TD,CAD
2024-08-18,RESP Transfer,TD card transaction at RESP Transfer,-615.59,Savings/Investments,Family,TD,CAD
2024-08-21,Uber Eats,Uber Eats debit transaction,-181.7,Dining,Family,TD,CAD
2024-08-22,Canadian Tire Gas,Canadian Tire Gas purchase,-223.05,Transportation,Family,TD,CAD
2024-08-22,Costco,Costco purchase,-252.91,Groceries,Family,TD,CAD
2024-08-24,Starbucks,Starbucks debit transaction,-5.81,Coffee,Family,TD,CAD
2024-08-26,Shell,TD card transaction at Shell,-63.53,Transportation,Family,TD,CAD
2024-08-26,Walmart Grocery,Walmart Grocery purchase,-405.39,Groceries,Family,TD,CAD
2024-08-27,Canada Child Benefit,Canada Child Benefit income deposit,8260.88,Income,Family,TD,CAD
2024-08-31,Uber Eats,Uber Eats purchase,-60.33,Dining,Family,TD,CAD
2024-09-01,Canada Child Benefit,Direct deposit from Canada Child Benefit,6507.68,Income,Family,TD,CAD
2024-09-01,Walmart Grocery,Groceries payment - Walmart Grocery,-171.46,Groceries,Family,TD,CAD
2024-09-02,Mortgage Payment,Mortgage Payment debit transaction,-3352.5,Housing,Family,TD,CAD
2024-09-04,Costco,TD card transaction at Costco,-250.81,Groceries,Family,TD,CAD
2024-09-05,School Lunch Program,School Lunch Program debit transaction,-124.44,Childcare,Family,TD,CAD
2024-09-06,Tim Hortons,TD card transaction at Tim Hortons,-19.0,Coffee,Family,TD,CAD
2024-09-07,Starbucks,Starbucks purchase,-18.51,Coffee,Family,TD,CAD
2024-09-10,Rogers Mobile,TD card transaction at Rogers Mobile,-191.1,Utilities,Family,TD,CAD
2024-09-11,Wealthsimple,Wealthsimple debit transaction,-491.73,Savings/Investments,Family,TD,CAD
2024-09-11,Wealthsimple,Savings/Investments payment - Wealthsimple,-688.21,Savings/Investments,Family,TD,CAD
2024-09-13,Petro Canada,TD card transaction at Petro Canada,-45.08,Transportation,Family,TD,CAD
2024-09-15,Netflix,TD card transaction at Netflix,-34.65,Subscriptions,Family,TD,CAD
2024-09-17,Sun Life,Insurance payment - Sun Life,-297.04,Insurance,Family,TD,CAD
2024-09-18,Auto Insurance,TD card transaction at Auto Insurance,-158.56,Insurance,Family,TD,CAD
2024-09-19,Swiss Chalet,Swiss Chalet purchase,-79.33,Dining,Family,TD,CAD
2024-09-20,Farm Boy,Farm Boy debit transaction,-268.52,Groceries,Family,TD,CAD
2024-09-21,Wealthsimple,Wealthsimple debit transaction,-340.06,Savings/Investments,Family,TD,CAD
2024-09-25,Sun Life,Insurance payment - Sun Life,-323.48,Insurance,Family,TD,CAD
2024-09-29,Disney+,Disney+ debit transaction,-27.7,Subscriptions,Family,TD,CAD
2024-09-29,Mortgage Payment,Mortgage Payment purchase,-3711.15,Housing,Family,TD,CAD
2024-10-01,Canada Child Benefit,Canada Child Benefit income deposit,7575.19,Income,Family,TD,CAD
2024-10-01,Petro Canada,TD card transaction at Petro Canada,-107.95,Transportation,Family,TD,CAD
2024-10-02,Mortgage Payment,Mortgage Payment purchase,-2945.59,Housing,Family,TD,CAD
2024-10-05,School Lunch Program,School Lunch Program debit transaction,-594.78,Childcare,Family,TD,CAD
2024-10-10,Bell Internet,Bell Internet debit transaction,-149.5,Utilities,Family,TD,CAD
2024-10-11,Uber Eats,Uber Eats purchase,-129.99,Dining,Family,TD,CAD
2024-10-15,Costco,Costco purchase,-376.54,Groceries,Family,TD,CAD
2024-10-15,Disney+,Disney+ debit transaction,-32.49,Subscriptions,Family,TD,CAD
2024-10-15,Walmart Grocery,Walmart Grocery purchase,-218.92,Groceries,Family,TD,CAD
2024-10-16,Property Tax,Property Tax debit transaction,-2658.99,Housing,Family,TD,CAD
2024-10-16,Tim Hortons,TD card transaction at Tim Hortons,-14.63,Coffee,Family,TD,CAD
2024-10-18,Manulife Insurance,TD card transaction at Manulife Insurance,-349.88,Insurance,Family,TD,CAD
2024-10-19,Farm Boy,Farm Boy purchase,-108.9,Groceries,Family,TD,CAD
2024-10-19,LifeLabs,Healthcare payment - LifeLabs,-353.42,Healthcare,Family,TD,CAD
2024-10-20,Kids & Company,Kids & Company purchase,-330.03,Childcare,Family,TD,CAD
2024-10-20,Walmart Grocery,Groceries payment - Walmart Grocery,-388.78,Groceries,Family,TD,CAD
2024-10-21,Shell,TD card transaction at Shell,-210.85,Transportation,Family,TD,CAD
2024-10-25,Canadian Tire Gas,Transportation payment - Canadian Tire Gas,-249.79,Transportation,Family,TD,CAD
2024-10-26,Tim Hortons,Coffee payment - Tim Hortons,-7.36,Coffee,Family,TD,CAD
2024-10-29,Canadian Tire Gas,Transportation payment - Canadian Tire Gas,-164.48,Transportation,Family,TD,CAD
2024-10-31,Canadian Tire Gas,TD card transaction at Canadian Tire Gas,-44.37,Transportation,Family,TD,CAD
2024-11-01,Payroll Deposit,Direct deposit from Payroll Deposit,6720.02,Income,Family,TD,CAD
2024-11-02,Mortgage Payment,Mortgage Payment purchase,-3793.52,Housing,Family,TD,CAD
2024-11-03,LifeLabs,LifeLabs debit transaction,-98.47,Healthcare,Family,TD,CAD
2024-11-05,YMCA Childcare,YMCA Childcare purchase,-993.7,Childcare,Family,TD,CAD
2024-11-09,Payroll Deposit,Payroll Deposit income deposit,7835.5,Income,Family,TD,CAD
2024-11-09,Shoppers Drug Mart,TD card transaction at Shoppers Drug Mart,-292.0,Healthcare,Family,TD,CAD
2024-11-10,Enbridge Gas,Utilities payment - Enbridge Gas,-266.75,Utilities,Family,TD,CAD
2024-11-11,Swiss Chalet,TD card transaction at Swiss Chalet,-73.63,Dining,Family,TD,CAD
2024-11-12,Walmart Grocery,TD card transaction at Walmart Grocery,-146.56,Groceries,Family,TD,CAD
2024-11-13,LifeLabs,LifeLabs debit transaction,-113.05,Healthcare,Family,TD,CAD
2024-11-13,TFSA Transfer,TFSA Transfer purchase,-125.9,Savings/Investments,Family,TD,CAD
2024-11-13,YMCA Childcare,YMCA Childcare debit transaction,-757.38,Childcare,Family,TD,CAD
2024-11-14,Auto Insurance,Insurance payment - Auto Insurance,-279.02,Insurance,Family,TD,CAD
2024-11-14,Uber Eats,Uber Eats purchase,-152.46,Dining,Family,TD,CAD
2024-11-15,Spotify Family,Subscriptions payment - Spotify Family,-12.22,Subscriptions,Family,TD,CAD
2024-11-16,Canadian Tire Gas,Transportation payment - Canadian Tire Gas,-113.81,Transportation,Family,TD,CAD
2024-11-17,Canada Child Benefit,Direct deposit from Canada Child Benefit,8449.89,Income,Family,TD,CAD
2024-11-18,Sun Life,Sun Life debit transaction,-90.74,Insurance,Family,TD,CAD
2024-11-21,Petro Canada,TD card transaction at Petro Canada,-68.17,Transportation,Family,TD,CAD
2024-11-21,Shoppers Drug Mart,TD card transaction at Shoppers Drug Mart,-181.19,Healthcare,Family,TD,CAD
2024-11-22,Payroll Deposit,Payroll Deposit income deposit,9399.2,Income,Family,TD,CAD
2024-11-25,Loblaws,Groceries payment - Loblaws,-377.35,Groceries,Family,TD,CAD
2024-11-25,Tim Hortons,Tim Hortons debit transaction,-16.9,Coffee,Family,TD,CAD
2024-11-26,Shell,Shell debit transaction,-35.35,Transportation,Family,TD,CAD
2024-11-26,Swiss Chalet,TD card transaction at Swiss Chalet,-121.15,Dining,Family,TD,CAD
2024-11-28,Walmart Grocery,Groceries payment - Walmart Grocery,-225.46,Groceries,Family,TD,CAD
2024-12-01,Payroll Deposit,Payroll Deposit income deposit,9260.86,Income,Family,TD,CAD
2024-12-01,Petro Canada,TD card transaction at Petro Canada,-231.23,Transportation,Family,TD,CAD
2024-12-01,RESP Transfer,RESP Transfer purchase,-617.89,Savings/Investments,Family,TD,CAD
2024-12-02,Property Tax,Housing payment - Property Tax,-3831.87,Housing,Family,TD,CAD
2024-12-03,Petro Canada,TD card transaction at Petro Canada,-169.27,Transportation,Family,TD,CAD
2024-12-04,Mortgage Payment,Housing payment - Mortgage Payment,-3278.2,Housing,Family,TD,CAD
2024-12-05,Canada Child Benefit,Canada Child Benefit income deposit,7058.93,Income,Family,TD,CAD
2024-12-05,YMCA Childcare,YMCA Childcare debit transaction,-758.71,Childcare,Family,TD,CAD
2024-12-06,Farm Boy,Groceries payment - Farm Boy,-382.67,Groceries,Family,TD,CAD
2024-12-07,Petro Canada,TD card transaction at Petro Canada,-54.86,Transportation,Family,TD,CAD
2024-12-08,Farm Boy,Groceries payment - Farm Boy,-231.13,Groceries,Family,TD,CAD
2024-12-08,Starbucks,Starbucks purchase,-21.79,Coffee,Family,TD,CAD
2024-12-08,Uber Eats,TD card transaction at Uber Eats,-181.88,Dining,Family,TD,CAD
2024-12-09,Boston Pizza,Dining payment - Boston Pizza,-204.08,Dining,Family,TD,CAD
2024-12-09,Walmart Grocery,TD card transaction at Walmart Grocery,-236.73,Groceries,Family,TD,CAD
2024-12-10,Hydro One,Hydro One debit transaction,-241.91,Utilities,Family,TD,CAD
2024-12-11,Uber Eats,Uber Eats debit transaction,-137.8,Dining,Family,TD,CAD
2024-12-13,Walmart Grocery,Walmart Grocery purchase,-146.86,Groceries,Family,TD,CAD
2024-12-15,Disney+,Disney+ purchase,-29.91,Subscriptions,Family,TD,CAD
2024-12-18,Auto Insurance,Auto Insurance purchase,-315.57,Insurance,Family,TD,CAD
2024-12-19,Property Tax,Housing payment - Property Tax,-2979.77,Housing,Family,TD,CAD
2024-12-20,Boston Pizza,TD card transaction at Boston Pizza,-154.72,Dining,Family,TD,CAD
2024-12-20,Starbucks,TD card transaction at Starbucks,-18.21,Coffee,Family,TD,CAD
2024-12-20,TFSA Transfer,TFSA Transfer debit transaction,-463.25,Savings/Investments,Family,TD,CAD
2024-12-23,Walmart Grocery,Walmart Grocery purchase,-253.21,Groceries,Family,TD,CAD
2024-12-31,Shell,Transportation payment - Shell,-129.78,Transportation,Family,TD,CAD
2025-01-01,Canada Child Benefit,Canada Child Benefit income deposit,6947.99,Income,Family,TD,CAD
2025-01-01,Canadian Tire Gas,Transportation payment - Canadian Tire Gas,-97.67,Transportation,Family,TD,CAD
2025-01-02,Mortgage Payment,Mortgage Payment debit transaction,-2640.03,Housing,Family,TD,CAD
2025-01-04,Farm Boy,TD card transaction at Farm Boy,-95.06,Groceries,Family,TD,CAD
2025-01-05,Kids & Company,Kids & Company purchase,-346.43,Childcare,Family,TD,CAD
2025-01-08,Canadian Tire Gas,Transportation payment - Canadian Tire Gas,-254.05,Transportation,Family,TD,CAD
2025-01-08,Payroll Deposit,Direct deposit from Payroll Deposit,5976.41,Income,Family,TD,CAD
2025-01-09,Canadian Tire Gas,TD card transaction at Canadian Tire Gas,-221.96,Transportation,Family,TD,CAD
2025-01-10,Rogers Mobile,TD card transaction at Rogers Mobile,-225.21,Utilities,Family,TD,CAD
2025-01-15,LifeLabs,TD card transaction at LifeLabs,-54.79,Healthcare,Family,TD,CAD
2025-01-15,Spotify Family,TD card transaction at Spotify Family,-34.27,Subscriptions,Family,TD,CAD
2025-01-17,Loblaws,Loblaws debit transaction,-323.75,Groceries,Family,TD,CAD
2025-01-18,Manulife Insurance,Insurance payment - Manulife Insurance,-173.33,Insurance,Family,TD,CAD
2025-01-20,LifeLabs,Healthcare payment - LifeLabs,-129.82,Healthcare,Family,TD,CAD
2025-01-20,RESP Transfer,Savings/Investments payment - RESP Transfer,-765.64,Savings/Investments,Family,TD,CAD
2025-01-21,Auto Insurance,TD card transaction at Auto Insurance,-113.24,Insurance,Family,TD,CAD
2025-01-21,LifeLabs,LifeLabs debit transaction,-389.51,Healthcare,Family,TD,CAD
2025-01-25,LifeLabs,LifeLabs debit transaction,-128.08,Healthcare,Family,TD,CAD
2025-01-25,Walmart Grocery,Walmart Grocery debit transaction,-376.7,Groceries,Family,TD,CAD
2025-01-30,Petro Canada,Transportation payment - Petro Canada,-178.81,Transportation,Family,TD,CAD
2025-02-01,Payroll Deposit,Payroll Deposit income deposit,7152.24,Income,Family,TD,CAD
2025-02-02,Canadian Tire Gas,Canadian Tire Gas purchase,-216.0,Transportation,Family,TD,CAD
2025-02-02,Canadian Tire Gas,TD card transaction at Canadian Tire Gas,-36.82,Transportation,Family,TD,CAD
2025-02-02,Dental Clinic,Healthcare payment - Dental Clinic,-213.82,Healthcare,Family,TD,CAD
2025-02-02,Mortgage Payment,TD card transaction at Mortgage Payment,-3770.51,Housing,Family,TD,CAD
2025-02-03,Swiss Chalet,TD card transaction at Swiss Chalet,-135.73,Dining,Family,TD,CAD
2025-02-04,Enbridge Gas,Enbridge Gas purchase,-167.01,Utilities,Family,TD,CAD
2025-02-05,YMCA Childcare,YMCA Childcare purchase,-190.55,Childcare,Family,TD,CAD
2025-02-09,Petro Canada,TD card transaction at Petro Canada,-147.54,Transportation,Family,TD,CAD
2025-02-10,Disney+,Disney+ debit transaction,-34.34,Subscriptions,Family,TD,CAD
2025-02-10,Enbridge Gas,TD card transaction at Enbridge Gas,-342.58,Utilities,Family,TD,CAD
2025-02-11,Dental Clinic,TD card transaction at Dental Clinic,-129.03,Healthcare,Family,TD,CAD
2025-02-12,Farm Boy,TD card transaction at Farm Boy,-104.46,Groceries,Family,TD,CAD
2025-02-12,RESP Transfer,RESP Transfer debit transaction,-708.63,Savings/Investments,Family,TD,CAD
2025-02-12,Shoppers Drug Mart,Shoppers Drug Mart debit transaction,-254.31,Healthcare,Family,TD,CAD
2025-02-12,Starbucks,Starbucks debit transaction,-6.4,Coffee,Family,TD,CAD
2025-02-13,Bell Internet,TD card transaction at Bell Internet,-260.14,Utilities,Family,TD,CAD
2025-02-14,Petro Canada,Petro Canada purchase,-162.74,Transportation,Family,TD,CAD
2025-02-15,Spotify Family,Subscriptions payment - Spotify Family,-25.82,Subscriptions,Family,TD,CAD
2025-02-18,Manulife Insurance,Insurance payment - Manulife Insurance,-303.06,Insurance,Family,TD,CAD
2025-02-20,Costco,Groceries payment - Costco,-229.8,Groceries,Family,TD,CAD
2025-02-20,RESP Transfer,RESP Transfer purchase,-1043.69,Savings/Investments,Family,TD,CAD
2025-02-21,Uber Eats,Uber Eats debit transaction,-65.2,Dining,Family,TD,CAD
2025-02-24,Dental Clinic,Healthcare payment - Dental Clinic,-61.73,Healthcare,Family,TD,CAD
2025-02-24,Starbucks,Coffee payment - Starbucks,-13.3,Coffee,Family,TD,CAD
2025-02-25,Canadian Tire Gas,TD card transaction at Canadian Tire Gas,-133.08,Transportation,Family,TD,CAD
2025-02-25,Walmart Grocery,Groceries payment - Walmart Grocery,-185.63,Groceries,Family,TD,CAD
2025-02-26,Starbucks,Starbucks purchase,-18.01,Coffee,Family,TD,CAD
2025-03-01,Canada Child Benefit,Canada Child Benefit income deposit,8070.63,Income,Family,TD,CAD
2025-03-02,Property Tax,TD card transaction at Property Tax,-4024.45,Housing,Family,TD,CAD
2025-03-04,LifeLabs,Healthcare payment - LifeLabs,-387.06,Healthcare,Family,TD,CAD
2025-03-05,School Lunch Program,School Lunch Program purchase,-934.57,Childcare,Family,TD,CAD
2025-03-09,Canadian Tire Gas,TD card transaction at Canadian Tire Gas,-203.39,Transportation,Family,TD,CAD
2025-03-10,Hydro One,Hydro One debit transaction,-211.33,Utilities,Family,TD,CAD
2025-03-11,Tim Hortons,Tim Hortons debit transaction,-17.81,Coffee,Family,TD,CAD
2025-03-12,Canadian Tire Gas,Transportation payment - Canadian Tire Gas,-142.48,Transportation,Family,TD,CAD
2025-03-12,Dental Clinic,Dental Clinic purchase,-81.27,Healthcare,Family,TD,CAD
2025-03-13,Dental Clinic,Dental Clinic debit transaction,-158.33,Healthcare,Family,TD,CAD
2025-03-14,Walmart Grocery,Groceries payment - Walmart Grocery,-331.22,Groceries,Family,TD,CAD
2025-03-15,Netflix,Netflix debit transaction,-22.93,Subscriptions,Family,TD,CAD
2025-03-17,RESP Transfer,Savings/Investments payment - RESP Transfer,-568.33,Savings/Investments,Family,TD,CAD
2025-03-18,Manulife Insurance,Manulife Insurance purchase,-260.18,Insurance,Family,TD,CAD
2025-03-19,Uber Eats,Dining payment - Uber Eats,-182.31,Dining,Family,TD,CAD
2025-03-20,Dental Clinic,Dental Clinic debit transaction,-155.62,Healthcare,Family,TD,CAD
2025-03-20,Wealthsimple,Savings/Investments payment - Wealthsimple,-508.17,Savings/Investments,Family,TD,CAD
2025-03-23,LifeLabs,TD card transaction at LifeLabs,-139.57,Healthcare,Family,TD,CAD
2025-03-26,Loblaws,TD card transaction at Loblaws,-330.87,Groceries,Family,TD,CAD
2025-03-31,Netflix,Netflix purchase,-13.68,Subscriptions,Family,TD,CAD
2025-04-01,Canada Child Benefit,Canada Child Benefit income deposit,8788.61,Income,Family,TD,CAD
2025-04-01,Farm Boy,TD card transaction at Farm Boy,-190.89,Groceries,Family,TD,CAD
2025-04-02,Property Tax,Property Tax debit transaction,-4191.65,Housing,Family,TD,CAD
2025-04-10,Bell Internet,Bell Internet purchase,-245.54,Utilities,Family,TD,CAD
2025-04-13,Wealthsimple,Wealthsimple purchase,-739.37,Savings/Investments,Family,TD,CAD
2025-04-15,Canada Child Benefit,Canada Child Benefit income deposit,8696.61,Income,Family,TD,CAD
2025-04-15,Netflix,TD card transaction at Netflix,-25.36,Subscriptions,Family,TD,CAD
2025-04-18,Boston Pizza,Dining payment - Boston Pizza,-150.02,Dining,Family,TD,CAD
2025-04-18,Manulife Insurance,Manulife Insurance purchase,-364.67,Insurance,Family,TD,CAD
2025-04-19,Petro Canada,Transportation payment - Petro Canada,-139.99,Transportation,Family,TD,CAD
2025-04-20,Wealthsimple,Wealthsimple purchase,-1327.97,Savings/Investments,Family,TD,CAD
2025-04-21,Property Tax,TD card transaction at Property Tax,-2534.62,Housing,Family,TD,CAD
2025-04-25,Payroll Deposit,Direct deposit from Payroll Deposit,7692.75,Income,Family,TD,CAD
2025-04-27,Uber Eats,TD card transaction at Uber Eats,-73.96,Dining,Family,TD,CAD
2025-04-28,Petro Canada,Petro Canada purchase,-112.8,Transportation,Family,TD,CAD
2025-05-01,Canada Child Benefit,Direct deposit from Canada Child Benefit,5995.56,Income,Family,TD,CAD
2025-05-01,Petro Canada,TD card transaction at Petro Canada,-39.1,Transportation,Family,TD,CAD
2025-05-02,Boston Pizza,Boston Pizza debit transaction,-172.8,Dining,Family,TD,CAD
2025-05-02,Property Tax,Property Tax purchase,-3808.73,Housing,Family,TD,CAD
2025-05-08,Canadian Tire Gas,Canadian Tire Gas purchase,-222.86,Transportation,Family,TD,CAD
2025-05-09,Shell,Transportation payment - Shell,-216.54,Transportation,Family,TD,CAD
2025-05-09,Walmart Grocery,Groceries payment - Walmart Grocery,-185.07,Groceries,Family,TD,CAD
2025-05-10,Enbridge Gas,Enbridge Gas debit transaction,-332.17,Utilities,Family,TD,CAD
2025-05-11,LifeLabs,TD card transaction at LifeLabs,-417.88,Healthcare,Family,TD,CAD
2025-05-12,Dental Clinic,Healthcare payment - Dental Clinic,-34.83,Healthcare,Family,TD,CAD
2025-05-13,Walmart Grocery,TD card transaction at Walmart Grocery,-115.31,Groceries,Family,TD,CAD
2025-05-15,Netflix,Subscriptions payment - Netflix,-12.52,Subscriptions,Family,TD,CAD
2025-05-15,Walmart Grocery,Walmart Grocery debit transaction,-290.66,Groceries,Family,TD,CAD
2025-05-18,Farm Boy,TD card transaction at Farm Boy,-377.68,Groceries,Family,TD,CAD
2025-05-18,Mortgage Payment,Housing payment - Mortgage Payment,-3918.8,Housing,Family,TD,CAD
2025-05-18,Starbucks,TD card transaction at Starbucks,-27.23,Coffee,Family,TD,CAD
2025-05-18,Sun Life,Sun Life debit transaction,-372.13,Insurance,Family,TD,CAD
2025-05-18,Sun Life,Insurance payment - Sun Life,-312.86,Insurance,Family,TD,CAD
2025-05-18,Tim Hortons,Tim Hortons purchase,-24.18,Coffee,Family,TD,CAD
2025-05-20,TFSA Transfer,TFSA Transfer purchase,-1088.58,Savings/Investments,Family,TD,CAD
2025-05-21,Petro Canada,Petro Canada purchase,-92.26,Transportation,Family,TD,CAD
2025-05-23,LifeLabs,LifeLabs debit transaction,-219.73,Healthcare,Family,TD,CAD
2025-05-24,Boston Pizza,TD card transaction at Boston Pizza,-180.75,Dining,Family,TD,CAD
2025-05-26,RESP Transfer,RESP Transfer debit transaction,-1308.35,Savings/Investments,Family,TD,CAD
2025-05-29,Bell Internet,Bell Internet debit transaction,-260.0,Utilities,Family,TD,CAD
2025-05-30,Boston Pizza,Boston Pizza purchase,-149.38,Dining,Family,TD,CAD
2025-06-01,Canadian Tire Gas,Canadian Tire Gas purchase,-96.22,Transportation,Family,TD,CAD
2025-06-01,Payroll Deposit,Payroll Deposit income deposit,8648.64,Income,Family,TD,CAD
2025-06-02,Mortgage Payment,Mortgage Payment debit transaction,-2694.2,Housing,Family,TD,CAD
2025-06-03,Payroll Deposit,Direct deposit from Payroll Deposit,5412.61,Income,Family,TD,CAD
2025-06-04,Loblaws,TD card transaction at Loblaws,-276.62,Groceries,Family,TD,CAD
2025-06-05,YMCA Childcare,TD card transaction at YMCA Childcare,-1076.07,Childcare,Family,TD,CAD
2025-06-10,Enbridge Gas,Enbridge Gas debit transaction,-352.29,Utilities,Family,TD,CAD
2025-06-11,Mortgage Payment,Mortgage Payment purchase,-3155.28,Housing,Family,TD,CAD
2025-06-11,Walmart Grocery,Walmart Grocery purchase,-215.28,Groceries,Family,TD,CAD
2025-06-12,Swiss Chalet,TD card transaction at Swiss Chalet,-158.07,Dining,Family,TD,CAD
2025-06-13,Boston Pizza,Boston Pizza debit transaction,-96.76,Dining,Family,TD,CAD
2025-06-14,Uber Eats,Uber Eats purchase,-120.58,Dining,Family,TD,CAD
2025-06-15,Disney+,Subscriptions payment - Disney+,-29.22,Subscriptions,Family,TD,CAD
2025-06-15,Walmart Grocery,Walmart Grocery debit transaction,-157.9,Groceries,Family,TD,CAD
2025-06-16,Tim Hortons,Tim Hortons purchase,-12.76,Coffee,Family,TD,CAD
2025-06-18,Shoppers Drug Mart,TD card transaction at Shoppers Drug Mart,-385.79,Healthcare,Family,TD,CAD
2025-06-18,Sun Life,Sun Life debit transaction,-170.66,Insurance,Family,TD,CAD
2025-06-19,Walmart Grocery,Walmart Grocery purchase,-246.22,Groceries,Family,TD,CAD
2025-06-20,Shell,Transportation payment - Shell,-239.92,Transportation,Family,TD,CAD
2025-06-23,Farm Boy,Farm Boy debit transaction,-401.01,Groceries,Family,TD,CAD
2025-06-26,Swiss Chalet,Dining payment - Swiss Chalet,-120.19,Dining,Family,TD,CAD
2025-07-01,Canada Child Benefit,Direct deposit from Canada Child Benefit,6101.68,Income,Family,TD,CAD
2025-07-02,Mortgage Payment,Mortgage Payment debit transaction,-2266.23,Housing,Family,TD,CAD
2025-07-04,Shoppers Drug Mart,Shoppers Drug Mart purchase,-338.92,Healthcare,Family,TD,CAD
2025-07-04,Uber Eats,Uber Eats purchase,-176.79,Dining,Family,TD,CAD
2025-07-05,Kids & Company,TD card transaction at Kids & Company,-913.81,Childcare,Family,TD,CAD
2025-07-05,Property Tax,Housing payment - Property Tax,-2802.98,Housing,Family,TD,CAD
2025-07-06,Dental Clinic,Dental Clinic purchase,-209.56,Healthcare,Family,TD,CAD
2025-07-06,Tim Hortons,Coffee payment - Tim Hortons,-10.46,Coffee,Family,TD,CAD
2025-07-10,Enbridge Gas,TD card transaction at Enbridge Gas,-374.69,Utilities,Family,TD,CAD
2025-07-10,Spotify Family,TD card transaction at Spotify Family,-12.87,Subscriptions,Family,TD,CAD
2025-07-11,School Lunch Program,School Lunch Program debit transaction,-706.81,Childcare,Family,TD,CAD
2025-07-12,Shoppers Drug Mart,TD card transaction at Shoppers Drug Mart,-132.07,Healthcare,Family,TD,CAD
2025-07-13,Starbucks,Starbucks purchase,-16.81,Coffee,Family,TD,CAD
2025-07-15,Spotify Family,TD card transaction at Spotify Family,-12.13,Subscriptions,Family,TD,CAD
2025-07-18,Sun Life,TD card transaction at Sun Life,-212.71,Insurance,Family,TD,CAD
2025-07-19,Shell,Transportation payment - Shell,-212.69,Transportation,Family,TD,CAD
2025-07-20,TFSA Transfer,TFSA Transfer debit transaction,-866.81,Savings/Investments,Family,TD,CAD
2025-07-25,Uber Eats,Uber Eats purchase,-59.76,Dining,Family,TD,CAD
2025-07-27,Costco,Costco debit transaction,-352.7,Groceries,Family,TD,CAD
2025-07-27,Tim Hortons,TD card transaction at Tim Hortons,-17.9,Coffee,Family,TD,CAD
2025-07-28,Payroll Deposit,Payroll Deposit income deposit,6367.52,Income,Family,TD,CAD
2025-07-28,Uber Eats,Dining payment - Uber Eats,-110.1,Dining,Family,TD,CAD
2025-07-30,Costco,Groceries payment - Costco,-309.01,Groceries,Family,TD,CAD
2025-07-30,Dental Clinic,TD card transaction at Dental Clinic,-300.03,Healthcare,Family,TD,CAD
2025-07-31,School Lunch Program,School Lunch Program purchase,-733.95,Childcare,Family,TD,CAD
2025-08-01,Canada Child Benefit,Direct deposit from Canada Child Benefit,5466.52,Income,Family,TD,CAD
2025-08-01,Manulife Insurance,Manulife Insurance purchase,-173.88,Insurance,Family,TD,CAD
2025-08-02,Mortgage Payment,Mortgage Payment purchase,-2344.84,Housing,Family,TD,CAD
2025-08-02,Petro Canada,Petro Canada purchase,-258.06,Transportation,Family,TD,CAD
2025-08-02,Swiss Chalet,Swiss Chalet purchase,-143.75,Dining,Family,TD,CAD
2025-08-05,Dental Clinic,Dental Clinic purchase,-132.78,Healthcare,Family,TD,CAD
2025-08-05,Uber Eats,Uber Eats debit transaction,-39.88,Dining,Family,TD,CAD
2025-08-05,YMCA Childcare,YMCA Childcare purchase,-593.52,Childcare,Family,TD,CAD
2025-08-08,Canadian Tire Gas,Transportation payment - Canadian Tire Gas,-119.87,Transportation,Family,TD,CAD
2025-08-09,Spotify Family,TD card transaction at Spotify Family,-14.27,Subscriptions,Family,TD,CAD
2025-08-09,Swiss Chalet,Swiss Chalet debit transaction,-69.71,Dining,Family,TD,CAD
2025-08-10,Enbridge Gas,Utilities payment - Enbridge Gas,-83.88,Utilities,Family,TD,CAD
2025-08-10,YMCA Childcare,YMCA Childcare purchase,-1095.02,Childcare,Family,TD,CAD
2025-08-15,Loblaws,Groceries payment - Loblaws,-254.42,Groceries,Family,TD,CAD
2025-08-15,Spotify Family,Subscriptions payment - Spotify Family,-24.02,Subscriptions,Family,TD,CAD
2025-08-18,Auto Insurance,Auto Insurance purchase,-269.14,Insurance,Family,TD,CAD
2025-08-19,Mortgage Payment,TD card transaction at Mortgage Payment,-3212.15,Housing,Family,TD,CAD
2025-08-20,Farm Boy,Groceries payment - Farm Boy,-307.57,Groceries,Family,TD,CAD
2025-08-20,RESP Transfer,Savings/Investments payment - RESP Transfer,-1320.88,Savings/Investments,Family,TD,CAD
2025-08-22,Canadian Tire Gas,Transportation payment - Canadian Tire Gas,-132.99,Transportation,Family,TD,CAD
2025-08-30,Petro Canada,TD card transaction at Petro Canada,-140.46,Transportation,Family,TD,CAD
2025-08-31,Boston Pizza,Boston Pizza purchase,-80.53,Dining,Family,TD,CAD
2025-09-01,Payroll Deposit,Direct deposit from Payroll Deposit,6980.76,Income,Family,TD,CAD
2025-09-02,Property Tax,Property Tax debit transaction,-3375.07,Housing,Family,TD,CAD
2025-09-03,Shell,Shell debit transaction,-178.46,Transportation,Family,TD,CAD
2025-09-05,Kids & Company,Childcare payment - Kids & Company,-679.96,Childcare,Family,TD,CAD
2025-09-06,Petro Canada,Transportation payment - Petro Canada,-214.08,Transportation,Family,TD,CAD
2025-09-09,Farm Boy,Groceries payment - Farm Boy,-238.87,Groceries,Family,TD,CAD
2025-09-10,Hydro One,Utilities payment - Hydro One,-174.27,Utilities,Family,TD,CAD
2025-09-10,Starbucks,Starbucks debit transaction,-12.73,Coffee,Family,TD,CAD
2025-09-11,Loblaws,Loblaws debit transaction,-244.01,Groceries,Family,TD,CAD
2025-09-13,TFSA Transfer,Savings/Investments payment - TFSA Transfer,-1483.76,Savings/Investments,Family,TD,CAD
2025-09-16,Dental Clinic,Dental Clinic debit transaction,-380.83,Healthcare,Family,TD,CAD
2025-09-16,Kids & Company,Kids & Company debit transaction,-929.84,Childcare,Family,TD,CAD
2025-09-18,Manulife Insurance,Insurance payment - Manulife Insurance,-186.89,Insurance,Family,TD,CAD
2025-09-19,Costco,Costco purchase,-216.43,Groceries,Family,TD,CAD
2025-09-19,Starbucks,Coffee payment - Starbucks,-19.84,Coffee,Family,TD,CAD
2025-09-20,Wealthsimple,TD card transaction at Wealthsimple,-388.19,Savings/Investments,Family,TD,CAD
2025-09-21,Canadian Tire Gas,Transportation payment - Canadian Tire Gas,-157.48,Transportation,Family,TD,CAD
2025-09-23,Starbucks,Coffee payment - Starbucks,-20.7,Coffee,Family,TD,CAD
2025-09-23,Walmart Grocery,Walmart Grocery debit transaction,-287.14,Groceries,Family,TD,CAD
2025-09-24,Manulife Insurance,TD card transaction at Manulife Insurance,-113.53,Insurance,Family,TD,CAD
2025-09-24,Petro Canada,Petro Canada debit transaction,-210.72,Transportation,Family,TD,CAD
2025-09-28,Shoppers Drug Mart,Shoppers Drug Mart debit transaction,-99.59,Healthcare,Family,TD,CAD
2025-09-28,Uber Eats,TD card transaction at Uber Eats,-132.76,Dining,Family,TD,CAD
2025-10-01,Payroll Deposit,Direct deposit from Payroll Deposit,7077.97,Income,Family,TD,CAD
2025-10-02,Property Tax,Housing payment - Property Tax,-3345.78,Housing,Family,TD,CAD
2025-10-04,Walmart Grocery,Walmart Grocery purchase,-377.87,Groceries,Family,TD,CAD
2025-10-09,Canada Child Benefit,Direct deposit from Canada Child Benefit,8328.23,Income,Family,TD,CAD
2025-10-10,Canadian Tire Gas,Canadian Tire Gas purchase,-64.15,Transportation,Family,TD,CAD
2025-10-10,Enbridge Gas,TD card transaction at Enbridge Gas,-354.73,Utilities,Family,TD,CAD
2025-10-10,RESP Transfer,RESP Transfer purchase,-1002.11,Savings/Investments,Family,TD,CAD
2025-10-12,Canada Child Benefit,Direct deposit from Canada Child Benefit,6077.35,Income,Family,TD,CAD
2025-10-13,Dental Clinic,TD card transaction at Dental Clinic,-66.12,Healthcare,Family,TD,CAD
2025-10-13,Walmart Grocery,Walmart Grocery debit transaction,-342.31,Groceries,Family,TD,CAD
2025-10-14,Petro Canada,Transportation payment - Petro Canada,-239.2,Transportation,Family,TD,CAD
2025-10-15,Disney+,Subscriptions payment - Disney+,-21.62,Subscriptions,Family,TD,CAD
2025-10-16,Costco,TD card transaction at Costco,-194.94,Groceries,Family,TD,CAD
2025-10-16,Shell,Transportation payment - Shell,-53.33,Transportation,Family,TD,CAD
2025-10-18,Manulife Insurance,TD card transaction at Manulife Insurance,-103.43,Insurance,Family,TD,CAD
2025-10-20,RESP Transfer,RESP Transfer purchase,-681.66,Savings/Investments,Family,TD,CAD
2025-10-21,LifeLabs,TD card transaction at LifeLabs,-103.53,Healthcare,Family,TD,CAD
2025-10-23,Petro Canada,Petro Canada purchase,-78.26,Transportation,Family,TD,CAD
2025-10-29,Bell Internet,Utilities payment - Bell Internet,-256.42,Utilities,Family,TD,CAD
2025-10-30,Swiss Chalet,Swiss Chalet debit transaction,-68.14,Dining,Family,TD,CAD
2025-11-01,Canada Child Benefit,Canada Child Benefit income deposit,8311.08,Income,Family,TD,CAD
2025-11-02,Mortgage Payment,Mortgage Payment purchase,-3291.08,Housing,Family,TD,CAD
2025-11-02,Petro Canada,Transportation payment - Petro Canada,-168.73,Transportation,Family,TD,CAD
2025-11-05,LifeLabs,Healthcare payment - LifeLabs,-246.34,Healthcare,Family,TD,CAD
2025-11-05,YMCA Childcare,Childcare payment - YMCA Childcare,-525.29,Childcare,Family,TD,CAD
2025-11-08,Costco,Costco debit transaction,-140.2,Groceries,Family,TD,CAD
2025-11-10,Rogers Mobile,Rogers Mobile purchase,-371.19,Utilities,Family,TD,CAD
2025-11-10,Starbucks,TD card transaction at Starbucks,-25.63,Coffee,Family,TD,CAD
2025-11-11,Tim Hortons,Coffee payment - Tim Hortons,-25.61,Coffee,Family,TD,CAD
2025-11-15,Disney+,Subscriptions payment - Disney+,-19.05,Subscriptions,Family,TD,CAD
2025-11-18,Manulife Insurance,Manulife Insurance purchase,-222.66,Insurance,Family,TD,CAD
2025-11-19,Starbucks,TD card transaction at Starbucks,-21.12,Coffee,Family,TD,CAD
2025-11-20,TFSA Transfer,Savings/Investments payment - TFSA Transfer,-612.13,Savings/Investments,Family,TD,CAD
2025-11-21,Costco,Groceries payment - Costco,-338.5,Groceries,Family,TD,CAD
2025-11-28,Shoppers Drug Mart,Shoppers Drug Mart purchase,-42.22,Healthcare,Family,TD,CAD
2025-11-28,Tim Hortons,TD card transaction at Tim Hortons,-7.68,Coffee,Family,TD,CAD
2025-11-29,Canadian Tire Gas,TD card transaction at Canadian Tire Gas,-218.97,Transportation,Family,TD,CAD
2025-12-01,Canada Child Benefit,Direct deposit from Canada Child Benefit,5965.53,Income,Family,TD,CAD
2025-12-02,Property Tax,Property Tax debit transaction,-4034.55,Housing,Family,TD,CAD
2025-12-03,Loblaws,Loblaws debit transaction,-182.13,Groceries,Family,TD,CAD
2025-12-07,Uber Eats,Dining payment - Uber Eats,-60.26,Dining,Family,TD,CAD
2025-12-08,Shell,Shell debit transaction,-188.99,Transportation,Family,TD,CAD
2025-12-10,Rogers Mobile,Rogers Mobile purchase,-307.83,Utilities,Family,TD,CAD
2025-12-12,Shell,Shell purchase,-64.25,Transportation,Family,TD,CAD
2025-12-13,Payroll Deposit,Direct deposit from Payroll Deposit,7413.89,Income,Family,TD,CAD
2025-12-14,Canadian Tire Gas,Canadian Tire Gas debit transaction,-77.17,Transportation,Family,TD,CAD
2025-12-14,Shell,Shell debit transaction,-99.67,Transportation,Family,TD,CAD
2025-12-15,Dental Clinic,Dental Clinic debit transaction,-323.89,Healthcare,Family,TD,CAD
2025-12-15,Disney+,Disney+ purchase,-29.69,Subscriptions,Family,TD,CAD
2025-12-16,Uber Eats,Uber Eats purchase,-144.34,Dining,Family,TD,CAD
2025-12-17,Tim Hortons,TD card transaction at Tim Hortons,-22.06,Coffee,Family,TD,CAD
2025-12-17,Walmart Grocery,TD card transaction at Walmart Grocery,-171.24,Groceries,Family,TD,CAD
2025-12-18,Bell Internet,Bell Internet debit transaction,-148.57,Utilities,Family,TD,CAD
2025-12-18,Manulife Insurance,Manulife Insurance debit transaction,-263.12,Insurance,Family,TD,CAD
2025-12-20,Boston Pizza,TD card transaction at Boston Pizza,-116.97,Dining,Family,TD,CAD
2025-12-25,Costco,Costco debit transaction,-277.19,Groceries,Family,TD,CAD
2025-12-26,Disney+,Subscriptions payment - Disney+,-22.0,Subscriptions,Family,TD,CAD
2025-12-27,Starbucks,Coffee payment - Starbucks,-13.72,Coffee,Family,TD,CAD
2025-12-29,Boston Pizza,Dining payment - Boston Pizza,-190.81,Dining,Family,TD,CAD
2025-12-30,Starbucks,Coffee payment - Starbucks,-6.56,Coffee,Family,TD,CAD
2026-01-01,Canada Child Benefit,Canada Child Benefit income deposit,6249.05,Income,Family,TD,CAD
2026-01-02,Loblaws,Loblaws debit transaction,-302.75,Groceries,Family,TD,CAD
2026-01-02,Mortgage Payment,Mortgage Payment purchase,-3593.29,Housing,Family,TD,CAD
2026-01-03,Canadian Tire Gas,TD card transaction at Canadian Tire Gas,-63.32,Transportation,Family,TD,CAD
2026-01-05,Kids & Company,Kids & Company debit transaction,-1079.31,Childcare,Family,TD,CAD
2026-01-05,Loblaws,TD card transaction at Loblaws,-168.98,Groceries,Family,TD,CAD
2026-01-09,Shell,Transportation payment - Shell,-251.0,Transportation,Family,TD,CAD
2026-01-10,Enbridge Gas,Enbridge Gas purchase,-401.04,Utilities,Family,TD,CAD
2026-01-13,Loblaws,Groceries payment - Loblaws,-316.14,Groceries,Family,TD,CAD
2026-01-14,Petro Canada,Petro Canada purchase,-232.73,Transportation,Family,TD,CAD
2026-01-15,Spotify Family,Subscriptions payment - Spotify Family,-29.69,Subscriptions,Family,TD,CAD
2026-01-16,Starbucks,Starbucks debit transaction,-5.15,Coffee,Family,TD,CAD
2026-01-18,Auto Insurance,TD card transaction at Auto Insurance,-211.75,Insurance,Family,TD,CAD
2026-01-18,Dental Clinic,TD card transaction at Dental Clinic,-75.09,Healthcare,Family,TD,CAD
2026-01-18,LifeLabs,LifeLabs debit transaction,-353.63,Healthcare,Family,TD,CAD
2026-01-20,Petro Canada,Petro Canada purchase,-107.11,Transportation,Family,TD,CAD
2026-01-25,LifeLabs,TD card transaction at LifeLabs,-266.58,Healthcare,Family,TD,CAD
2026-01-27,Petro Canada,Petro Canada debit transaction,-68.15,Transportation,Family,TD,CAD
2026-01-27,Shell,Shell debit transaction,-124.1,Transportation,Family,TD,CAD
2026-01-30,Loblaws,Loblaws purchase,-155.08,Groceries,Family,TD,CAD
2026-01-31,RESP Transfer,TD card transaction at RESP Transfer,-1427.5,Savings/Investments,Family,TD,CAD
2026-01-31,Uber Eats,TD card transaction at Uber Eats,-196.52,Dining,Family,TD,CAD
2026-02-01,Canada Child Benefit,Direct deposit from Canada Child Benefit,9170.01,Income,Family,TD,CAD
2026-02-02,Property Tax,Housing payment - Property Tax,-3417.12,Housing,Family,TD,CAD
2026-02-02,Swiss Chalet,Dining payment - Swiss Chalet,-154.52,Dining,Family,TD,CAD
2026-02-02,Uber Eats,TD card transaction at Uber Eats,-65.81,Dining,Family,TD,CAD
2026-02-05,Boston Pizza,Dining payment - Boston Pizza,-123.07,Dining,Family,TD,CAD
2026-02-05,Kids & Company,TD card transaction at Kids & Company,-291.03,Childcare,Family,TD,CAD
2026-02-08,Canadian Tire Gas,Canadian Tire Gas debit transaction,-103.8,Transportation,Family,TD,CAD
2026-02-08,Shoppers Drug Mart,Shoppers Drug Mart purchase,-393.7,Healthcare,Family,TD,CAD
2026-02-10,Hydro One,Utilities payment - Hydro One,-230.58,Utilities,Family,TD,CAD
2026-02-11,Petro Canada,Petro Canada debit transaction,-201.35,Transportation,Family,TD,CAD
2026-02-14,Loblaws,Loblaws debit transaction,-332.2,Groceries,Family,TD,CAD
2026-02-14,Rogers Mobile,Rogers Mobile purchase,-367.67,Utilities,Family,TD,CAD
2026-02-14,Starbucks,TD card transaction at Starbucks,-24.38,Coffee,Family,TD,CAD
2026-02-15,Disney+,Disney+ debit transaction,-25.73,Subscriptions,Family,TD,CAD
2026-02-18,Auto Insurance,Auto Insurance debit transaction,-176.98,Insurance,Family,TD,CAD
2026-02-20,Starbucks,Starbucks purchase,-18.22,Coffee,Family,TD,CAD
2026-02-20,TFSA Transfer,TFSA Transfer debit transaction,-289.67,Savings/Investments,Family,TD,CAD
2026-02-22,Shell,Transportation payment - Shell,-167.18,Transportation,Family,TD,CAD
2026-02-23,LifeLabs,LifeLabs debit transaction,-283.44,Healthcare,Family,TD,CAD
2026-02-24,Farm Boy,Farm Boy debit transaction,-216.91,Groceries,Family,TD,CAD
2026-02-27,Swiss Chalet,TD card transaction at Swiss Chalet,-90.67,Dining,Family,TD,CAD
2026-02-27,YMCA Childcare,TD card transaction at YMCA Childcare,-430.92,Childcare,Family,TD,CAD
2026-03-01,Loblaws,Groceries payment - Loblaws,-152.53,Groceries,Family,TD,CAD
2026-03-01,Payroll Deposit,Direct deposit from Payroll Deposit,7146.26,Income,Family,TD,CAD
2026-03-02,Canadian Tire Gas,TD card transaction at Canadian Tire Gas,-69.17,Transportation,Family,TD,CAD
2026-03-02,Property Tax,Property Tax purchase,-3901.48,Housing,Family,TD,CAD
2026-03-05,YMCA Childcare,TD card transaction at YMCA Childcare,-958.73,Childcare,Family,TD,CAD
2026-03-07,Tim Hortons,Tim Hortons purchase,-5.3,Coffee,Family,TD,CAD
2026-03-10,Hydro One,TD card transaction at Hydro One,-402.05,Utilities,Family,TD,CAD
2026-03-10,Loblaws,Groceries payment - Loblaws,-397.36,Groceries,Family,TD,CAD
2026-03-10,Petro Canada,Petro Canada purchase,-52.71,Transportation,Family,TD,CAD
2026-03-12,Swiss Chalet,Swiss Chalet purchase,-91.73,Dining,Family,TD,CAD
2026-03-13,Swiss Chalet,Swiss Chalet purchase,-56.96,Dining,Family,TD,CAD
2026-03-15,Netflix,Netflix debit transaction,-30.56,Subscriptions,Family,TD,CAD
2026-03-18,Manulife Insurance,Manulife Insurance purchase,-362.12,Insurance,Family,TD,CAD
2026-03-21,Costco,TD card transaction at Costco,-144.9,Groceries,Family,TD,CAD
2026-03-26,Shell,TD card transaction at Shell,-177.66,Transportation,Family,TD,CAD
2026-03-27,Canadian Tire Gas,TD card transaction at Canadian Tire Gas,-247.92,Transportation,Family,TD,CAD
2026-03-30,Property Tax,Property Tax debit transaction,-2788.65,Housing,Family,TD,CAD
2026-04-01,Payroll Deposit,Payroll Deposit income deposit,8491.29,Income,Family,TD,CAD
2026-04-02,LifeLabs,LifeLabs purchase,-63.72,Healthcare,Family,TD,CAD
2026-04-02,Property Tax,Property Tax debit transaction,-3959.83,Housing,Family,TD,CAD
2026-04-03,Auto Insurance,Auto Insurance debit transaction,-269.19,Insurance,Family,TD,CAD
2026-04-03,Uber Eats,Uber Eats purchase,-81.15,Dining,Family,TD,CAD
2026-04-04,Farm Boy,TD card transaction at Farm Boy,-315.28,Groceries,Family,TD,CAD
2026-04-05,Kids & Company,TD card transaction at Kids & Company,-714.97,Childcare,Family,TD,CAD
2026-04-07,LifeLabs,Healthcare payment - LifeLabs,-29.59,Healthcare,Family,TD,CAD
2026-04-08,Boston Pizza,Boston Pizza purchase,-181.98,Dining,Family,TD,CAD
2026-04-10,Bell Internet,Utilities payment - Bell Internet,-160.73,Utilities,Family,TD,CAD
2026-04-12,Walmart Grocery,Groceries payment - Walmart Grocery,-402.79,Groceries,Family,TD,CAD
2026-04-14,Canadian Tire Gas,Canadian Tire Gas debit transaction,-106.29,Transportation,Family,TD,CAD
2026-04-14,Petro Canada,Petro Canada purchase,-105.35,Transportation,Family,TD,CAD
2026-04-15,Disney+,TD card transaction at Disney+,-30.17,Subscriptions,Family,TD,CAD
2026-04-15,Netflix,Netflix purchase,-28.32,Subscriptions,Family,TD,CAD
2026-04-15,Property Tax,Property Tax debit transaction,-2355.71,Housing,Family,TD,CAD
2026-04-17,Swiss Chalet,Swiss Chalet debit transaction,-206.62,Dining,Family,TD,CAD
2026-04-18,Auto Insurance,TD card transaction at Auto Insurance,-278.63,Insurance,Family,TD,CAD
2026-04-20,TFSA Transfer,TFSA Transfer purchase,-906.92,Savings/Investments,Family,TD,CAD
2026-04-29,Dental Clinic,Dental Clinic purchase,-142.43,Healthcare,Family,TD,CAD
2026-04-30,Shoppers Drug Mart,TD card transaction at Shoppers Drug Mart,-326.12,Healthcare,Family,TD,CAD
2026-04-30,Walmart Grocery,Walmart Grocery purchase,-289.6,Groceries,Family,TD,CAD
2026-05-01,Canada Child Benefit,Canada Child Benefit income deposit,8219.64,Income,Family,TD,CAD
2026-05-02,LifeLabs,Healthcare payment - LifeLabs,-171.57,Healthcare,Family,TD,CAD
2026-05-02,Property Tax,Property Tax debit transaction,-3913.07,Housing,Family,TD,CAD
2026-05-02,Shell,Transportation payment - Shell,-170.82,Transportation,Family,TD,CAD
2026-05-02,Uber Eats,Dining payment - Uber Eats,-93.46,Dining,Family,TD,CAD
2026-05-03,Walmart Grocery,TD card transaction at Walmart Grocery,-397.08,Groceries,Family,TD,CAD
2026-05-04,Farm Boy,Groceries payment - Farm Boy,-210.7,Groceries,Family,TD,CAD
2026-05-09,Dental Clinic,TD card transaction at Dental Clinic,-293.52,Healthcare,Family,TD,CAD
2026-05-09,Shoppers Drug Mart,Healthcare payment - Shoppers Drug Mart,-212.32,Healthcare,Family,TD,CAD
2026-05-10,Hydro One,TD card transaction at Hydro One,-232.13,Utilities,Family,TD,CAD
2026-05-12,Shell,Transportation payment - Shell,-98.61,Transportation,Family,TD,CAD
2026-05-14,Costco,Groceries payment - Costco,-320.63,Groceries,Family,TD,CAD
2026-05-15,Disney+,Subscriptions payment - Disney+,-19.31,Subscriptions,Family,TD,CAD
2026-05-17,Petro Canada,Petro Canada debit transaction,-198.61,Transportation,Family,TD,CAD
2026-05-17,Swiss Chalet,Swiss Chalet purchase,-37.11,Dining,Family,TD,CAD
2026-05-18,Auto Insurance,TD card transaction at Auto Insurance,-106.49,Insurance,Family,TD,CAD
2026-05-18,LifeLabs,LifeLabs debit transaction,-184.66,Healthcare,Family,TD,CAD
2026-05-22,Uber Eats,Dining payment - Uber Eats,-180.64,Dining,Family,TD,CAD
2026-05-22,Uber Eats,Uber Eats debit transaction,-188.5,Dining,Family,TD,CAD
2026-05-25,Boston Pizza,Boston Pizza debit transaction,-101.53,Dining,Family,TD,CAD
2026-05-25,Canadian Tire Gas,Canadian Tire Gas purchase,-250.87,Transportation,Family,TD,CAD
2026-05-26,Costco,Costco debit transaction,-155.07,Groceries,Family,TD,CAD
2026-06-01,Canada Child Benefit,Direct deposit from Canada Child Benefit,5586.4,Income,Family,TD,CAD
2026-06-02,Mortgage Payment,TD card transaction at Mortgage Payment,-4201.67,Housing,Family,TD,CAD
2026-06-03,Dental Clinic,Dental Clinic debit transaction,-121.94,Healthcare,Family,TD,CAD
2026-06-05,Kids & Company,Kids & Company purchase,-772.49,Childcare,Family,TD,CAD
2026-06-05,Tim Hortons,Tim Hortons purchase,-12.57,Coffee,Family,TD,CAD
2026-06-07,Farm Boy,Farm Boy debit transaction,-85.53,Groceries,Family,TD,CAD
2026-06-08,Starbucks,Coffee payment - Starbucks,-21.18,Coffee,Family,TD,CAD
2026-06-10,Bell Internet,Bell Internet purchase,-303.78,Utilities,Family,TD,CAD
2026-06-10,Loblaws,Loblaws debit transaction,-394.88,Groceries,Family,TD,CAD
2026-06-12,Costco,TD card transaction at Costco,-359.15,Groceries,Family,TD,CAD
2026-06-12,Wealthsimple,TD card transaction at Wealthsimple,-237.06,Savings/Investments,Family,TD,CAD
2026-06-14,Tim Hortons,TD card transaction at Tim Hortons,-22.44,Coffee,Family,TD,CAD
2026-06-15,Netflix,Subscriptions payment - Netflix,-13.38,Subscriptions,Family,TD,CAD
2026-06-17,Costco,Costco purchase,-391.48,Groceries,Family,TD,CAD
2026-06-18,Auto Insurance,Auto Insurance debit transaction,-248.25,Insurance,Family,TD,CAD
2026-06-18,Boston Pizza,Dining payment - Boston Pizza,-152.83,Dining,Family,TD,CAD
2026-06-20,TFSA Transfer,TFSA Transfer debit transaction,-119.78,Savings/Investments,Family,TD,CAD
2026-06-23,Boston Pizza,Dining payment - Boston Pizza,-53.95,Dining,Family,TD,CAD
2026-06-26,Tim Hortons,Tim Hortons debit transaction,-5.42,Coffee,Family,TD,CAD
2026-06-27,Swiss Chalet,Dining payment - Swiss Chalet,-53.85,Dining,Family,TD,CAD
2026-06-28,Swiss Chalet,Swiss Chalet purchase,-60.13,Dining,Family,TD,CAD
2026-07-01,Canada Child Benefit,Direct deposit from Canada Child Benefit,7620.3,Income,Family,TD,CAD
2026-07-01,Costco,Costco purchase,-178.96,Groceries,Family,TD,CAD
2026-07-01,Starbucks,Coffee payment - Starbucks,-20.91,Coffee,Family,TD,CAD
2026-07-02,Mortgage Payment,Mortgage Payment debit transaction,-2593.8,Housing,Family,TD,CAD
2026-07-02,Shoppers Drug Mart,Shoppers Drug Mart purchase,-39.16,Healthcare,Family,TD,CAD
2026-07-04,Disney+,Disney+ purchase,-14.01,Subscriptions,Family,TD,CAD
2026-07-04,Tim Hortons,Coffee payment - Tim Hortons,-27.81,Coffee,Family,TD,CAD
2026-07-05,Boston Pizza,Dining payment - Boston Pizza,-171.15,Dining,Family,TD,CAD
2026-07-05,School Lunch Program,School Lunch Program purchase,-929.54,Childcare,Family,TD,CAD
2026-07-05,Wealthsimple,TD card transaction at Wealthsimple,-689.42,Savings/Investments,Family,TD,CAD
2026-07-07,Uber Eats,TD card transaction at Uber Eats,-52.46,Dining,Family,TD,CAD
2026-07-09,Starbucks,Starbucks purchase,-20.88,Coffee,Family,TD,CAD
2026-07-10,Hydro One,TD card transaction at Hydro One,-209.96,Utilities,Family,TD,CAD
2026-07-11,Tim Hortons,TD card transaction at Tim Hortons,-14.51,Coffee,Family,TD,CAD
2026-07-11,Uber Eats,Uber Eats purchase,-62.48,Dining,Family,TD,CAD
2026-07-12,Shell,Shell purchase,-183.34,Transportation,Family,TD,CAD
2026-07-12,Uber Eats,TD card transaction at Uber Eats,-130.33,Dining,Family,TD,CAD
2026-07-13,Uber Eats,Uber Eats purchase,-35.73,Dining,Family,TD,CAD
2026-07-15,Disney+,Disney+ purchase,-20.32,Subscriptions,Family,TD,CAD
2026-07-17,Wealthsimple,Wealthsimple purchase,-1408.16,Savings/Investments,Family,TD,CAD
2026-07-18,Auto Insurance,Auto Insurance debit transaction,-310.52,Insurance,Family,TD,CAD
2026-07-20,Wealthsimple,Wealthsimple purchase,-1374.7,Savings/Investments,Family,TD,CAD
2026-07-24,Tim Hortons,Tim Hortons purchase,-9.98,Coffee,Family,TD,CAD
2026-07-25,Shoppers Drug Mart,Shoppers Drug Mart debit transaction,-359.77,Healthcare,Family,TD,CAD
2026-07-26,Uber Eats,Dining payment - Uber Eats,-62.43,Dining,Family,TD,CAD
2026-07-28,Uber Eats,TD card transaction at Uber Eats,-204.65,Dining,Family,TD,CAD
2026-07-29,Loblaws,Loblaws debit transaction,-236.77,Groceries,Family,TD,CAD
2026-07-31,Netflix,Subscriptions payment - Netflix,-10.3,Subscriptions,Family,TD,CAD
2026-08-01,Payroll Deposit,Payroll Deposit income deposit,7625.14,Income,Family,TD,CAD
2026-08-02,Property Tax,Property Tax purchase,-3429.42,Housing,Family,TD,CAD
2026-08-04,LifeLabs,LifeLabs purchase,-397.55,Healthcare,Family,TD,CAD
2026-08-05,Kids & Company,TD card transaction at Kids & Company,-182.12,Childcare,Family,TD,CAD
2026-08-05,Shell,Shell debit transaction,-89.14,Transportation,Family,TD,CAD
2026-08-05,Walmart Grocery,Groceries payment - Walmart Grocery,-212.91,Groceries,Family,TD,CAD
2026-08-08,Swiss Chalet,Swiss Chalet purchase,-181.58,Dining,Family,TD,CAD
2026-08-09,Starbucks,Coffee payment - Starbucks,-9.4,Coffee,Family,TD,CAD
2026-08-10,Rogers Mobile,Rogers Mobile purchase,-210.3,Utilities,Family,TD,CAD
2026-08-10,Tim Hortons,Tim Hortons debit transaction,-5.34,Coffee,Family,TD,CAD
2026-08-15,LifeLabs,LifeLabs debit transaction,-308.59,Healthcare,Family,TD,CAD
2026-08-15,Swiss Chalet,Swiss Chalet purchase,-87.54,Dining,Family,TD,CAD
2026-08-16,Canadian Tire Gas,Transportation payment - Canadian Tire Gas,-161.04,Transportation,Family,TD,CAD
2026-08-18,Sun Life,Sun Life purchase,-160.68,Insurance,Family,TD,CAD
2026-08-20,RESP Transfer,TD card transaction at RESP Transfer,-114.56,Savings/Investments,Family,TD,CAD
2026-08-21,Farm Boy,Farm Boy purchase,-278.46,Groceries,Family,TD,CAD
2026-08-22,Boston Pizza,Dining payment - Boston Pizza,-145.48,Dining,Family,TD,CAD
2026-08-22,Mortgage Payment,Housing payment - Mortgage Payment,-4187.11,Housing,Family,TD,CAD
2026-08-26,Canadian Tire Gas,Canadian Tire Gas debit transaction,-200.07,Transportation,Family,TD,CAD
2026-08-26,Farm Boy,Farm Boy debit transaction,-221.54,Groceries,Family,TD,CAD
2026-08-26,Starbucks,TD card transaction at Starbucks,-20.96,Coffee,Family,TD,CAD
2026-08-28,Shell,Shell purchase,-221.93,Transportation,Family,TD,CAD
2026-08-30,Swiss Chalet,Swiss Chalet purchase,-156.7,Dining,Family,TD,CAD
2026-08-31,Petro Canada,Petro Canada debit transaction,-234.89,Transportation,Family,TD,CAD
2026-09-01,Payroll Deposit,Direct deposit from Payroll Deposit,5920.23,Income,Family,TD,CAD
2026-09-01,Swiss Chalet,Swiss Chalet debit transaction,-53.3,Dining,Family,TD,CAD
2026-09-02,Mortgage Payment,Housing payment - Mortgage Payment,-2821.87,Housing,Family,TD,CAD
2026-09-02,Payroll Deposit,Payroll Deposit income deposit,7030.44,Income,Family,TD,CAD
2026-09-05,Enbridge Gas,Utilities payment - Enbridge Gas,-353.71,Utilities,Family,TD,CAD
2026-09-09,Kids & Company,TD card transaction at Kids & Company,-1068.58,Childcare,Family,TD,CAD
2026-09-10,Bell Internet,Bell Internet purchase,-234.7,Utilities,Family,TD,CAD
2026-09-10,Boston Pizza,Boston Pizza purchase,-128.66,Dining,Family,TD,CAD
2026-09-10,Costco,TD card transaction at Costco,-233.15,Groceries,Family,TD,CAD
2026-09-14,Walmart Grocery,Walmart Grocery purchase,-274.66,Groceries,Family,TD,CAD
2026-09-15,Farm Boy,Farm Boy purchase,-180.61,Groceries,Family,TD,CAD
2026-09-15,Netflix,Netflix debit transaction,-30.4,Subscriptions,Family,TD,CAD
2026-09-16,Tim Hortons,Tim Hortons purchase,-8.95,Coffee,Family,TD,CAD
2026-09-18,Manulife Insurance,Manulife Insurance debit transaction,-194.92,Insurance,Family,TD,CAD
2026-09-20,TFSA Transfer,TFSA Transfer purchase,-106.46,Savings/Investments,Family,TD,CAD
2026-09-21,Canadian Tire Gas,Transportation payment - Canadian Tire Gas,-35.83,Transportation,Family,TD,CAD
2026-09-25,Boston Pizza,Dining payment - Boston Pizza,-82.56,Dining,Family,TD,CAD
2026-09-26,Walmart Grocery,Walmart Grocery purchase,-354.27,Groceries,Family,TD,CAD
2026-09-28,Shell,Transportation payment - Shell,-94.74,Transportation,Family,TD,CAD
2026-10-01,Payroll Deposit,Direct deposit from Payroll Deposit,7162.49,Income,Family,TD,CAD
2026-10-02,Mortgage Payment,Housing payment - Mortgage Payment,-2182.39,Housing,Family,TD,CAD
2026-10-03,Canadian Tire Gas,Transportation payment - Canadian Tire Gas,-37.73,Transportation,Family,TD,CAD
2026-10-03,Spotify Family,Subscriptions payment - Spotify Family,-31.19,Subscriptions,Family,TD,CAD
2026-10-05,Kids & Company,Childcare payment - Kids & Company,-901.97,Childcare,Family,TD,CAD
2026-10-08,Canadian Tire Gas,Transportation payment - Canadian Tire Gas,-216.83,Transportation,Family,TD,CAD
2026-10-08,Farm Boy,Farm Boy purchase,-313.05,Groceries,Family,TD,CAD
2026-10-10,Hydro One,Hydro One purchase,-175.51,Utilities,Family,TD,CAD
2026-10-10,Payroll Deposit,Payroll Deposit income deposit,8466.02,Income,Family,TD,CAD
2026-10-11,Payroll Deposit,Payroll Deposit income deposit,8226.31,Income,Family,TD,CAD
2026-10-12,Costco,Groceries payment - Costco,-394.66,Groceries,Family,TD,CAD
2026-10-15,Spotify Family,Subscriptions payment - Spotify Family,-17.83,Subscriptions,Family,TD,CAD
2026-10-18,Manulife Insurance,Insurance payment - Manulife Insurance,-223.32,Insurance,Family,TD,CAD
2026-10-20,Petro Canada,TD card transaction at Petro Canada,-232.28,Transportation,Family,TD,CAD
2026-10-21,Tim Hortons,TD card transaction at Tim Hortons,-11.79,Coffee,Family,TD,CAD
2026-10-23,Tim Hortons,Coffee payment - Tim Hortons,-22.53,Coffee,Family,TD,CAD
2026-10-25,Petro Canada,TD card transaction at Petro Canada,-149.47,Transportation,Family,TD,CAD
2026-10-27,Shoppers Drug Mart,TD card transaction at Shoppers Drug Mart,-410.7,Healthcare,Family,TD,CAD
2026-10-31,Loblaws,Loblaws purchase,-318.96,Groceries,Family,TD,CAD
2026-11-01,Payroll Deposit,Direct deposit from Payroll Deposit,7243.1,Income,Family,TD,CAD
2026-11-02,Property Tax,TD card transaction at Property Tax,-3968.26,Housing,Family,TD,CAD
2026-11-03,YMCA Childcare,YMCA Childcare purchase,-183.1,Childcare,Family,TD,CAD
2026-11-03,YMCA Childcare,Childcare payment - YMCA Childcare,-788.24,Childcare,Family,TD,CAD
2026-11-04,Farm Boy,Groceries payment - Farm Boy,-362.93,Groceries,Family,TD,CAD
2026-11-05,YMCA Childcare,YMCA Childcare debit transaction,-1008.73,Childcare,Family,TD,CAD
2026-11-10,Bell Internet,Bell Internet debit transaction,-159.0,Utilities,Family,TD,CAD
2026-11-12,Petro Canada,Petro Canada debit transaction,-86.48,Transportation,Family,TD,CAD
2026-11-15,Disney+,Subscriptions payment - Disney+,-34.5,Subscriptions,Family,TD,CAD
2026-11-16,Shell,Shell purchase,-219.17,Transportation,Family,TD,CAD
2026-11-17,Wealthsimple,Wealthsimple purchase,-308.97,Savings/Investments,Family,TD,CAD
2026-11-18,Manulife Insurance,TD card transaction at Manulife Insurance,-263.24,Insurance,Family,TD,CAD
2026-11-18,Tim Hortons,Tim Hortons debit transaction,-16.76,Coffee,Family,TD,CAD
2026-11-19,Canadian Tire Gas,Transportation payment - Canadian Tire Gas,-256.61,Transportation,Family,TD,CAD
2026-11-20,TFSA Transfer,TFSA Transfer purchase,-1535.87,Savings/Investments,Family,TD,CAD
2026-11-22,Shoppers Drug Mart,Healthcare payment - Shoppers Drug Mart,-211.23,Healthcare,Family,TD,CAD
2026-11-23,Spotify Family,Spotify Family debit transaction,-30.71,Subscriptions,Family,TD,CAD
2026-11-25,Costco,Costco purchase,-108.28,Groceries,Family,TD,CAD
2026-11-30,Hydro One,Utilities payment - Hydro One,-317.52,Utilities,Family,TD,CAD
2026-11-30,Swiss Chalet,Swiss Chalet purchase,-81.91,Dining,Family,TD,CAD
2026-12-01,Canada Child Benefit,Direct deposit from Canada Child Benefit,5677.32,Income,Family,TD,CAD
2026-12-02,Mortgage Payment,Mortgage Payment purchase,-4068.0,Housing,Family,TD,CAD
2026-12-04,Shell,Shell purchase,-122.43,Transportation,Family,TD,CAD
2026-12-04,Shoppers Drug Mart,TD card transaction at Shoppers Drug Mart,-285.05,Healthcare,Family,TD,CAD
2026-12-05,Hydro One,Hydro One purchase,-322.5,Utilities,Family,TD,CAD
2026-12-05,YMCA Childcare,YMCA Childcare debit transaction,-1035.77,Childcare,Family,TD,CAD
2026-12-09,Shoppers Drug Mart,Shoppers Drug Mart debit transaction,-210.17,Healthcare,Family,TD,CAD
2026-12-10,Rogers Mobile,Utilities payment - Rogers Mobile,-398.66,Utilities,Family,TD,CAD
2026-12-15,Netflix,Subscriptions payment - Netflix,-19.94,Subscriptions,Family,TD,CAD
2026-12-18,Petro Canada,Petro Canada purchase,-142.48,Transportation,Family,TD,CAD
2026-12-18,Sun Life,Insurance payment - Sun Life,-167.19,Insurance,Family,TD,CAD
2026-12-18,Tim Hortons,Coffee payment - Tim Hortons,-20.27,Coffee,Family,TD,CAD
2026-12-21,LifeLabs,TD card transaction at LifeLabs,-164.25,Healthcare,Family,TD,CAD
2026-12-21,Mortgage Payment,Housing payment - Mortgage Payment,-3786.84,Housing,Family,TD,CAD
2026-12-21,Payroll Deposit,Direct deposit from Payroll Deposit,5212.97,Income,Family,TD,CAD
2026-12-23,Farm Boy,Farm Boy debit transaction,-172.84,Groceries,Family,TD,CAD
2026-12-23,Farm Boy,Farm Boy debit transaction,-395.89,Groceries,Family,TD,CAD
2026-12-23,Tim Hortons,Tim Hortons purchase,-27.79,Coffee,Family,TD,CAD
2026-12-26,Loblaws,TD card transaction at Loblaws,-367.57,Groceries,Family,TD,CAD
2026-12-27,Shell,TD card transaction at Shell,-139.06,Transportation,Family,TD,CAD
2026-12-27,Starbucks,Starbucks debit transaction,-24.91,Coffee,Family,TD,CAD
2026-12-28,Shoppers Drug Mart,Shoppers Drug Mart debit transaction,-259.72,Healthcare,Family,TD,CAD
2026-12-28,Sun Life,Sun Life debit transaction,-137.61,Insurance,Family,TD,CAD
2026-12-31,Swiss Chalet,Swiss Chalet debit transaction,-136.16,Dining,Family,TD,CAD
2024-01-01,Client Transfer,Direct deposit from Client Transfer,6645.37,Income,Professional,RBC,CAD
2024-01-02,Condo Rent,RBC card transaction at Condo Rent,-2390.88,Housing,Professional,RBC,CAD
2024-01-03,Local Restaurant,Local Restaurant purchase,-62.28,Dining,Professional,RBC,CAD
2024-01-03,Uber,Uber debit transaction,-28.27,Transportation,Professional,RBC,CAD
2024-01-04,Freshii,Freshii purchase,-106.75,Dining,Professional,RBC,CAD
2024-01-05,GO Transit,Transportation payment - GO Transit,-64.17,Transportation,Professional,RBC,CAD
2024-01-05,Sobeys,RBC card transaction at Sobeys,-147.03,Groceries,Professional,RBC,CAD
2024-01-07,The Keg,The Keg purchase,-94.36,Dining,Professional,RBC,CAD
2024-01-09,Marriott,Travel payment - Marriott,-769.46,Travel,Professional,RBC,CAD
2024-01-09,Uber,Uber debit transaction,-53.54,Transportation,Professional,RBC,CAD
2024-01-10,Enbridge Gas,Enbridge Gas purchase,-245.22,Utilities,Professional,RBC,CAD
2024-01-10,Sobeys,Sobeys purchase,-129.92,Groceries,Professional,RBC,CAD
2024-01-11,Tim Hortons,Coffee payment - Tim Hortons,-11.93,Coffee,Professional,RBC,CAD
2024-01-11,Uber Eats,Dining payment - Uber Eats,-43.45,Dining,Professional,RBC,CAD
2024-01-12,Shell,Transportation payment - Shell,-159.62,Transportation,Professional,RBC,CAD
2024-01-15,Adobe,Subscriptions payment - Adobe,-23.6,Subscriptions,Professional,RBC,CAD
2024-01-15,Local Restaurant,Dining payment - Local Restaurant,-74.68,Dining,Professional,RBC,CAD
2024-01-20,Balzac's Coffee,RBC card transaction at Balzac's Coffee,-11.55,Coffee,Professional,RBC,CAD
2024-01-20,Shell,Transportation payment - Shell,-14.98,Transportation,Professional,RBC,CAD
2024-01-20,Spotify,RBC card transaction at Spotify,-45.88,Subscriptions,Professional,RBC,CAD
2024-01-20,Wealthsimple,Wealthsimple debit transaction,-245.91,Savings/Investments,Professional,RBC,CAD
2024-01-24,Loblaws,RBC card transaction at Loblaws,-146.88,Groceries,Professional,RBC,CAD
2024-01-25,Marriott,Travel payment - Marriott,-862.83,Travel,Professional,RBC,CAD
2024-01-26,Mortgage Payment,Mortgage Payment purchase,-1964.21,Housing,Professional,RBC,CAD
2024-01-28,Balzac's Coffee,Balzac's Coffee debit transaction,-6.63,Coffee,Professional,RBC,CAD
2024-01-29,Costco,RBC card transaction at Costco,-154.94,Groceries,Professional,RBC,CAD
2024-01-30,Starbucks,RBC card transaction at Starbucks,-18.83,Coffee,Professional,RBC,CAD
2024-02-01,Payroll Deposit,Payroll Deposit income deposit,7223.22,Income,Professional,RBC,CAD
2024-02-02,Condo Rent,RBC card transaction at Condo Rent,-2495.89,Housing,Professional,RBC,CAD
2024-02-10,Bell Internet,Utilities payment - Bell Internet,-155.47,Utilities,Professional,RBC,CAD
2024-02-10,Tim Hortons,RBC card transaction at Tim Hortons,-12.49,Coffee,Professional,RBC,CAD
2024-02-13,Tim Hortons,Coffee payment - Tim Hortons,-15.3,Coffee,Professional,RBC,CAD
2024-02-15,Air Canada,RBC card transaction at Air Canada,-688.08,Travel,Professional,RBC,CAD
2024-02-15,LinkedIn Premium,RBC card transaction at LinkedIn Premium,-57.35,Subscriptions,Professional,RBC,CAD
2024-02-17,Sobeys,Groceries payment - Sobeys,-127.95,Groceries,Professional,RBC,CAD
2024-02-19,Costco,Costco purchase,-234.97,Groceries,Professional,RBC,CAD
2024-02-20,TFSA Transfer,TFSA Transfer debit transaction,-551.58,Savings/Investments,Professional,RBC,CAD
2024-02-21,Petro Canada,RBC card transaction at Petro Canada,-40.13,Transportation,Professional,RBC,CAD
2024-02-22,RBC InvestEase,RBC card transaction at RBC InvestEase,-1123.93,Savings/Investments,Professional,RBC,CAD
2024-02-25,Balzac's Coffee,Balzac's Coffee purchase,-7.85,Coffee,Professional,RBC,CAD
2024-02-25,Spotify,Subscriptions payment - Spotify,-63.15,Subscriptions,Professional,RBC,CAD
2024-02-26,Tim Hortons,Tim Hortons debit transaction,-4.48,Coffee,Professional,RBC,CAD
2024-03-01,Client Transfer,Client Transfer income deposit,3632.9,Income,Professional,RBC,CAD
2024-03-02,Condo Rent,RBC card transaction at Condo Rent,-2876.76,Housing,Professional,RBC,CAD
2024-03-02,Loblaws,RBC card transaction at Loblaws,-98.46,Groceries,Professional,RBC,CAD
2024-03-02,Uber Eats,Dining payment - Uber Eats,-108.52,Dining,Professional,RBC,CAD
2024-03-09,The Keg,The Keg purchase,-110.3,Dining,Professional,RBC,CAD
2024-03-10,Bell Internet,Bell Internet purchase,-123.2,Utilities,Professional,RBC,CAD
2024-03-14,Petro Canada,Petro Canada purchase,-22.26,Transportation,Professional,RBC,CAD
2024-03-15,Adobe,Adobe debit transaction,-54.77,Subscriptions,Professional,RBC,CAD
2024-03-16,The Keg,The Keg purchase,-23.42,Dining,Professional,RBC,CAD
2024-03-18,Air Canada,RBC card transaction at Air Canada,-1151.03,Travel,Professional,RBC,CAD
2024-03-19,Freshii,Freshii purchase,-54.84,Dining,Professional,RBC,CAD
2024-03-19,Uber,RBC card transaction at Uber,-102.71,Transportation,Professional,RBC,CAD
2024-03-20,TFSA Transfer,TFSA Transfer purchase,-476.72,Savings/Investments,Professional,RBC,CAD
2024-03-20,Uber Eats,Uber Eats debit transaction,-118.2,Dining,Professional,RBC,CAD
2024-03-21,Sobeys,RBC card transaction at Sobeys,-170.13,Groceries,Professional,RBC,CAD
2024-03-24,Uber,RBC card transaction at Uber,-25.27,Transportation,Professional,RBC,CAD
2024-03-26,Costco,Costco purchase,-156.92,Groceries,Professional,RBC,CAD
2024-03-28,The Keg,The Keg debit transaction,-29.76,Dining,Professional,RBC,CAD
2024-03-29,Uber,RBC card transaction at Uber,-93.58,Transportation,Professional,RBC,CAD
2024-03-30,Balzac's Coffee,Coffee payment - Balzac's Coffee,-19.96,Coffee,Professional,RBC,CAD
2024-03-30,Costco,Costco purchase,-163.32,Groceries,Professional,RBC,CAD
2024-03-30,Uber,Uber debit transaction,-129.23,Transportation,Professional,RBC,CAD
2024-04-01,Client Transfer,Direct deposit from Client Transfer,5804.47,Income,Professional,RBC,CAD
2024-04-02,Mortgage Payment,Mortgage Payment purchase,-2031.03,Housing,Professional,RBC,CAD
2024-04-06,Sobeys,Sobeys purchase,-81.2,Groceries,Professional,RBC,CAD
2024-04-07,Enbridge Gas,Enbridge Gas purchase,-218.96,Utilities,Professional,RBC,CAD
2024-04-09,Shell,Transportation payment - Shell,-53.8,Transportation,Professional,RBC,CAD
2024-04-10,Enbridge Gas,Enbridge Gas debit transaction,-170.83,Utilities,Professional,RBC,CAD
2024-04-10,Sobeys,RBC card transaction at Sobeys,-107.4,Groceries,Professional,RBC,CAD
2024-04-10,The Keg,The Keg debit transaction,-124.13,Dining,Professional,RBC,CAD
2024-04-15,Adobe,RBC card transaction at Adobe,-60.2,Subscriptions,Professional,RBC,CAD
2024-04-20,TFSA Transfer,TFSA Transfer debit transaction,-188.57,Savings/Investments,Professional,RBC,CAD
2024-04-22,Enbridge Gas,Enbridge Gas debit transaction,-96.35,Utilities,Professional,RBC,CAD
2024-04-24,Costco,Costco purchase,-221.7,Groceries,Professional,RBC,CAD
2024-04-26,Starbucks,Starbucks purchase,-7.48,Coffee,Professional,RBC,CAD
2024-04-29,Shell,Shell debit transaction,-39.98,Transportation,Professional,RBC,CAD
2024-05-01,Payroll Deposit,Payroll Deposit income deposit,4795.84,Income,Professional,RBC,CAD
2024-05-02,Balzac's Coffee,Balzac's Coffee debit transaction,-7.64,Coffee,Professional,RBC,CAD
2024-05-02,Condo Rent,Condo Rent purchase,-2114.61,Housing,Professional,RBC,CAD
2024-05-06,Starbucks,Coffee payment - Starbucks,-11.61,Coffee,Professional,RBC,CAD
2024-05-06,Starbucks,Starbucks purchase,-4.42,Coffee,Professional,RBC,CAD
2024-05-08,Tim Hortons,Tim Hortons debit transaction,-16.36,Coffee,Professional,RBC,CAD
2024-05-09,Sobeys,Sobeys debit transaction,-136.2,Groceries,Professional,RBC,CAD
2024-05-10,Bell Internet,Utilities payment - Bell Internet,-204.85,Utilities,Professional,RBC,CAD
2024-05-11,Sobeys,RBC card transaction at Sobeys,-62.7,Groceries,Professional,RBC,CAD
2024-05-15,Starbucks,RBC card transaction at Starbucks,-9.96,Coffee,Professional,RBC,CAD
2024-05-16,Condo Rent,RBC card transaction at Condo Rent,-2019.11,Housing,Professional,RBC,CAD
2024-05-17,Enbridge Gas,Enbridge Gas purchase,-248.7,Utilities,Professional,RBC,CAD
2024-05-18,Client Transfer,Client Transfer income deposit,5215.37,Income,Professional,RBC,CAD
2024-05-19,Local Restaurant,Local Restaurant purchase,-100.6,Dining,Professional,RBC,CAD
2024-05-20,Spotify,Subscriptions payment - Spotify,-13.86,Subscriptions,Professional,RBC,CAD
2024-05-21,Mortgage Payment,Mortgage Payment debit transaction,-1539.21,Housing,Professional,RBC,CAD
2024-05-21,Starbucks,RBC card transaction at Starbucks,-17.91,Coffee,Professional,RBC,CAD
2024-05-21,TFSA Transfer,Savings/Investments payment - TFSA Transfer,-267.04,Savings/Investments,Professional,RBC,CAD
2024-05-22,Petro Canada,Transportation payment - Petro Canada,-59.43,Transportation,Professional,RBC,CAD
2024-05-22,Tim Hortons,Tim Hortons purchase,-9.16,Coffee,Professional,RBC,CAD
2024-05-24,Shell,RBC card transaction at Shell,-106.95,Transportation,Professional,RBC,CAD
2024-05-30,Sobeys,Sobeys purchase,-145.82,Groceries,Professional,RBC,CAD
2024-05-30,The Keg,RBC card transaction at The Keg,-61.49,Dining,Professional,RBC,CAD
2024-06-01,Costco,Costco debit transaction,-144.88,Groceries,Professional,RBC,CAD
2024-06-01,Freshii,Dining payment - Freshii,-40.62,Dining,Professional,RBC,CAD
2024-06-01,Mortgage Payment,RBC card transaction at Mortgage Payment,-2098.5,Housing,Professional,RBC,CAD
2024-06-01,Payroll Deposit,Payroll Deposit income deposit,5159.11,Income,Professional,RBC,CAD
2024-06-02,Mortgage Payment,Mortgage Payment debit transaction,-2777.97,Housing,Professional,RBC,CAD
2024-06-03,Local Restaurant,Local Restaurant debit transaction,-39.89,Dining,Professional,RBC,CAD
2024-06-06,The Keg,The Keg debit transaction,-126.83,Dining,Professional,RBC,CAD
2024-06-06,Uber Eats,Uber Eats debit transaction,-139.8,Dining,Professional,RBC,CAD
2024-06-10,Enbridge Gas,Enbridge Gas debit transaction,-211.43,Utilities,Professional,RBC,CAD
2024-06-10,Loblaws,Loblaws purchase,-129.66,Groceries,Professional,RBC,CAD
2024-06-15,LinkedIn Premium,Subscriptions payment - LinkedIn Premium,-44.72,Subscriptions,Professional,RBC,CAD
2024-06-15,Tim Hortons,Coffee payment - Tim Hortons,-6.65,Coffee,Professional,RBC,CAD
2024-06-17,GO Transit,GO Transit purchase,-54.89,Transportation,Professional,RBC,CAD
2024-06-17,Spotify,Subscriptions payment - Spotify,-43.42,Subscriptions,Professional,RBC,CAD
2024-06-18,Expedia,Travel payment - Expedia,-825.9,Travel,Professional,RBC,CAD
2024-06-20,Freshii,Dining payment - Freshii,-134.9,Dining,Professional,RBC,CAD
2024-06-20,TFSA Transfer,TFSA Transfer purchase,-382.78,Savings/Investments,Professional,RBC,CAD
2024-06-22,Starbucks,Starbucks debit transaction,-7.21,Coffee,Professional,RBC,CAD
2024-06-24,The Keg,Dining payment - The Keg,-151.69,Dining,Professional,RBC,CAD
2024-06-25,Costco,Costco debit transaction,-70.33,Groceries,Professional,RBC,CAD
2024-06-25,Shell,Shell debit transaction,-75.18,Transportation,Professional,RBC,CAD
2024-06-26,Loblaws,Loblaws purchase,-234.21,Groceries,Professional,RBC,CAD
2024-06-29,Loblaws,Loblaws debit transaction,-230.54,Groceries,Professional,RBC,CAD
2024-06-29,Shell,RBC card transaction at Shell,-141.53,Transportation,Professional,RBC,CAD
2024-07-01,Client Transfer,Client Transfer income deposit,4763.31,Income,Professional,RBC,CAD
2024-07-01,Local Restaurant,Dining payment - Local Restaurant,-110.84,Dining,Professional,RBC,CAD
2024-07-01,Petro Canada,Transportation payment - Petro Canada,-20.74,Transportation,Professional,RBC,CAD
2024-07-02,Mortgage Payment,Mortgage Payment purchase,-2599.69,Housing,Professional,RBC,CAD
2024-07-02,Sobeys,Sobeys debit transaction,-103.88,Groceries,Professional,RBC,CAD
2024-07-05,Freshii,RBC card transaction at Freshii,-139.49,Dining,Professional,RBC,CAD
2024-07-05,GO Transit,GO Transit purchase,-65.26,Transportation,Professional,RBC,CAD
2024-07-05,Loblaws,RBC card transaction at Loblaws,-105.66,Groceries,Professional,RBC,CAD
2024-07-07,Shell,Transportation payment - Shell,-80.71,Transportation,Professional,RBC,CAD
2024-07-09,Starbucks,Coffee payment - Starbucks,-6.87,Coffee,Professional,RBC,CAD
2024-07-10,Petro Canada,Petro Canada purchase,-31.21,Transportation,Professional,RBC,CAD
2024-07-11,Sobeys,Groceries payment - Sobeys,-172.54,Groceries,Professional,RBC,CAD
2024-07-12,Starbucks,Starbucks purchase,-14.49,Coffee,Professional,RBC,CAD
2024-07-14,Local Restaurant,Local Restaurant purchase,-61.02,Dining,Professional,RBC,CAD
2024-07-15,Adobe,RBC card transaction at Adobe,-37.67,Subscriptions,Professional,RBC,CAD
2024-07-15,Petro Canada,RBC card transaction at Petro Canada,-19.91,Transportation,Professional,RBC,CAD
2024-07-17,Local Restaurant,RBC card transaction at Local Restaurant,-128.9,Dining,Professional,RBC,CAD
2024-07-20,Wealthsimple,RBC card transaction at Wealthsimple,-337.66,Savings/Investments,Professional,RBC,CAD
2024-07-21,Freshii,RBC card transaction at Freshii,-147.08,Dining,Professional,RBC,CAD
2024-07-21,Sobeys,Sobeys debit transaction,-71.93,Groceries,Professional,RBC,CAD
2024-07-22,Starbucks,RBC card transaction at Starbucks,-5.51,Coffee,Professional,RBC,CAD
2024-07-22,Tim Hortons,Tim Hortons purchase,-11.44,Coffee,Professional,RBC,CAD
2024-07-24,Freshii,Freshii purchase,-103.72,Dining,Professional,RBC,CAD
2024-07-26,Payroll Deposit,Payroll Deposit income deposit,5041.42,Income,Professional,RBC,CAD
2024-07-26,Petro Canada,Transportation payment - Petro Canada,-138.1,Transportation,Professional,RBC,CAD
2024-07-26,Tim Hortons,Tim Hortons purchase,-6.57,Coffee,Professional,RBC,CAD
2024-08-01,Client Transfer,Client Transfer income deposit,6125.52,Income,Professional,RBC,CAD
2024-08-02,Costco,Groceries payment - Costco,-93.48,Groceries,Professional,RBC,CAD
2024-08-02,Mortgage Payment,Housing payment - Mortgage Payment,-2061.04,Housing,Professional,RBC,CAD
2024-08-04,Payroll Deposit,Payroll Deposit income deposit,3316.95,Income,Professional,RBC,CAD
2024-08-05,Condo Rent,Condo Rent purchase,-1954.36,Housing,Professional,RBC,CAD
2024-08-07,Netflix,Netflix purchase,-45.25,Subscriptions,Professional,RBC,CAD
2024-08-08,Wealthsimple,RBC card transaction at Wealthsimple,-751.37,Savings/Investments,Professional,RBC,CAD
2024-08-10,Bell Internet,RBC card transaction at Bell Internet,-202.93,Utilities,Professional,RBC,CAD
2024-08-12,Spotify,RBC card transaction at Spotify,-22.93,Subscriptions,Professional,RBC,CAD
2024-08-12,Tim Hortons,Tim Hortons purchase,-6.35,Coffee,Professional,RBC,CAD
2024-08-15,Adobe,Adobe debit transaction,-55.13,Subscriptions,Professional,RBC,CAD
2024-08-15,Expedia,Expedia purchase,-699.89,Travel,Professional,RBC,CAD
2024-08-17,Marriott,Travel payment - Marriott,-1080.55,Travel,Professional,RBC,CAD
2024-08-18,Sobeys,Sobeys purchase,-69.58,Groceries,Professional,RBC,CAD
2024-08-19,Enbridge Gas,Enbridge Gas purchase,-227.2,Utilities,Professional,RBC,CAD
2024-08-20,Balzac's Coffee,Balzac's Coffee debit transaction,-18.7,Coffee,Professional,RBC,CAD
2024-08-20,TFSA Transfer,Savings/Investments payment - TFSA Transfer,-375.97,Savings/Investments,Professional,RBC,CAD
2024-08-21,Balzac's Coffee,Balzac's Coffee purchase,-10.11,Coffee,Professional,RBC,CAD
2024-08-21,Sobeys,Groceries payment - Sobeys,-129.06,Groceries,Professional,RBC,CAD
2024-08-24,Uber Eats,RBC card transaction at Uber Eats,-124.45,Dining,Professional,RBC,CAD
2024-08-25,Balzac's Coffee,Balzac's Coffee purchase,-4.98,Coffee,Professional,RBC,CAD
2024-08-25,Costco,Costco debit transaction,-159.84,Groceries,Professional,RBC,CAD
2024-08-27,Balzac's Coffee,Coffee payment - Balzac's Coffee,-4.65,Coffee,Professional,RBC,CAD
2024-08-28,Expedia,RBC card transaction at Expedia,-235.38,Travel,Professional,RBC,CAD
2024-08-31,Petro Canada,Petro Canada purchase,-137.4,Transportation,Professional,RBC,CAD
2024-09-01,Payroll Deposit,Payroll Deposit income deposit,5507.19,Income,Professional,RBC,CAD
2024-09-02,Mortgage Payment,Housing payment - Mortgage Payment,-1794.89,Housing,Professional,RBC,CAD
2024-09-03,Starbucks,RBC card transaction at Starbucks,-15.65,Coffee,Professional,RBC,CAD
2024-09-05,Costco,RBC card transaction at Costco,-97.08,Groceries,Professional,RBC,CAD
2024-09-07,Loblaws,Loblaws purchase,-197.5,Groceries,Professional,RBC,CAD
2024-09-08,Mortgage Payment,RBC card transaction at Mortgage Payment,-1885.4,Housing,Professional,RBC,CAD
2024-09-10,Bell Internet,Utilities payment - Bell Internet,-107.42,Utilities,Professional,RBC,CAD
2024-09-11,Freshii,RBC card transaction at Freshii,-67.18,Dining,Professional,RBC,CAD
2024-09-12,Wealthsimple,Wealthsimple purchase,-744.0,Savings/Investments,Professional,RBC,CAD
2024-09-13,TFSA Transfer,Savings/Investments payment - TFSA Transfer,-799.38,Savings/Investments,Professional,RBC,CAD
2024-09-15,Adobe,RBC card transaction at Adobe,-28.97,Subscriptions,Professional,RBC,CAD
2024-09-16,Client Transfer,Client Transfer income deposit,5844.15,Income,Professional,RBC,CAD
2024-09-18,Petro Canada,RBC card transaction at Petro Canada,-25.13,Transportation,Professional,RBC,CAD
2024-09-18,Shell,Shell debit transaction,-138.0,Transportation,Professional,RBC,CAD
2024-09-20,Balzac's Coffee,RBC card transaction at Balzac's Coffee,-12.66,Coffee,Professional,RBC,CAD
2024-09-20,TFSA Transfer,Savings/Investments payment - TFSA Transfer,-181.04,Savings/Investments,Professional,RBC,CAD
2024-09-22,Sobeys,RBC card transaction at Sobeys,-98.17,Groceries,Professional,RBC,CAD
2024-09-26,Costco,RBC card transaction at Costco,-63.94,Groceries,Professional,RBC,CAD
2024-09-27,Balzac's Coffee,Coffee payment - Balzac's Coffee,-13.41,Coffee,Professional,RBC,CAD
2024-09-28,TFSA Transfer,TFSA Transfer purchase,-1168.96,Savings/Investments,Professional,RBC,CAD
2024-10-01,Client Transfer,Client Transfer income deposit,5110.81,Income,Professional,RBC,CAD
2024-10-01,The Keg,The Keg debit transaction,-91.64,Dining,Professional,RBC,CAD
2024-10-02,Mortgage Payment,RBC card transaction at Mortgage Payment,-2382.39,Housing,Professional,RBC,CAD
2024-10-04,Sobeys,Groceries payment - Sobeys,-87.57,Groceries,Professional,RBC,CAD
2024-10-06,Petro Canada,Petro Canada debit transaction,-75.21,Transportation,Professional,RBC,CAD
2024-10-10,Bell Internet,RBC card transaction at Bell Internet,-157.97,Utilities,Professional,RBC,CAD
2024-10-15,Adobe,Subscriptions payment - Adobe,-52.65,Subscriptions,Professional,RBC,CAD
2024-10-16,Petro Canada,Transportation payment - Petro Canada,-57.23,Transportation,Professional,RBC,CAD
2024-10-17,Client Transfer,Direct deposit from Client Transfer,4325.58,Income,Professional,RBC,CAD
2024-10-20,Wealthsimple,Savings/Investments payment - Wealthsimple,-759.17,Savings/Investments,Professional,RBC,CAD
2024-10-22,Starbucks,Starbucks debit transaction,-9.21,Coffee,Professional,RBC,CAD
2024-10-24,Balzac's Coffee,Balzac's Coffee purchase,-6.61,Coffee,Professional,RBC,CAD
2024-10-24,Costco,Groceries payment - Costco,-237.99,Groceries,Professional,RBC,CAD
2024-10-24,Mortgage Payment,Mortgage Payment purchase,-1696.38,Housing,Professional,RBC,CAD
2024-10-25,Freshii,Freshii debit transaction,-77.38,Dining,Professional,RBC,CAD
2024-10-25,The Keg,Dining payment - The Keg,-96.11,Dining,Professional,RBC,CAD
2024-10-27,Local Restaurant,Local Restaurant purchase,-31.18,Dining,Professional,RBC,CAD
2024-10-30,Loblaws,Loblaws debit transaction,-118.79,Groceries,Professional,RBC,CAD
2024-11-01,Payroll Deposit,Direct deposit from Payroll Deposit,6046.83,Income,Professional,RBC,CAD
2024-11-01,Tim Hortons,Coffee payment - Tim Hortons,-12.83,Coffee,Professional,RBC,CAD
2024-11-02,Condo Rent,Housing payment - Condo Rent,-2016.69,Housing,Professional,RBC,CAD
2024-11-03,Client Transfer,Direct deposit from Client Transfer,5400.18,Income,Professional,RBC,CAD
2024-11-03,GO Transit,RBC card transaction at GO Transit,-47.52,Transportation,Professional,RBC,CAD
2024-11-05,Tim Hortons,RBC card transaction at Tim Hortons,-12.37,Coffee,Professional,RBC,CAD
2024-11-06,Petro Canada,Transportation payment - Petro Canada,-39.71,Transportation,Professional,RBC,CAD
2024-11-10,Hydro One,Utilities payment - Hydro One,-247.11,Utilities,Professional,RBC,CAD
2024-11-15,Adobe,Adobe purchase,-68.14,Subscriptions,Professional,RBC,CAD
2024-11-19,Costco,Groceries payment - Costco,-229.37,Groceries,Professional,RBC,CAD
2024-11-19,Starbucks,Coffee payment - Starbucks,-14.95,Coffee,Professional,RBC,CAD
2024-11-20,RBC InvestEase,Savings/Investments payment - RBC InvestEase,-407.3,Savings/Investments,Professional,RBC,CAD
2024-11-20,RBC InvestEase,Savings/Investments payment - RBC InvestEase,-968.74,Savings/Investments,Professional,RBC,CAD
2024-11-22,Adobe,Adobe debit transaction,-22.58,Subscriptions,Professional,RBC,CAD
2024-11-26,Shell,Shell debit transaction,-166.05,Transportation,Professional,RBC,CAD
2024-11-28,Balzac's Coffee,Balzac's Coffee debit transaction,-7.65,Coffee,Professional,RBC,CAD
2024-12-01,Mortgage Payment,Mortgage Payment debit transaction,-2580.94,Housing,Professional,RBC,CAD
2024-12-01,Payroll Deposit,Payroll Deposit income deposit,5500.99,Income,Professional,RBC,CAD
2024-12-01,Shell,Shell debit transaction,-151.07,Transportation,Professional,RBC,CAD
2024-12-01,Sobeys,Sobeys purchase,-177.99,Groceries,Professional,RBC,CAD
2024-12-02,Balzac's Coffee,RBC card transaction at Balzac's Coffee,-16.99,Coffee,Professional,RBC,CAD
2024-12-02,Condo Rent,Housing payment - Condo Rent,-2758.87,Housing,Professional,RBC,CAD
2024-12-03,Condo Rent,Housing payment - Condo Rent,-2726.32,Housing,Professional,RBC,CAD
2024-12-05,LinkedIn Premium,RBC card transaction at LinkedIn Premium,-14.75,Subscriptions,Professional,RBC,CAD
2024-12-07,Condo Rent,Condo Rent debit transaction,-2426.88,Housing,Professional,RBC,CAD
2024-12-07,Wealthsimple,RBC card transaction at Wealthsimple,-847.46,Savings/Investments,Professional,RBC,CAD
2024-12-08,Sobeys,Groceries payment - Sobeys,-185.8,Groceries,Professional,RBC,CAD
2024-12-10,Hydro One,RBC card transaction at Hydro One,-125.2,Utilities,Professional,RBC,CAD
2024-12-12,Mortgage Payment,RBC card transaction at Mortgage Payment,-2129.59,Housing,Professional,RBC,CAD
2024-12-14,Freshii,RBC card transaction at Freshii,-38.16,Dining,Professional,RBC,CAD
2024-12-15,Adobe,RBC card transaction at Adobe,-71.41,Subscriptions,Professional,RBC,CAD
2024-12-20,TFSA Transfer,RBC card transaction at TFSA Transfer,-649.05,Savings/Investments,Professional,RBC,CAD
2024-12-21,Balzac's Coffee,Balzac's Coffee purchase,-11.02,Coffee,Professional,RBC,CAD
2024-12-21,Client Transfer,Client Transfer income deposit,3408.7,Income,Professional,RBC,CAD
2024-12-23,Petro Canada,RBC card transaction at Petro Canada,-101.78,Transportation,Professional,RBC,CAD
2024-12-24,Costco,RBC card transaction at Costco,-231.65,Groceries,Professional,RBC,CAD
2024-12-25,Balzac's Coffee,Balzac's Coffee purchase,-9.81,Coffee,Professional,RBC,CAD
2024-12-25,Freshii,Freshii purchase,-120.52,Dining,Professional,RBC,CAD
2024-12-25,GO Transit,GO Transit debit transaction,-35.39,Transportation,Professional,RBC,CAD
2024-12-26,Condo Rent,Condo Rent debit transaction,-1705.14,Housing,Professional,RBC,CAD
2024-12-26,Local Restaurant,Local Restaurant purchase,-32.71,Dining,Professional,RBC,CAD
2024-12-26,The Keg,Dining payment - The Keg,-47.83,Dining,Professional,RBC,CAD
2024-12-28,Freshii,Freshii debit transaction,-44.82,Dining,Professional,RBC,CAD
2024-12-28,Loblaws,Groceries payment - Loblaws,-213.12,Groceries,Professional,RBC,CAD
2024-12-29,Enbridge Gas,Enbridge Gas debit transaction,-92.75,Utilities,Professional,RBC,CAD
2024-12-29,Tim Hortons,Tim Hortons purchase,-15.45,Coffee,Professional,RBC,CAD
2025-01-01,Payroll Deposit,Direct deposit from Payroll Deposit,7402.45,Income,Professional,RBC,CAD
2025-01-01,Sobeys,Sobeys purchase,-109.64,Groceries,Professional,RBC,CAD
2025-01-02,Mortgage Payment,Mortgage Payment purchase,-1849.69,Housing,Professional,RBC,CAD
2025-01-04,Sobeys,Groceries payment - Sobeys,-135.56,Groceries,Professional,RBC,CAD
2025-01-05,Enbridge Gas,Enbridge Gas purchase,-195.28,Utilities,Professional,RBC,CAD
2025-01-05,The Keg,The Keg debit transaction,-91.09,Dining,Professional,RBC,CAD
2025-01-07,Marriott,Marriott debit transaction,-484.7,Travel,Professional,RBC,CAD
2025-01-08,The Keg,The Keg purchase,-123.53,Dining,Professional,RBC,CAD
2025-01-10,Bell Internet,RBC card transaction at Bell Internet,-122.37,Utilities,Professional,RBC,CAD
2025-01-12,Sobeys,Sobeys debit transaction,-62.96,Groceries,Professional,RBC,CAD
2025-01-15,Adobe,Adobe debit transaction,-31.32,Subscriptions,Professional,RBC,CAD
2025-01-16,Tim Hortons,Coffee payment - Tim Hortons,-18.39,Coffee,Professional,RBC,CAD
2025-01-16,Tim Hortons,RBC card transaction at Tim Hortons,-18.17,Coffee,Professional,RBC,CAD
2025-01-19,Client Transfer,Direct deposit from Client Transfer,6943.05,Income,Professional,RBC,CAD
2025-01-20,Bell Internet,Utilities payment - Bell Internet,-71.39,Utilities,Professional,RBC,CAD
2025-01-20,Wealthsimple,Wealthsimple purchase,-935.33,Savings/Investments,Professional,RBC,CAD
2025-01-24,Balzac's Coffee,Balzac's Coffee purchase,-8.84,Coffee,Professional,RBC,CAD
2025-01-24,Costco,Costco debit transaction,-75.84,Groceries,Professional,RBC,CAD
2025-01-28,Loblaws,Groceries payment - Loblaws,-71.21,Groceries,Professional,RBC,CAD
2025-01-31,Freshii,Freshii purchase,-85.85,Dining,Professional,RBC,CAD
2025-01-31,Petro Canada,RBC card transaction at Petro Canada,-111.78,Transportation,Professional,RBC,CAD
2025-02-01,Payroll Deposit,Direct deposit from Payroll Deposit,3265.88,Income,Professional,RBC,CAD
2025-02-02,Condo Rent,Housing payment - Condo Rent,-2369.84,Housing,Professional,RBC,CAD
2025-02-03,Client Transfer,Client Transfer income deposit,6447.71,Income,Professional,RBC,CAD
2025-02-06,Loblaws,Loblaws debit transaction,-166.69,Groceries,Professional,RBC,CAD
2025-02-06,Shell,RBC card transaction at Shell,-65.88,Transportation,Professional,RBC,CAD
2025-02-10,Hydro One,RBC card transaction at Hydro One,-189.37,Utilities,Professional,RBC,CAD
2025-02-13,Sobeys,RBC card transaction at Sobeys,-47.28,Groceries,Professional,RBC,CAD
2025-02-15,Netflix,Netflix debit transaction,-16.15,Subscriptions,Professional,RBC,CAD
2025-02-16,Loblaws,RBC card transaction at Loblaws,-81.61,Groceries,Professional,RBC,CAD
2025-02-18,Tim Hortons,Coffee payment - Tim Hortons,-8.81,Coffee,Professional,RBC,CAD
2025-02-20,Bell Internet,Bell Internet purchase,-66.51,Utilities,Professional,RBC,CAD
2025-02-25,Petro Canada,Transportation payment - Petro Canada,-116.79,Transportation,Professional,RBC,CAD
2025-02-25,Shell,RBC card transaction at Shell,-21.97,Transportation,Professional,RBC,CAD
2025-02-25,Tim Hortons,Tim Hortons purchase,-6.17,Coffee,Professional,RBC,CAD
2025-02-26,Uber,Uber debit transaction,-163.93,Transportation,Professional,RBC,CAD
2025-03-01,Client Transfer,Direct deposit from Client Transfer,7217.21,Income,Professional,RBC,CAD
2025-03-02,Condo Rent,Condo Rent purchase,-2452.56,Housing,Professional,RBC,CAD
2025-03-03,Mortgage Payment,Mortgage Payment purchase,-1587.9,Housing,Professional,RBC,CAD
2025-03-06,Costco,Groceries payment - Costco,-204.91,Groceries,Professional,RBC,CAD
2025-03-07,Costco,Costco debit transaction,-208.8,Groceries,Professional,RBC,CAD
2025-03-08,Marriott,Travel payment - Marriott,-987.91,Travel,Professional,RBC,CAD
2025-03-10,Bell Internet,Bell Internet debit transaction,-227.86,Utilities,Professional,RBC,CAD
2025-03-10,Petro Canada,Transportation payment - Petro Canada,-154.35,Transportation,Professional,RBC,CAD
2025-03-14,Air Canada,RBC card transaction at Air Canada,-626.07,Travel,Professional,RBC,CAD
2025-03-15,LinkedIn Premium,RBC card transaction at LinkedIn Premium,-24.55,Subscriptions,Professional,RBC,CAD
2025-03-18,Tim Hortons,Tim Hortons debit transaction,-15.1,Coffee,Professional,RBC,CAD
2025-03-19,Air Canada,Travel payment - Air Canada,-801.48,Travel,Professional,RBC,CAD
2025-03-19,Uber,Uber debit transaction,-46.29,Transportation,Professional,RBC,CAD
2025-03-20,Loblaws,RBC card transaction at Loblaws,-60.85,Groceries,Professional,RBC,CAD
2025-03-25,Sobeys,Sobeys purchase,-83.74,Groceries,Professional,RBC,CAD
2025-03-28,Balzac's Coffee,Balzac's Coffee purchase,-16.8,Coffee,Professional,RBC,CAD
2025-03-28,Petro Canada,Petro Canada debit transaction,-55.99,Transportation,Professional,RBC,CAD
2025-03-28,Sobeys,RBC card transaction at Sobeys,-192.48,Groceries,Professional,RBC,CAD
2025-03-29,Costco,Costco debit transaction,-76.84,Groceries,Professional,RBC,CAD
2025-03-29,Freshii,Freshii debit transaction,-117.4,Dining,Professional,RBC,CAD
2025-03-31,Costco,Costco purchase,-233.43,Groceries,Professional,RBC,CAD
2025-04-01,Client Transfer,Direct deposit from Client Transfer,3544.4,Income,Professional,RBC,CAD
2025-04-01,Freshii,Freshii purchase,-91.93,Dining,Professional,RBC,CAD
2025-04-02,Condo Rent,Condo Rent purchase,-2732.32,Housing,Professional,RBC,CAD
2025-04-03,Starbucks,Starbucks debit transaction,-9.97,Coffee,Professional,RBC,CAD
2025-04-03,Tim Hortons,Tim Hortons debit transaction,-19.41,Coffee,Professional,RBC,CAD
2025-04-05,Loblaws,Loblaws debit transaction,-138.78,Groceries,Professional,RBC,CAD
2025-04-05,Tim Hortons,Coffee payment - Tim Hortons,-5.98,Coffee,Professional,RBC,CAD
2025-04-07,Enbridge Gas,RBC card transaction at Enbridge Gas,-196.1,Utilities,Professional,RBC,CAD
2025-04-07,RBC InvestEase,Savings/Investments payment - RBC InvestEase,-787.17,Savings/Investments,Professional,RBC,CAD
2025-04-08,Client Transfer,Direct deposit from Client Transfer,4705.19,Income,Professional,RBC,CAD
2025-04-10,Bell Internet,RBC card transaction at Bell Internet,-234.42,Utilities,Professional,RBC,CAD
2025-04-10,Local Restaurant,Local Restaurant purchase,-94.86,Dining,Professional,RBC,CAD
2025-04-15,Adobe,Adobe purchase,-50.75,Subscriptions,Professional,RBC,CAD
2025-04-17,Bell Internet,Bell Internet purchase,-189.24,Utilities,Professional,RBC,CAD
2025-04-17,Enbridge Gas,RBC card transaction at Enbridge Gas,-256.32,Utilities,Professional,RBC,CAD
2025-04-19,Balzac's Coffee,Balzac's Coffee debit transaction,-7.29,Coffee,Professional,RBC,CAD
2025-04-19,Tim Hortons,Tim Hortons debit transaction,-7.98,Coffee,Professional,RBC,CAD
2025-04-20,Netflix,RBC card transaction at Netflix,-46.2,Subscriptions,Professional,RBC,CAD
2025-04-20,Wealthsimple,Savings/Investments payment - Wealthsimple,-946.38,Savings/Investments,Professional,RBC,CAD
2025-04-24,Wealthsimple,RBC card transaction at Wealthsimple,-195.95,Savings/Investments,Professional,RBC,CAD
2025-04-25,Air Canada,Air Canada purchase,-728.73,Travel,Professional,RBC,CAD
2025-04-25,Balzac's Coffee,Balzac's Coffee purchase,-17.82,Coffee,Professional,RBC,CAD
2025-04-25,Sobeys,Sobeys debit transaction,-121.29,Groceries,Professional,RBC,CAD
2025-04-25,Uber Eats,Dining payment - Uber Eats,-50.97,Dining,Professional,RBC,CAD
2025-04-29,Enbridge Gas,Enbridge Gas purchase,-135.22,Utilities,Professional,RBC,CAD
2025-04-30,Sobeys,Sobeys purchase,-56.55,Groceries,Professional,RBC,CAD
2025-05-01,Client Transfer,Direct deposit from Client Transfer,7199.06,Income,Professional,RBC,CAD
2025-05-02,Loblaws,Loblaws purchase,-213.71,Groceries,Professional,RBC,CAD
2025-05-02,Mortgage Payment,Housing payment - Mortgage Payment,-2505.6,Housing,Professional,RBC,CAD
2025-05-03,Adobe,Subscriptions payment - Adobe,-69.72,Subscriptions,Professional,RBC,CAD
2025-05-04,Uber Eats,Uber Eats debit transaction,-69.22,Dining,Professional,RBC,CAD
2025-05-05,Client Transfer,Direct deposit from Client Transfer,5315.69,Income,Professional,RBC,CAD
2025-05-07,TFSA Transfer,Savings/Investments payment - TFSA Transfer,-413.5,Savings/Investments,Professional,RBC,CAD
2025-05-10,Bell Internet,Utilities payment - Bell Internet,-229.71,Utilities,Professional,RBC,CAD
2025-05-12,Loblaws,Loblaws purchase,-47.52,Groceries,Professional,RBC,CAD
2025-05-13,Balzac's Coffee,Balzac's Coffee purchase,-13.63,Coffee,Professional,RBC,CAD
2025-05-15,Freshii,Dining payment - Freshii,-65.93,Dining,Professional,RBC,CAD
2025-05-15,Spotify,Spotify purchase,-50.98,Subscriptions,Professional,RBC,CAD
2025-05-16,Balzac's Coffee,Coffee payment - Balzac's Coffee,-13.71,Coffee,Professional,RBC,CAD
2025-05-17,Costco,RBC card transaction at Costco,-126.83,Groceries,Professional,RBC,CAD
2025-05-19,Starbucks,Coffee payment - Starbucks,-7.54,Coffee,Professional,RBC,CAD
2025-05-20,RBC InvestEase,Savings/Investments payment - RBC InvestEase,-991.99,Savings/Investments,Professional,RBC,CAD
2025-05-22,Bell Internet,Utilities payment - Bell Internet,-180.38,Utilities,Professional,RBC,CAD
2025-05-22,Tim Hortons,RBC card transaction at Tim Hortons,-5.66,Coffee,Professional,RBC,CAD
2025-05-23,Uber,Uber debit transaction,-69.48,Transportation,Professional,RBC,CAD
2025-05-24,Uber Eats,Uber Eats purchase,-122.44,Dining,Professional,RBC,CAD
2025-05-27,Loblaws,RBC card transaction at Loblaws,-221.42,Groceries,Professional,RBC,CAD
2025-05-27,Petro Canada,Transportation payment - Petro Canada,-117.71,Transportation,Professional,RBC,CAD
2025-06-01,Client Transfer,Client Transfer income deposit,6964.49,Income,Professional,RBC,CAD
2025-06-01,Shell,Shell purchase,-41.99,Transportation,Professional,RBC,CAD
2025-06-02,Balzac's Coffee,Balzac's Coffee purchase,-14.96,Coffee,Professional,RBC,CAD
2025-06-02,Condo Rent,RBC card transaction at Condo Rent,-2698.37,Housing,Professional,RBC,CAD
2025-06-04,Marriott,RBC card transaction at Marriott,-782.49,Travel,Professional,RBC,CAD
2025-06-07,Loblaws,Loblaws debit transaction,-231.8,Groceries,Professional,RBC,CAD
2025-06-10,Enbridge Gas,Utilities payment - Enbridge Gas,-238.63,Utilities,Professional,RBC,CAD
2025-06-11,Air Canada,Air Canada debit transaction,-597.94,Travel,Professional,RBC,CAD
2025-06-11,Local Restaurant,Dining payment - Local Restaurant,-108.81,Dining,Professional,RBC,CAD
2025-06-11,Petro Canada,RBC card transaction at Petro Canada,-117.13,Transportation,Professional,RBC,CAD
2025-06-12,Expedia,Travel payment - Expedia,-263.67,Travel,Professional,RBC,CAD
2025-06-12,Mortgage Payment,Housing payment - Mortgage Payment,-2070.07,Housing,Professional,RBC,CAD
2025-06-12,Tim Hortons,Tim Hortons debit transaction,-9.06,Coffee,Professional,RBC,CAD
2025-06-13,Balzac's Coffee,RBC card transaction at Balzac's Coffee,-16.5,Coffee,Professional,RBC,CAD
2025-06-15,LinkedIn Premium,LinkedIn Premium purchase,-22.91,Subscriptions,Professional,RBC,CAD
2025-06-15,Loblaws,Loblaws purchase,-108.28,Groceries,Professional,RBC,CAD
2025-06-18,Mortgage Payment,Mortgage Payment debit transaction,-1819.36,Housing,Professional,RBC,CAD
2025-06-20,Condo Rent,RBC card transaction at Condo Rent,-2316.83,Housing,Professional,RBC,CAD
2025-06-20,TFSA Transfer,Savings/Investments payment - TFSA Transfer,-1044.82,Savings/Investments,Professional,RBC,CAD
2025-06-20,Tim Hortons,Tim Hortons purchase,-14.82,Coffee,Professional,RBC,CAD
2025-06-21,Costco,RBC card transaction at Costco,-194.88,Groceries,Professional,RBC,CAD
2025-06-21,Loblaws,Loblaws debit transaction,-137.83,Groceries,Professional,RBC,CAD
2025-06-21,RBC InvestEase,RBC card transaction at RBC InvestEase,-374.19,Savings/Investments,Professional,RBC,CAD
2025-06-23,LinkedIn Premium,LinkedIn Premium debit transaction,-28.83,Subscriptions,Professional,RBC,CAD
2025-06-24,Enbridge Gas,Utilities payment - Enbridge Gas,-130.94,Utilities,Professional,RBC,CAD
2025-06-24,Hydro One,RBC card transaction at Hydro One,-168.24,Utilities,Professional,RBC,CAD
2025-06-28,Costco,Costco purchase,-49.49,Groceries,Professional,RBC,CAD
2025-06-28,Payroll Deposit,Payroll Deposit income deposit,7440.46,Income,Professional,RBC,CAD
2025-06-28,Starbucks,Coffee payment - Starbucks,-17.71,Coffee,Professional,RBC,CAD
2025-06-29,Client Transfer,Direct deposit from Client Transfer,3439.25,Income,Professional,RBC,CAD
2025-06-30,Expedia,Travel payment - Expedia,-751.68,Travel,Professional,RBC,CAD
2025-06-30,Shell,RBC card transaction at Shell,-131.57,Transportation,Professional,RBC,CAD
2025-07-01,Payroll Deposit,Payroll Deposit income deposit,3321.25,Income,Professional,RBC,CAD
2025-07-02,Mortgage Payment,Housing payment - Mortgage Payment,-2278.85,Housing,Professional,RBC,CAD
2025-07-05,Sobeys,Sobeys purchase,-102.87,Groceries,Professional,RBC,CAD
2025-07-05,Wealthsimple,RBC card transaction at Wealthsimple,-368.51,Savings/Investments,Professional,RBC,CAD
2025-07-06,Client Transfer,Client Transfer income deposit,7016.98,Income,Professional,RBC,CAD
2025-07-09,Condo Rent,Condo Rent debit transaction,-2015.31,Housing,Professional,RBC,CAD
2025-07-13,Local Restaurant,Local Restaurant purchase,-116.73,Dining,Professional,RBC,CAD
2025-07-14,Balzac's Coffee,Balzac's Coffee purchase,-17.97,Coffee,Professional,RBC,CAD
2025-07-15,Adobe,Subscriptions payment - Adobe,-39.39,Subscriptions,Professional,RBC,CAD
2025-07-15,Petro Canada,Transportation payment - Petro Canada,-82.14,Transportation,Professional,RBC,CAD
2025-07-15,Spotify,RBC card transaction at Spotify,-45.12,Subscriptions,Professional,RBC,CAD
2025-07-16,Petro Canada,Petro Canada debit transaction,-133.21,Transportation,Professional,RBC,CAD
2025-07-20,TFSA Transfer,TFSA Transfer debit transaction,-487.75,Savings/Investments,Professional,RBC,CAD
2025-07-21,Petro Canada,Transportation payment - Petro Canada,-129.99,Transportation,Professional,RBC,CAD
2025-07-21,The Keg,RBC card transaction at The Keg,-103.42,Dining,Professional,RBC,CAD
2025-07-26,Shell,RBC card transaction at Shell,-80.15,Transportation,Professional,RBC,CAD
2025-07-26,Sobeys,Sobeys debit transaction,-85.99,Groceries,Professional,RBC,CAD
2025-07-29,Sobeys,Sobeys debit transaction,-130.87,Groceries,Professional,RBC,CAD
2025-07-30,Balzac's Coffee,Coffee payment - Balzac's Coffee,-6.89,Coffee,Professional,RBC,CAD
2025-07-31,LinkedIn Premium,LinkedIn Premium debit transaction,-41.68,Subscriptions,Professional,RBC,CAD
2025-08-01,Payroll Deposit,Direct deposit from Payroll Deposit,7712.65,Income,Professional,RBC,CAD
2025-08-02,Mortgage Payment,Housing payment - Mortgage Payment,-2485.9,Housing,Professional,RBC,CAD
2025-08-03,Tim Hortons,RBC card transaction at Tim Hortons,-13.12,Coffee,Professional,RBC,CAD
2025-08-05,Client Transfer,Client Transfer income deposit,4751.65,Income,Professional,RBC,CAD
2025-08-06,Air Canada,Air Canada purchase,-205.92,Travel,Professional,RBC,CAD
2025-08-08,Costco,RBC card transaction at Costco,-184.93,Groceries,Professional,RBC,CAD
2025-08-11,Costco,Costco purchase,-202.41,Groceries,Professional,RBC,CAD
2025-08-15,LinkedIn Premium,RBC card transaction at LinkedIn Premium,-45.0,Subscriptions,Professional,RBC,CAD
2025-08-18,Costco,Costco debit transaction,-135.73,Groceries,Professional,RBC,CAD
2025-08-18,Tim Hortons,Tim Hortons purchase,-18.33,Coffee,Professional,RBC,CAD
2025-08-20,RBC InvestEase,RBC InvestEase debit transaction,-748.35,Savings/Investments,Professional,RBC,CAD
2025-08-26,Bell Internet,RBC card transaction at Bell Internet,-168.77,Utilities,Professional,RBC,CAD
2025-08-27,Costco,Costco purchase,-134.75,Groceries,Professional,RBC,CAD
2025-08-28,Tim Hortons,Tim Hortons debit transaction,-5.02,Coffee,Professional,RBC,CAD
2025-08-31,Starbucks,Starbucks debit transaction,-4.35,Coffee,Professional,RBC,CAD
2025-09-01,Expedia,Expedia purchase,-473.01,Travel,Professional,RBC,CAD
2025-09-01,Marriott,RBC card transaction at Marriott,-1048.11,Travel,Professional,RBC,CAD
2025-09-01,Payroll Deposit,Payroll Deposit income deposit,7168.58,Income,Professional,RBC,CAD
2025-09-02,Mortgage Payment,RBC card transaction at Mortgage Payment,-2199.55,Housing,Professional,RBC,CAD
2025-09-03,Tim Hortons,Tim Hortons debit transaction,-6.94,Coffee,Professional,RBC,CAD
2025-09-04,Balzac's Coffee,Balzac's Coffee purchase,-13.82,Coffee,Professional,RBC,CAD
2025-09-05,Marriott,RBC card transaction at Marriott,-1153.2,Travel,Professional,RBC,CAD
2025-09-06,Air Canada,Air Canada purchase,-1160.69,Travel,Professional,RBC,CAD
2025-09-06,Freshii,Freshii purchase,-62.19,Dining,Professional,RBC,CAD
2025-09-07,Balzac's Coffee,Balzac's Coffee debit transaction,-7.47,Coffee,Professional,RBC,CAD
2025-09-10,Air Canada,RBC card transaction at Air Canada,-902.74,Travel,Professional,RBC,CAD
2025-09-10,Enbridge Gas,Enbridge Gas debit transaction,-101.46,Utilities,Professional,RBC,CAD
2025-09-11,Uber Eats,Uber Eats purchase,-31.37,Dining,Professional,RBC,CAD
2025-09-14,Balzac's Coffee,Balzac's Coffee debit transaction,-15.72,Coffee,Professional,RBC,CAD
2025-09-15,Adobe,Subscriptions payment - Adobe,-58.87,Subscriptions,Professional,RBC,CAD
2025-09-19,Local Restaurant,Dining payment - Local Restaurant,-132.3,Dining,Professional,RBC,CAD
2025-09-20,Starbucks,Starbucks debit transaction,-17.37,Coffee,Professional,RBC,CAD
2025-09-20,Wealthsimple,Wealthsimple purchase,-1181.11,Savings/Investments,Professional,RBC,CAD
2025-09-23,Local Restaurant,Dining payment - Local Restaurant,-37.67,Dining,Professional,RBC,CAD
2025-10-01,Payroll Deposit,Payroll Deposit income deposit,4036.22,Income,Professional,RBC,CAD
2025-10-02,Mortgage Payment,Housing payment - Mortgage Payment,-2821.62,Housing,Professional,RBC,CAD
2025-10-06,Costco,Groceries payment - Costco,-182.74,Groceries,Professional,RBC,CAD
2025-10-09,Local Restaurant,RBC card transaction at Local Restaurant,-157.18,Dining,Professional,RBC,CAD
2025-10-10,Hydro One,RBC card transaction at Hydro One,-105.48,Utilities,Professional,RBC,CAD
2025-10-12,Uber Eats,Uber Eats debit transaction,-101.8,Dining,Professional,RBC,CAD
2025-10-14,Costco,Costco debit transaction,-154.52,Groceries,Professional,RBC,CAD
2025-10-15,Adobe,RBC card transaction at Adobe,-18.81,Subscriptions,Professional,RBC,CAD
2025-10-16,Local Restaurant,Local Restaurant purchase,-62.51,Dining,Professional,RBC,CAD
2025-10-16,Tim Hortons,Tim Hortons purchase,-4.28,Coffee,Professional,RBC,CAD
2025-10-17,Sobeys,Sobeys debit transaction,-203.8,Groceries,Professional,RBC,CAD
2025-10-20,The Keg,RBC card transaction at The Keg,-151.17,Dining,Professional,RBC,CAD
2025-10-23,Local Restaurant,Local Restaurant debit transaction,-84.63,Dining,Professional,RBC,CAD
2025-10-24,GO Transit,GO Transit debit transaction,-126.4,Transportation,Professional,RBC,CAD
2025-10-25,Tim Hortons,Tim Hortons purchase,-14.61,Coffee,Professional,RBC,CAD
2025-10-26,Uber,Transportation payment - Uber,-18.57,Transportation,Professional,RBC,CAD
2025-10-28,GO Transit,GO Transit purchase,-116.83,Transportation,Professional,RBC,CAD
2025-10-28,Sobeys,Sobeys debit transaction,-161.95,Groceries,Professional,RBC,CAD
2025-10-29,Adobe,Adobe debit transaction,-63.57,Subscriptions,Professional,RBC,CAD
2025-10-29,Balzac's Coffee,Balzac's Coffee purchase,-16.92,Coffee,Professional,RBC,CAD
2025-10-29,LinkedIn Premium,RBC card transaction at LinkedIn Premium,-14.35,Subscriptions,Professional,RBC,CAD
2025-10-29,Netflix,Subscriptions payment - Netflix,-74.46,Subscriptions,Professional,RBC,CAD
2025-10-29,The Keg,The Keg purchase,-88.67,Dining,Professional,RBC,CAD
2025-10-30,GO Transit,Transportation payment - GO Transit,-140.12,Transportation,Professional,RBC,CAD
2025-10-30,Shell,Transportation payment - Shell,-131.59,Transportation,Professional,RBC,CAD
2025-11-01,Client Transfer,Client Transfer income deposit,4934.51,Income,Professional,RBC,CAD
2025-11-02,Costco,Costco purchase,-81.68,Groceries,Professional,RBC,CAD
2025-11-02,Mortgage Payment,Mortgage Payment debit transaction,-2212.24,Housing,Professional,RBC,CAD
2025-11-03,Mortgage Payment,RBC card transaction at Mortgage Payment,-2271.78,Housing,Professional,RBC,CAD
2025-11-05,Enbridge Gas,Utilities payment - Enbridge Gas,-129.97,Utilities,Professional,RBC,CAD
2025-11-10,Hydro One,Hydro One debit transaction,-75.22,Utilities,Professional,RBC,CAD
2025-11-10,Sobeys,Sobeys debit transaction,-169.98,Groceries,Professional,RBC,CAD
2025-11-10,Starbucks,Coffee payment - Starbucks,-7.01,Coffee,Professional,RBC,CAD
2025-11-11,Sobeys,Groceries payment - Sobeys,-163.88,Groceries,Professional,RBC,CAD
2025-11-15,Adobe,Adobe purchase,-56.41,Subscriptions,Professional,RBC,CAD
2025-11-16,Loblaws,RBC card transaction at Loblaws,-195.31,Groceries,Professional,RBC,CAD
2025-11-20,Bell Internet,Bell Internet purchase,-171.69,Utilities,Professional,RBC,CAD
2025-11-20,Shell,Transportation payment - Shell,-83.05,Transportation,Professional,RBC,CAD
2025-11-20,TFSA Transfer,TFSA Transfer purchase,-197.5,Savings/Investments,Professional,RBC,CAD
2025-11-24,Freshii,Dining payment - Freshii,-21.59,Dining,Professional,RBC,CAD
2025-11-27,Sobeys,Groceries payment - Sobeys,-227.76,Groceries,Professional,RBC,CAD
2025-12-01,Payroll Deposit,Payroll Deposit income deposit,3221.8,Income,Professional,RBC,CAD
2025-12-02,Loblaws,Loblaws debit transaction,-72.63,Groceries,Professional,RBC,CAD
2025-12-02,Mortgage Payment,RBC card transaction at Mortgage Payment,-2250.76,Housing,Professional,RBC,CAD
2025-12-03,Local Restaurant,Local Restaurant debit transaction,-94.25,Dining,Professional,RBC,CAD
2025-12-03,The Keg,The Keg purchase,-34.37,Dining,Professional,RBC,CAD
2025-12-07,Marriott,Marriott debit transaction,-1162.71,Travel,Professional,RBC,CAD
2025-12-07,Netflix,Subscriptions payment - Netflix,-46.88,Subscriptions,Professional,RBC,CAD
2025-12-10,Bell Internet,RBC card transaction at Bell Internet,-77.24,Utilities,Professional,RBC,CAD
2025-12-12,Starbucks,Coffee payment - Starbucks,-11.44,Coffee,Professional,RBC,CAD
2025-12-13,Sobeys,Sobeys debit transaction,-117.5,Groceries,Professional,RBC,CAD
2025-12-14,Starbucks,Coffee payment - Starbucks,-10.03,Coffee,Professional,RBC,CAD
2025-12-15,LinkedIn Premium,LinkedIn Premium debit transaction,-15.43,Subscriptions,Professional,RBC,CAD
2025-12-16,GO Transit,Transportation payment - GO Transit,-29.28,Transportation,Professional,RBC,CAD
2025-12-18,GO Transit,Transportation payment - GO Transit,-43.72,Transportation,Professional,RBC,CAD
2025-12-19,Air Canada,Air Canada debit transaction,-998.39,Travel,Professional,RBC,CAD
2025-12-20,Sobeys,RBC card transaction at Sobeys,-216.98,Groceries,Professional,RBC,CAD
2025-12-20,Wealthsimple,Wealthsimple debit transaction,-607.75,Savings/Investments,Professional,RBC,CAD
2025-12-22,Netflix,Netflix purchase,-30.7,Subscriptions,Professional,RBC,CAD
2025-12-22,The Keg,RBC card transaction at The Keg,-145.85,Dining,Professional,RBC,CAD
2025-12-22,Tim Hortons,Tim Hortons debit transaction,-14.26,Coffee,Professional,RBC,CAD
2025-12-23,Uber Eats,Dining payment - Uber Eats,-36.3,Dining,Professional,RBC,CAD
2025-12-26,Enbridge Gas,Enbridge Gas purchase,-127.72,Utilities,Professional,RBC,CAD
2025-12-26,Payroll Deposit,Payroll Deposit income deposit,7202.73,Income,Professional,RBC,CAD
2025-12-27,Starbucks,Coffee payment - Starbucks,-8.05,Coffee,Professional,RBC,CAD
2025-12-28,Adobe,Adobe debit transaction,-73.45,Subscriptions,Professional,RBC,CAD
2025-12-30,Starbucks,Starbucks purchase,-6.97,Coffee,Professional,RBC,CAD
2025-12-31,Starbucks,RBC card transaction at Starbucks,-10.55,Coffee,Professional,RBC,CAD
2025-12-31,The Keg,RBC card transaction at The Keg,-153.66,Dining,Professional,RBC,CAD
2026-01-01,Client Transfer,Direct deposit from Client Transfer,6837.26,Income,Professional,RBC,CAD
2026-01-02,Condo Rent,Housing payment - Condo Rent,-2404.86,Housing,Professional,RBC,CAD
2026-01-04,Uber Eats,Uber Eats purchase,-141.22,Dining,Professional,RBC,CAD
2026-01-09,Loblaws,Loblaws debit transaction,-73.09,Groceries,Professional,RBC,CAD
2026-01-10,Enbridge Gas,Enbridge Gas purchase,-186.94,Utilities,Professional,RBC,CAD
2026-01-11,Starbucks,Starbucks debit transaction,-16.26,Coffee,Professional,RBC,CAD
2026-01-12,Local Restaurant,Local Restaurant debit transaction,-62.77,Dining,Professional,RBC,CAD
2026-01-12,Starbucks,Coffee payment - Starbucks,-16.41,Coffee,Professional,RBC,CAD
2026-01-14,Loblaws,Groceries payment - Loblaws,-203.94,Groceries,Professional,RBC,CAD
2026-01-15,Balzac's Coffee,RBC card transaction at Balzac's Coffee,-5.72,Coffee,Professional,RBC,CAD
2026-01-15,Starbucks,Coffee payment - Starbucks,-12.88,Coffee,Professional,RBC,CAD
2026-01-15,Tim Hortons,RBC card transaction at Tim Hortons,-7.16,Coffee,Professional,RBC,CAD
2026-01-19,The Keg,The Keg debit transaction,-63.84,Dining,Professional,RBC,CAD
2026-01-20,Payroll Deposit,Direct deposit from Payroll Deposit,6978.58,Income,Professional,RBC,CAD
2026-01-20,Wealthsimple,Wealthsimple debit transaction,-1137.13,Savings/Investments,Professional,RBC,CAD
2026-01-21,GO Transit,RBC card transaction at GO Transit,-124.4,Transportation,Professional,RBC,CAD
2026-01-24,GO Transit,GO Transit debit transaction,-90.47,Transportation,Professional,RBC,CAD
2026-01-25,Shell,Shell debit transaction,-26.22,Transportation,Professional,RBC,CAD
2026-01-26,Mortgage Payment,Mortgage Payment purchase,-2736.95,Housing,Professional,RBC,CAD
2026-01-29,Hydro One,Hydro One debit transaction,-104.2,Utilities,Professional,RBC,CAD
2026-01-30,RBC InvestEase,Savings/Investments payment - RBC InvestEase,-221.14,Savings/Investments,Professional,RBC,CAD
2026-02-01,Client Transfer,Client Transfer income deposit,3573.33,Income,Professional,RBC,CAD
2026-02-02,Freshii,Freshii purchase,-137.44,Dining,Professional,RBC,CAD
2026-02-02,Local Restaurant,Local Restaurant purchase,-49.1,Dining,Professional,RBC,CAD
2026-02-02,Mortgage Payment,Mortgage Payment purchase,-2214.35,Housing,Professional,RBC,CAD
2026-02-03,Sobeys,Sobeys purchase,-74.26,Groceries,Professional,RBC,CAD
2026-02-05,Balzac's Coffee,Balzac's Coffee purchase,-17.03,Coffee,Professional,RBC,CAD
2026-02-05,The Keg,The Keg debit transaction,-89.08,Dining,Professional,RBC,CAD
2026-02-06,Tim Hortons,Tim Hortons purchase,-16.2,Coffee,Professional,RBC,CAD
2026-02-06,Uber Eats,Uber Eats purchase,-55.7,Dining,Professional,RBC,CAD
2026-02-08,Enbridge Gas,Enbridge Gas debit transaction,-182.73,Utilities,Professional,RBC,CAD
2026-02-08,Tim Hortons,Tim Hortons debit transaction,-4.9,Coffee,Professional,RBC,CAD
2026-02-08,Uber,Transportation payment - Uber,-13.13,Transportation,Professional,RBC,CAD
2026-02-09,Sobeys,Sobeys debit transaction,-149.12,Groceries,Professional,RBC,CAD
2026-02-10,Hydro One,Utilities payment - Hydro One,-167.76,Utilities,Professional,RBC,CAD
2026-02-13,Air Canada,Air Canada debit transaction,-120.62,Travel,Professional,RBC,CAD
2026-02-13,Loblaws,Loblaws purchase,-147.31,Groceries,Professional,RBC,CAD
2026-02-15,Adobe,Adobe debit transaction,-35.82,Subscriptions,Professional,RBC,CAD
2026-02-15,Condo Rent,RBC card transaction at Condo Rent,-1720.35,Housing,Professional,RBC,CAD
2026-02-18,Balzac's Coffee,Balzac's Coffee purchase,-4.84,Coffee,Professional,RBC,CAD
2026-02-20,Payroll Deposit,Payroll Deposit income deposit,7072.95,Income,Professional,RBC,CAD
2026-02-20,Wealthsimple,RBC card transaction at Wealthsimple,-428.93,Savings/Investments,Professional,RBC,CAD
2026-02-22,Netflix,Subscriptions payment - Netflix,-62.76,Subscriptions,Professional,RBC,CAD
2026-02-26,Petro Canada,Petro Canada debit transaction,-168.71,Transportation,Professional,RBC,CAD
2026-02-27,Mortgage Payment,Mortgage Payment debit transaction,-2277.02,Housing,Professional,RBC,CAD
2026-03-01,Payroll Deposit,Payroll Deposit income deposit,4738.63,Income,Professional,RBC,CAD
2026-03-02,Client Transfer,Direct deposit from Client Transfer,4540.55,Income,Professional,RBC,CAD
2026-03-02,Mortgage Payment,RBC card transaction at Mortgage Payment,-2141.04,Housing,Professional,RBC,CAD
2026-03-02,Sobeys,Groceries payment - Sobeys,-201.9,Groceries,Professional,RBC,CAD
2026-03-04,Loblaws,RBC card transaction at Loblaws,-133.07,Groceries,Professional,RBC,CAD
2026-03-04,Payroll Deposit,Payroll Deposit income deposit,3780.1,Income,Professional,RBC,CAD
2026-03-06,Mortgage Payment,Mortgage Payment debit transaction,-2695.11,Housing,Professional,RBC,CAD
2026-03-07,Balzac's Coffee,RBC card transaction at Balzac's Coffee,-9.78,Coffee,Professional,RBC,CAD
2026-03-07,Freshii,Freshii purchase,-62.01,Dining,Professional,RBC,CAD
2026-03-08,Shell,Transportation payment - Shell,-61.23,Transportation,Professional,RBC,CAD
2026-03-10,Hydro One,Utilities payment - Hydro One,-153.44,Utilities,Professional,RBC,CAD
2026-03-20,GO Transit,GO Transit purchase,-151.74,Transportation,Professional,RBC,CAD
2026-03-20,GO Transit,GO Transit purchase,-147.43,Transportation,Professional,RBC,CAD
2026-03-20,Loblaws,Groceries payment - Loblaws,-84.9,Groceries,Professional,RBC,CAD
2026-03-25,Condo Rent,Condo Rent debit transaction,-1630.47,Housing,Professional,RBC,CAD
2026-03-25,Starbucks,RBC card transaction at Starbucks,-17.33,Coffee,Professional,RBC,CAD
2026-03-27,Mortgage Payment,Housing payment - Mortgage Payment,-2148.91,Housing,Professional,RBC,CAD
2026-03-27,The Keg,The Keg debit transaction,-140.17,Dining,Professional,RBC,CAD
2026-03-29,Sobeys,RBC card transaction at Sobeys,-109.38,Groceries,Professional,RBC,CAD
2026-04-01,Payroll Deposit,Direct deposit from Payroll Deposit,3446.27,Income,Professional,RBC,CAD
2026-04-01,Uber,Uber debit transaction,-107.22,Transportation,Professional,RBC,CAD
2026-04-02,Condo Rent,Condo Rent purchase,-2787.17,Housing,Professional,RBC,CAD
2026-04-05,Mortgage Payment,Mortgage Payment purchase,-2760.71,Housing,Professional,RBC,CAD
2026-04-05,Tim Hortons,RBC card transaction at Tim Hortons,-11.31,Coffee,Professional,RBC,CAD
2026-04-05,Wealthsimple,RBC card transaction at Wealthsimple,-864.37,Savings/Investments,Professional,RBC,CAD
2026-04-09,Mortgage Payment,RBC card transaction at Mortgage Payment,-2776.24,Housing,Professional,RBC,CAD
2026-04-10,Bell Internet,Bell Internet purchase,-235.46,Utilities,Professional,RBC,CAD
2026-04-14,Payroll Deposit,Direct deposit from Payroll Deposit,5120.91,Income,Professional,RBC,CAD
2026-04-15,Netflix,Netflix purchase,-57.11,Subscriptions,Professional,RBC,CAD
2026-04-15,Netflix,Netflix debit transaction,-70.11,Subscriptions,Professional,RBC,CAD
2026-04-16,Loblaws,Groceries payment - Loblaws,-225.93,Groceries,Professional,RBC,CAD
2026-04-20,TFSA Transfer,RBC card transaction at TFSA Transfer,-433.57,Savings/Investments,Professional,RBC,CAD
2026-04-21,Loblaws,Loblaws purchase,-103.01,Groceries,Professional,RBC,CAD
2026-04-24,Loblaws,RBC card transaction at Loblaws,-59.84,Groceries,Professional,RBC,CAD
2026-04-26,Petro Canada,RBC card transaction at Petro Canada,-117.27,Transportation,Professional,RBC,CAD
2026-04-28,Wealthsimple,Wealthsimple purchase,-801.99,Savings/Investments,Professional,RBC,CAD
2026-05-01,Payroll Deposit,Direct deposit from Payroll Deposit,3499.73,Income,Professional,RBC,CAD
2026-05-02,Mortgage Payment,Housing payment - Mortgage Payment,-1783.78,Housing,Professional,RBC,CAD
2026-05-10,Bell Internet,RBC card transaction at Bell Internet,-252.45,Utilities,Professional,RBC,CAD
2026-05-10,GO Transit,RBC card transaction at GO Transit,-25.97,Transportation,Professional,RBC,CAD
2026-05-15,Adobe,Adobe debit transaction,-30.85,Subscriptions,Professional,RBC,CAD
2026-05-15,Shell,Transportation payment - Shell,-98.05,Transportation,Professional,RBC,CAD
2026-05-16,Sobeys,Groceries payment - Sobeys,-206.94,Groceries,Professional,RBC,CAD
2026-05-18,Petro Canada,Transportation payment - Petro Canada,-137.13,Transportation,Professional,RBC,CAD
2026-05-20,RBC InvestEase,RBC InvestEase debit transaction,-759.22,Savings/Investments,Professional,RBC,CAD
2026-05-21,GO Transit,GO Transit purchase,-150.02,Transportation,Professional,RBC,CAD
2026-05-29,Balzac's Coffee,Balzac's Coffee purchase,-14.51,Coffee,Professional,RBC,CAD
2026-05-30,Hydro One,Hydro One debit transaction,-57.27,Utilities,Professional,RBC,CAD
2026-05-30,Marriott,Marriott debit transaction,-898.45,Travel,Professional,RBC,CAD
2026-06-01,Client Transfer,Direct deposit from Client Transfer,6945.45,Income,Professional,RBC,CAD
2026-06-01,Marriott,Marriott purchase,-641.42,Travel,Professional,RBC,CAD
2026-06-02,Condo Rent,RBC card transaction at Condo Rent,-2549.76,Housing,Professional,RBC,CAD
2026-06-03,Loblaws,RBC card transaction at Loblaws,-217.53,Groceries,Professional,RBC,CAD
2026-06-05,Balzac's Coffee,Balzac's Coffee debit transaction,-17.19,Coffee,Professional,RBC,CAD
2026-06-06,Air Canada,RBC card transaction at Air Canada,-760.92,Travel,Professional,RBC,CAD
2026-06-09,Air Canada,Travel payment - Air Canada,-1147.09,Travel,Professional,RBC,CAD
2026-06-09,Uber Eats,Uber Eats debit transaction,-123.04,Dining,Professional,RBC,CAD
2026-06-10,Hydro One,Hydro One debit transaction,-186.3,Utilities,Professional,RBC,CAD
2026-06-11,Balzac's Coffee,Balzac's Coffee debit transaction,-17.62,Coffee,Professional,RBC,CAD
2026-06-14,TFSA Transfer,Savings/Investments payment - TFSA Transfer,-590.26,Savings/Investments,Professional,RBC,CAD
2026-06-15,Spotify,Spotify purchase,-71.85,Subscriptions,Professional,RBC,CAD
2026-06-16,Freshii,Freshii purchase,-64.22,Dining,Professional,RBC,CAD
2026-06-17,Uber Eats,Uber Eats purchase,-91.78,Dining,Professional,RBC,CAD
2026-06-18,Costco,Groceries payment - Costco,-115.26,Groceries,Professional,RBC,CAD
2026-06-18,Freshii,Dining payment - Freshii,-92.28,Dining,Professional,RBC,CAD
2026-06-20,Wealthsimple,Wealthsimple purchase,-460.57,Savings/Investments,Professional,RBC,CAD
2026-06-22,Client Transfer,Direct deposit from Client Transfer,6396.58,Income,Professional,RBC,CAD
2026-06-22,Tim Hortons,Coffee payment - Tim Hortons,-15.7,Coffee,Professional,RBC,CAD
2026-06-23,GO Transit,RBC card transaction at GO Transit,-50.21,Transportation,Professional,RBC,CAD
2026-06-23,Loblaws,RBC card transaction at Loblaws,-157.96,Groceries,Professional,RBC,CAD
2026-06-25,Loblaws,Loblaws debit transaction,-218.5,Groceries,Professional,RBC,CAD
2026-06-29,GO Transit,GO Transit purchase,-90.24,Transportation,Professional,RBC,CAD
2026-06-30,Loblaws,RBC card transaction at Loblaws,-170.87,Groceries,Professional,RBC,CAD
2026-07-01,Client Transfer,Client Transfer income deposit,3248.61,Income,Professional,RBC,CAD
2026-07-02,Costco,Groceries payment - Costco,-235.52,Groceries,Professional,RBC,CAD
2026-07-02,Local Restaurant,Dining payment - Local Restaurant,-125.79,Dining,Professional,RBC,CAD
2026-07-02,Mortgage Payment,Mortgage Payment purchase,-1616.15,Housing,Professional,RBC,CAD
2026-07-02,Petro Canada,RBC card transaction at Petro Canada,-60.95,Transportation,Professional,RBC,CAD
2026-07-03,Tim Hortons,Coffee payment - Tim Hortons,-18.01,Coffee,Professional,RBC,CAD
2026-07-04,LinkedIn Premium,RBC card transaction at LinkedIn Premium,-70.93,Subscriptions,Professional,RBC,CAD
2026-07-07,Petro Canada,Transportation payment - Petro Canada,-27.0,Transportation,Professional,RBC,CAD
2026-07-08,Shell,Shell purchase,-18.95,Transportation,Professional,RBC,CAD
2026-07-09,Starbucks,Coffee payment - Starbucks,-17.78,Coffee,Professional,RBC,CAD
2026-07-10,Bell Internet,Bell Internet purchase,-148.21,Utilities,Professional,RBC,CAD
2026-07-12,Loblaws,Loblaws debit transaction,-104.24,Groceries,Professional,RBC,CAD
2026-07-13,Costco,Groceries payment - Costco,-103.41,Groceries,Professional,RBC,CAD
2026-07-14,Uber,Uber debit transaction,-57.26,Transportation,Professional,RBC,CAD
2026-07-15,Netflix,Subscriptions payment - Netflix,-14.49,Subscriptions,Professional,RBC,CAD
2026-07-19,Costco,Groceries payment - Costco,-168.87,Groceries,Professional,RBC,CAD
2026-07-20,Balzac's Coffee,RBC card transaction at Balzac's Coffee,-19.19,Coffee,Professional,RBC,CAD
2026-07-20,RBC InvestEase,Savings/Investments payment - RBC InvestEase,-991.37,Savings/Investments,Professional,RBC,CAD
2026-07-25,Tim Hortons,Tim Hortons purchase,-10.76,Coffee,Professional,RBC,CAD
2026-07-27,The Keg,Dining payment - The Keg,-33.27,Dining,Professional,RBC,CAD
2026-08-01,Client Transfer,Direct deposit from Client Transfer,6411.8,Income,Professional,RBC,CAD
2026-08-01,Tim Hortons,RBC card transaction at Tim Hortons,-19.0,Coffee,Professional,RBC,CAD
2026-08-02,Condo Rent,Housing payment - Condo Rent,-2194.6,Housing,Professional,RBC,CAD
2026-08-02,Tim Hortons,RBC card transaction at Tim Hortons,-6.92,Coffee,Professional,RBC,CAD
2026-08-04,Air Canada,Air Canada purchase,-294.95,Travel,Professional,RBC,CAD
2026-08-05,Hydro One,Utilities payment - Hydro One,-251.72,Utilities,Professional,RBC,CAD
2026-08-05,RBC InvestEase,RBC card transaction at RBC InvestEase,-298.72,Savings/Investments,Professional,RBC,CAD
2026-08-05,Shell,RBC card transaction at Shell,-129.75,Transportation,Professional,RBC,CAD
2026-08-05,Starbucks,Starbucks debit transaction,-7.87,Coffee,Professional,RBC,CAD
2026-08-05,The Keg,The Keg debit transaction,-23.23,Dining,Professional,RBC,CAD
2026-08-06,Expedia,Expedia debit transaction,-601.79,Travel,Professional,RBC,CAD
2026-08-06,Uber Eats,Uber Eats debit transaction,-36.74,Dining,Professional,RBC,CAD
2026-08-07,Client Transfer,Direct deposit from Client Transfer,4191.62,Income,Professional,RBC,CAD
2026-08-08,Loblaws,Loblaws purchase,-120.52,Groceries,Professional,RBC,CAD
2026-08-09,Client Transfer,Client Transfer income deposit,7523.72,Income,Professional,RBC,CAD
2026-08-10,Enbridge Gas,Enbridge Gas purchase,-200.22,Utilities,Professional,RBC,CAD
2026-08-11,Costco,Groceries payment - Costco,-66.39,Groceries,Professional,RBC,CAD
2026-08-13,Adobe,Subscriptions payment - Adobe,-56.34,Subscriptions,Professional,RBC,CAD
2026-08-13,Marriott,Marriott debit transaction,-1099.15,Travel,Professional,RBC,CAD
2026-08-15,Netflix,Subscriptions payment - Netflix,-40.79,Subscriptions,Professional,RBC,CAD
2026-08-20,TFSA Transfer,Savings/Investments payment - TFSA Transfer,-220.29,Savings/Investments,Professional,RBC,CAD
2026-08-20,Wealthsimple,Wealthsimple debit transaction,-873.48,Savings/Investments,Professional,RBC,CAD
2026-08-28,Loblaws,Loblaws debit transaction,-52.76,Groceries,Professional,RBC,CAD
2026-08-28,Tim Hortons,Coffee payment - Tim Hortons,-7.66,Coffee,Professional,RBC,CAD
2026-08-29,The Keg,The Keg debit transaction,-149.5,Dining,Professional,RBC,CAD
2026-08-30,Client Transfer,Client Transfer income deposit,7280.41,Income,Professional,RBC,CAD
2026-08-31,Sobeys,Sobeys purchase,-83.83,Groceries,Professional,RBC,CAD
2026-09-01,Client Transfer,Client Transfer income deposit,5398.25,Income,Professional,RBC,CAD
2026-09-01,Tim Hortons,RBC card transaction at Tim Hortons,-4.96,Coffee,Professional,RBC,CAD
2026-09-02,Condo Rent,Housing payment - Condo Rent,-2274.25,Housing,Professional,RBC,CAD
2026-09-02,LinkedIn Premium,LinkedIn Premium purchase,-74.91,Subscriptions,Professional,RBC,CAD
2026-09-04,Starbucks,RBC card transaction at Starbucks,-13.37,Coffee,Professional,RBC,CAD
2026-09-07,The Keg,Dining payment - The Keg,-85.92,Dining,Professional,RBC,CAD
2026-09-10,Adobe,RBC card transaction at Adobe,-52.48,Subscriptions,Professional,RBC,CAD
2026-09-10,Hydro One,Hydro One debit transaction,-191.75,Utilities,Professional,RBC,CAD
2026-09-10,Starbucks,Starbucks debit transaction,-15.95,Coffee,Professional,RBC,CAD
2026-09-13,RBC InvestEase,RBC InvestEase debit transaction,-606.68,Savings/Investments,Professional,RBC,CAD
2026-09-15,Netflix,Subscriptions payment - Netflix,-43.37,Subscriptions,Professional,RBC,CAD
2026-09-17,Wealthsimple,Wealthsimple purchase,-563.5,Savings/Investments,Professional,RBC,CAD
2026-09-18,Starbucks,Starbucks purchase,-7.72,Coffee,Professional,RBC,CAD
2026-09-19,Tim Hortons,RBC card transaction at Tim Hortons,-19.85,Coffee,Professional,RBC,CAD
2026-09-26,TFSA Transfer,TFSA Transfer debit transaction,-1038.2,Savings/Investments,Professional,RBC,CAD
2026-09-28,Uber,Transportation payment - Uber,-31.95,Transportation,Professional,RBC,CAD
2026-09-30,Freshii,Freshii debit transaction,-140.2,Dining,Professional,RBC,CAD
2026-10-01,Client Transfer,Client Transfer income deposit,7513.0,Income,Professional,RBC,CAD
2026-10-02,Condo Rent,Housing payment - Condo Rent,-1971.91,Housing,Professional,RBC,CAD
2026-10-03,Balzac's Coffee,Balzac's Coffee debit transaction,-16.37,Coffee,Professional,RBC,CAD
2026-10-09,Local Restaurant,Dining payment - Local Restaurant,-110.32,Dining,Professional,RBC,CAD
2026-10-10,Balzac's Coffee,Coffee payment - Balzac's Coffee,-16.37,Coffee,Professional,RBC,CAD
2026-10-10,Enbridge Gas,Enbridge Gas purchase,-106.58,Utilities,Professional,RBC,CAD
2026-10-10,Freshii,RBC card transaction at Freshii,-148.54,Dining,Professional,RBC,CAD
2026-10-10,GO Transit,RBC card transaction at GO Transit,-141.73,Transportation,Professional,RBC,CAD
2026-10-10,Shell,Shell debit transaction,-142.47,Transportation,Professional,RBC,CAD
2026-10-12,Client Transfer,Client Transfer income deposit,4952.47,Income,Professional,RBC,CAD
2026-10-15,LinkedIn Premium,RBC card transaction at LinkedIn Premium,-27.15,Subscriptions,Professional,RBC,CAD
2026-10-15,Shell,RBC card transaction at Shell,-110.24,Transportation,Professional,RBC,CAD
2026-10-17,Local Restaurant,Dining payment - Local Restaurant,-72.83,Dining,Professional,RBC,CAD
2026-10-20,Shell,Shell debit transaction,-61.46,Transportation,Professional,RBC,CAD
2026-10-20,TFSA Transfer,TFSA Transfer debit transaction,-956.73,Savings/Investments,Professional,RBC,CAD
2026-10-20,Tim Hortons,Tim Hortons purchase,-10.68,Coffee,Professional,RBC,CAD
2026-10-23,Starbucks,Starbucks purchase,-8.01,Coffee,Professional,RBC,CAD
2026-10-24,Costco,RBC card transaction at Costco,-121.2,Groceries,Professional,RBC,CAD
2026-10-25,Loblaws,Groceries payment - Loblaws,-50.39,Groceries,Professional,RBC,CAD
2026-10-25,Sobeys,Groceries payment - Sobeys,-53.37,Groceries,Professional,RBC,CAD
2026-10-26,Marriott,RBC card transaction at Marriott,-619.4,Travel,Professional,RBC,CAD
2026-10-26,Tim Hortons,Tim Hortons debit transaction,-14.39,Coffee,Professional,RBC,CAD
2026-10-27,Costco,Costco debit transaction,-190.98,Groceries,Professional,RBC,CAD
2026-10-27,Marriott,Marriott purchase,-1018.35,Travel,Professional,RBC,CAD
2026-10-28,Balzac's Coffee,Balzac's Coffee debit transaction,-7.86,Coffee,Professional,RBC,CAD
2026-10-28,Shell,Shell debit transaction,-13.18,Transportation,Professional,RBC,CAD
2026-10-30,Shell,Shell debit transaction,-101.43,Transportation,Professional,RBC,CAD
2026-11-01,Client Transfer,Direct deposit from Client Transfer,6360.68,Income,Professional,RBC,CAD
2026-11-02,Local Restaurant,RBC card transaction at Local Restaurant,-40.23,Dining,Professional,RBC,CAD
2026-11-02,Mortgage Payment,RBC card transaction at Mortgage Payment,-1667.22,Housing,Professional,RBC,CAD
2026-11-04,Sobeys,RBC card transaction at Sobeys,-169.53,Groceries,Professional,RBC,CAD
2026-11-05,Shell,Shell purchase,-158.27,Transportation,Professional,RBC,CAD
2026-11-07,Local Restaurant,RBC card transaction at Local Restaurant,-25.24,Dining,Professional,RBC,CAD
2026-11-08,Tim Hortons,Coffee payment - Tim Hortons,-11.75,Coffee,Professional,RBC,CAD
2026-11-09,Expedia,Expedia debit transaction,-364.29,Travel,Professional,RBC,CAD
2026-11-09,Starbucks,Starbucks purchase,-8.04,Coffee,Professional,RBC,CAD
2026-11-10,Enbridge Gas,Enbridge Gas purchase,-63.41,Utilities,Professional,RBC,CAD
2026-11-15,Local Restaurant,RBC card transaction at Local Restaurant,-90.58,Dining,Professional,RBC,CAD
2026-11-15,Spotify,Spotify purchase,-67.94,Subscriptions,Professional,RBC,CAD
2026-11-17,Petro Canada,RBC card transaction at Petro Canada,-136.25,Transportation,Professional,RBC,CAD
2026-11-17,Wealthsimple,RBC card transaction at Wealthsimple,-175.35,Savings/Investments,Professional,RBC,CAD
2026-11-20,Sobeys,RBC card transaction at Sobeys,-80.7,Groceries,Professional,RBC,CAD
2026-11-20,Wealthsimple,Wealthsimple purchase,-504.49,Savings/Investments,Professional,RBC,CAD
2026-11-21,Local Restaurant,Dining payment - Local Restaurant,-102.53,Dining,Professional,RBC,CAD
2026-11-22,Mortgage Payment,RBC card transaction at Mortgage Payment,-2237.39,Housing,Professional,RBC,CAD
2026-11-23,Payroll Deposit,Direct deposit from Payroll Deposit,5280.33,Income,Professional,RBC,CAD
2026-11-25,LinkedIn Premium,Subscriptions payment - LinkedIn Premium,-45.77,Subscriptions,Professional,RBC,CAD
2026-11-26,Sobeys,Groceries payment - Sobeys,-158.44,Groceries,Professional,RBC,CAD
2026-11-27,Tim Hortons,Coffee payment - Tim Hortons,-4.05,Coffee,Professional,RBC,CAD
2026-11-30,Bell Internet,RBC card transaction at Bell Internet,-191.54,Utilities,Professional,RBC,CAD
2026-11-30,The Keg,The Keg purchase,-59.95,Dining,Professional,RBC,CAD
2026-11-30,Tim Hortons,Coffee payment - Tim Hortons,-12.6,Coffee,Professional,RBC,CAD
2026-12-01,Client Transfer,Direct deposit from Client Transfer,4260.25,Income,Professional,RBC,CAD
2026-12-02,Condo Rent,Housing payment - Condo Rent,-2690.82,Housing,Professional,RBC,CAD
2026-12-04,Freshii,Freshii purchase,-51.91,Dining,Professional,RBC,CAD
2026-12-04,Spotify,Spotify debit transaction,-20.54,Subscriptions,Professional,RBC,CAD
2026-12-04,Starbucks,Starbucks debit transaction,-17.53,Coffee,Professional,RBC,CAD
2026-12-04,The Keg,The Keg purchase,-76.01,Dining,Professional,RBC,CAD
2026-12-05,Shell,Shell purchase,-106.95,Transportation,Professional,RBC,CAD
2026-12-06,Adobe,Adobe debit transaction,-44.69,Subscriptions,Professional,RBC,CAD
2026-12-06,Expedia,RBC card transaction at Expedia,-711.77,Travel,Professional,RBC,CAD
2026-12-06,Petro Canada,Transportation payment - Petro Canada,-44.73,Transportation,Professional,RBC,CAD
2026-12-10,Hydro One,RBC card transaction at Hydro One,-97.05,Utilities,Professional,RBC,CAD
2026-12-11,Shell,Shell purchase,-90.85,Transportation,Professional,RBC,CAD
2026-12-12,Bell Internet,Utilities payment - Bell Internet,-250.91,Utilities,Professional,RBC,CAD
2026-12-12,Costco,Costco debit transaction,-74.58,Groceries,Professional,RBC,CAD
2026-12-13,Expedia,RBC card transaction at Expedia,-685.35,Travel,Professional,RBC,CAD
2026-12-13,Mortgage Payment,Mortgage Payment purchase,-2832.94,Housing,Professional,RBC,CAD
2026-12-14,Freshii,Dining payment - Freshii,-81.36,Dining,Professional,RBC,CAD
2026-12-15,LinkedIn Premium,RBC card transaction at LinkedIn Premium,-26.17,Subscriptions,Professional,RBC,CAD
2026-12-15,LinkedIn Premium,Subscriptions payment - LinkedIn Premium,-15.81,Subscriptions,Professional,RBC,CAD
2026-12-19,Costco,RBC card transaction at Costco,-193.66,Groceries,Professional,RBC,CAD
2026-12-19,Starbucks,RBC card transaction at Starbucks,-16.95,Coffee,Professional,RBC,CAD
2026-12-20,Wealthsimple,Savings/Investments payment - Wealthsimple,-780.46,Savings/Investments,Professional,RBC,CAD
2026-12-23,Sobeys,RBC card transaction at Sobeys,-56.68,Groceries,Professional,RBC,CAD
2026-12-26,Sobeys,Groceries payment - Sobeys,-84.61,Groceries,Professional,RBC,CAD
2026-12-27,Petro Canada,Transportation payment - Petro Canada,-107.84,Transportation,Professional,RBC,CAD
2026-12-29,The Keg,The Keg debit transaction,-148.3,Dining,Professional,RBC,CAD
2024-01-01,Client Transfer,Direct deposit from Client Transfer,7651.23,Income,Professional,Scotiabank,CAD
2024-01-01,Uber,Scotiabank card transaction at Uber,-69.45,Transportation,Professional,Scotiabank,CAD
2024-01-02,Adobe,Adobe purchase,-23.84,Subscriptions,Professional,Scotiabank,CAD
2024-01-02,Mortgage Payment,Scotiabank card transaction at Mortgage Payment,-2658.15,Housing,Professional,Scotiabank,CAD
2024-01-06,Local Restaurant,Local Restaurant purchase,-103.33,Dining,Professional,Scotiabank,CAD
2024-01-06,Tim Hortons,Tim Hortons purchase,-7.18,Coffee,Professional,Scotiabank,CAD
2024-01-08,Petro Canada,Petro Canada debit transaction,-153.19,Transportation,Professional,Scotiabank,CAD
2024-01-10,Bell Internet,Bell Internet debit transaction,-241.46,Utilities,Professional,Scotiabank,CAD
2024-01-13,Tim Hortons,Coffee payment - Tim Hortons,-8.64,Coffee,Professional,Scotiabank,CAD
2024-01-15,Spotify,Scotiabank card transaction at Spotify,-24.66,Subscriptions,Professional,Scotiabank,CAD
2024-01-19,The Keg,Dining payment - The Keg,-129.34,Dining,Professional,Scotiabank,CAD
2024-01-20,RBC InvestEase,RBC InvestEase purchase,-682.64,Savings/Investments,Professional,Scotiabank,CAD
2024-01-23,Freshii,Freshii debit transaction,-91.57,Dining,Professional,Scotiabank,CAD
2024-01-25,Sobeys,Groceries payment - Sobeys,-148.17,Groceries,Professional,Scotiabank,CAD
2024-01-27,Air Canada,Air Canada debit transaction,-412.2,Travel,Professional,Scotiabank,CAD
2024-02-01,Payroll Deposit,Direct deposit from Payroll Deposit,5735.64,Income,Professional,Scotiabank,CAD
2024-02-01,Shell,Shell purchase,-42.0,Transportation,Professional,Scotiabank,CAD
2024-02-01,Starbucks,Coffee payment - Starbucks,-5.99,Coffee,Professional,Scotiabank,CAD
2024-02-02,Mortgage Payment,Housing payment - Mortgage Payment,-2555.25,Housing,Professional,Scotiabank,CAD
2024-02-10,Hydro One,Hydro One debit transaction,-256.34,Utilities,Professional,Scotiabank,CAD
2024-02-15,LinkedIn Premium,LinkedIn Premium purchase,-32.9,Subscriptions,Professional,Scotiabank,CAD
2024-02-15,Spotify,Spotify purchase,-51.26,Subscriptions,Professional,Scotiabank,CAD
2024-02-18,Freshii,Scotiabank card transaction at Freshii,-128.67,Dining,Professional,Scotiabank,CAD
2024-02-20,Condo Rent,Condo Rent debit transaction,-2153.92,Housing,Professional,Scotiabank,CAD
2024-02-20,Loblaws,Groceries payment - Loblaws,-198.64,Groceries,Professional,Scotiabank,CAD
2024-02-20,Starbucks,Starbucks purchase,-9.31,Coffee,Professional,Scotiabank,CAD
2024-02-21,Payroll Deposit,Direct deposit from Payroll Deposit,5167.54,Income,Professional,Scotiabank,CAD
2024-02-22,Local Restaurant,Dining payment - Local Restaurant,-149.07,Dining,Professional,Scotiabank,CAD
2024-02-25,Sobeys,Sobeys debit transaction,-206.8,Groceries,Professional,Scotiabank,CAD
2024-02-27,Hydro One,Hydro One purchase,-88.63,Utilities,Professional,Scotiabank,CAD
2024-02-29,The Keg,The Keg debit transaction,-118.26,Dining,Professional,Scotiabank,CAD
2024-03-01,Bell Internet,Bell Internet purchase,-230.54,Utilities,Professional,Scotiabank,CAD
2024-03-01,Client Transfer,Direct deposit from Client Transfer,6499.83,Income,Professional,Scotiabank,CAD
2024-03-01,Starbucks,Coffee payment - Starbucks,-14.7,Coffee,Professional,Scotiabank,CAD
2024-03-02,Mortgage Payment,Scotiabank card transaction at Mortgage Payment,-2040.56,Housing,Professional,Scotiabank,CAD
2024-03-03,Starbucks,Starbucks purchase,-12.51,Coffee,Professional,Scotiabank,CAD
2024-03-06,Loblaws,Scotiabank card transaction at Loblaws,-86.16,Groceries,Professional,Scotiabank,CAD
2024-03-08,Uber Eats,Dining payment - Uber Eats,-42.78,Dining,Professional,Scotiabank,CAD
2024-03-10,Enbridge Gas,Utilities payment - Enbridge Gas,-64.23,Utilities,Professional,Scotiabank,CAD
2024-03-11,Petro Canada,Transportation payment - Petro Canada,-133.36,Transportation,Professional,Scotiabank,CAD
2024-03-13,RBC InvestEase,Savings/Investments payment - RBC InvestEase,-259.99,Savings/Investments,Professional,Scotiabank,CAD
2024-03-13,Tim Hortons,Coffee payment - Tim Hortons,-8.41,Coffee,Professional,Scotiabank,CAD
2024-03-14,LinkedIn Premium,Scotiabank card transaction at LinkedIn Premium,-44.84,Subscriptions,Professional,Scotiabank,CAD
2024-03-15,Adobe,Adobe purchase,-15.04,Subscriptions,Professional,Scotiabank,CAD
2024-03-17,Uber Eats,Scotiabank card transaction at Uber Eats,-112.28,Dining,Professional,Scotiabank,CAD
2024-03-20,Petro Canada,Scotiabank card transaction at Petro Canada,-102.81,Transportation,Professional,Scotiabank,CAD
2024-03-21,Uber Eats,Scotiabank card transaction at Uber Eats,-39.09,Dining,Professional,Scotiabank,CAD
2024-03-24,Sobeys,Scotiabank card transaction at Sobeys,-123.98,Groceries,Professional,Scotiabank,CAD
2024-03-27,Marriott,Travel payment - Marriott,-755.18,Travel,Professional,Scotiabank,CAD
2024-03-27,Petro Canada,Transportation payment - Petro Canada,-131.49,Transportation,Professional,Scotiabank,CAD
2024-03-27,Starbucks,Coffee payment - Starbucks,-17.83,Coffee,Professional,Scotiabank,CAD
2024-03-28,The Keg,The Keg debit transaction,-143.25,Dining,Professional,Scotiabank,CAD
2024-03-30,Uber,Uber purchase,-70.19,Transportation,Professional,Scotiabank,CAD
2024-04-01,Client Transfer,Direct deposit from Client Transfer,5820.05,Income,Professional,Scotiabank,CAD
2024-04-02,Mortgage Payment,Housing payment - Mortgage Payment,-1993.38,Housing,Professional,Scotiabank,CAD
2024-04-03,The Keg,The Keg debit transaction,-78.54,Dining,Professional,Scotiabank,CAD
2024-04-04,TFSA Transfer,TFSA Transfer purchase,-209.86,Savings/Investments,Professional,Scotiabank,CAD
2024-04-05,Starbucks,Starbucks purchase,-6.39,Coffee,Professional,Scotiabank,CAD
2024-04-05,The Keg,Dining payment - The Keg,-110.59,Dining,Professional,Scotiabank,CAD
2024-04-06,GO Transit,GO Transit purchase,-104.6,Transportation,Professional,Scotiabank,CAD
2024-04-06,Shell,Shell debit transaction,-31.7,Transportation,Professional,Scotiabank,CAD
2024-04-06,Starbucks,Starbucks purchase,-8.89,Coffee,Professional,Scotiabank,CAD
2024-04-07,Costco,Scotiabank card transaction at Costco,-132.92,Groceries,Professional,Scotiabank,CAD
2024-04-07,Starbucks,Starbucks debit transaction,-16.03,Coffee,Professional,Scotiabank,CAD
2024-04-08,Local Restaurant,Local Restaurant purchase,-131.3,Dining,Professional,Scotiabank,CAD
2024-04-09,Sobeys,Scotiabank card transaction at Sobeys,-104.09,Groceries,Professional,Scotiabank,CAD
2024-04-10,Hydro One,Scotiabank card transaction at Hydro One,-96.62,Utilities,Professional,Scotiabank,CAD
2024-04-10,Shell,Shell debit transaction,-16.88,Transportation,Professional,Scotiabank,CAD
2024-04-12,Loblaws,Loblaws debit transaction,-56.74,Groceries,Professional,Scotiabank,CAD
2024-04-14,Sobeys,Sobeys debit transaction,-175.0,Groceries,Professional,Scotiabank,CAD
2024-04-15,LinkedIn Premium,Scotiabank card transaction at LinkedIn Premium,-74.56,Subscriptions,Professional,Scotiabank,CAD
2024-04-15,Uber Eats,Scotiabank card transaction at Uber Eats,-116.75,Dining,Professional,Scotiabank,CAD
2024-04-18,RBC InvestEase,Savings/Investments payment - RBC InvestEase,-347.98,Savings/Investments,Professional,Scotiabank,CAD
2024-04-20,RBC InvestEase,Scotiabank card transaction at RBC InvestEase,-653.93,Savings/Investments,Professional,Scotiabank,CAD
2024-04-20,TFSA Transfer,Scotiabank card transaction at TFSA Transfer,-733.47,Savings/Investments,Professional,Scotiabank,CAD
2024-04-21,Balzac's Coffee,Coffee payment - Balzac's Coffee,-10.5,Coffee,Professional,Scotiabank,CAD
2024-04-26,Costco,Scotiabank card transaction at Costco,-66.95,Groceries,Professional,Scotiabank,CAD
2024-04-26,Sobeys,Sobeys debit transaction,-48.54,Groceries,Professional,Scotiabank,CAD
2024-04-27,RBC InvestEase,Scotiabank card transaction at RBC InvestEase,-696.82,Savings/Investments,Professional,Scotiabank,CAD
2024-04-27,Shell,Shell purchase,-134.39,Transportation,Professional,Scotiabank,CAD
2024-04-29,Tim Hortons,Coffee payment - Tim Hortons,-11.4,Coffee,Professional,Scotiabank,CAD
2024-04-29,Tim Hortons,Tim Hortons debit transaction,-12.8,Coffee,Professional,Scotiabank,CAD
2024-04-29,Wealthsimple,Wealthsimple debit transaction,-902.74,Savings/Investments,Professional,Scotiabank,CAD
2024-05-01,Client Transfer,Client Transfer income deposit,5019.96,Income,Professional,Scotiabank,CAD
2024-05-02,Condo Rent,Scotiabank card transaction at Condo Rent,-1692.29,Housing,Professional,Scotiabank,CAD
2024-05-04,Enbridge Gas,Scotiabank card transaction at Enbridge Gas,-212.29,Utilities,Professional,Scotiabank,CAD
2024-05-06,GO Transit,Scotiabank card transaction at GO Transit,-67.26,Transportation,Professional,Scotiabank,CAD
2024-05-06,Sobeys,Scotiabank card transaction at Sobeys,-148.72,Groceries,Professional,Scotiabank,CAD
2024-05-08,Tim Hortons,Scotiabank card transaction at Tim Hortons,-9.04,Coffee,Professional,Scotiabank,CAD
2024-05-10,Client Transfer,Direct deposit from Client Transfer,7050.99,Income,Professional,Scotiabank,CAD
2024-05-10,Condo Rent,Scotiabank card transaction at Condo Rent,-1513.83,Housing,Professional,Scotiabank,CAD
2024-05-10,Hydro One,Scotiabank card transaction at Hydro One,-97.21,Utilities,Professional,Scotiabank,CAD
2024-05-11,Sobeys,Scotiabank card transaction at Sobeys,-87.54,Groceries,Professional,Scotiabank,CAD
2024-05-13,Loblaws,Scotiabank card transaction at Loblaws,-156.62,Groceries,Professional,Scotiabank,CAD
2024-05-14,Loblaws,Loblaws purchase,-95.1,Groceries,Professional,Scotiabank,CAD
2024-05-14,Sobeys,Sobeys debit transaction,-120.2,Groceries,Professional,Scotiabank,CAD
2024-05-14,Uber,Scotiabank card transaction at Uber,-49.09,Transportation,Professional,Scotiabank,CAD
2024-05-15,Costco,Scotiabank card transaction at Costco,-217.54,Groceries,Professional,Scotiabank,CAD
2024-05-17,Uber,Uber debit transaction,-85.1,Transportation,Professional,Scotiabank,CAD
2024-05-19,Expedia,Expedia purchase,-823.82,Travel,Professional,Scotiabank,CAD
2024-05-19,Uber Eats,Dining payment - Uber Eats,-156.46,Dining,Professional,Scotiabank,CAD
2024-05-20,Local Restaurant,Local Restaurant debit transaction,-154.73,Dining,Professional,Scotiabank,CAD
2024-05-20,TFSA Transfer,Scotiabank card transaction at TFSA Transfer,-792.31,Savings/Investments,Professional,Scotiabank,CAD
2024-05-27,Spotify,Subscriptions payment - Spotify,-43.73,Subscriptions,Professional,Scotiabank,CAD
2024-05-28,GO Transit,Scotiabank card transaction at GO Transit,-109.02,Transportation,Professional,Scotiabank,CAD
2024-05-31,Hydro One,Hydro One purchase,-132.46,Utilities,Professional,Scotiabank,CAD
2024-05-31,Petro Canada,Transportation payment - Petro Canada,-130.33,Transportation,Professional,Scotiabank,CAD
2024-06-01,Client Transfer,Direct deposit from Client Transfer,4573.27,Income,Professional,Scotiabank,CAD
2024-06-02,Condo Rent,Condo Rent debit transaction,-1814.34,Housing,Professional,Scotiabank,CAD
2024-06-04,Shell,Shell debit transaction,-36.92,Transportation,Professional,Scotiabank,CAD
2024-06-06,Bell Internet,Bell Internet debit transaction,-174.81,Utilities,Professional,Scotiabank,CAD
2024-06-09,Freshii,Dining payment - Freshii,-58.48,Dining,Professional,Scotiabank,CAD
2024-06-10,Bell Internet,Utilities payment - Bell Internet,-81.3,Utilities,Professional,Scotiabank,CAD
2024-06-14,Costco,Costco debit transaction,-47.84,Groceries,Professional,Scotiabank,CAD
2024-06-15,Netflix,Subscriptions payment - Netflix,-59.51,Subscriptions,Professional,Scotiabank,CAD
2024-06-15,Sobeys,Sobeys debit transaction,-105.07,Groceries,Professional,Scotiabank,CAD
2024-06-20,Loblaws,Loblaws purchase,-122.13,Groceries,Professional,Scotiabank,CAD
2024-06-20,RBC InvestEase,Scotiabank card transaction at RBC InvestEase,-352.35,Savings/Investments,Professional,Scotiabank,CAD
2024-06-21,Sobeys,Sobeys purchase,-108.69,Groceries,Professional,Scotiabank,CAD
2024-06-24,Loblaws,Loblaws debit transaction,-104.94,Groceries,Professional,Scotiabank,CAD
2024-06-26,Loblaws,Loblaws purchase,-199.38,Groceries,Professional,Scotiabank,CAD
2024-06-29,Freshii,Dining payment - Freshii,-55.46,Dining,Professional,Scotiabank,CAD
2024-06-29,GO Transit,Transportation payment - GO Transit,-32.4,Transportation,Professional,Scotiabank,CAD
2024-06-30,Payroll Deposit,Direct deposit from Payroll Deposit,6640.78,Income,Professional,Scotiabank,CAD
2024-06-30,Starbucks,Scotiabank card transaction at Starbucks,-13.78,Coffee,Professional,Scotiabank,CAD
2024-07-01,Client Transfer,Client Transfer income deposit,5374.04,Income,Professional,Scotiabank,CAD
2024-07-01,Petro Canada,Petro Canada debit transaction,-123.58,Transportation,Professional,Scotiabank,CAD
2024-07-02,Mortgage Payment,Housing payment - Mortgage Payment,-1766.44,Housing,Professional,Scotiabank,CAD
2024-07-03,Uber,Uber purchase,-47.21,Transportation,Professional,Scotiabank,CAD
2024-07-04,Freshii,Freshii debit transaction,-128.59,Dining,Professional,Scotiabank,CAD
2024-07-04,LinkedIn Premium,LinkedIn Premium purchase,-37.46,Subscriptions,Professional,Scotiabank,CAD
2024-07-06,Payroll Deposit,Payroll Deposit income deposit,5234.32,Income,Professional,Scotiabank,CAD
2024-07-08,Sobeys,Sobeys purchase,-53.37,Groceries,Professional,Scotiabank,CAD
2024-07-09,Uber,Scotiabank card transaction at Uber,-74.65,Transportation,Professional,Scotiabank,CAD
2024-07-10,Bell Internet,Utilities payment - Bell Internet,-252.59,Utilities,Professional,Scotiabank,CAD
2024-07-10,Marriott,Marriott debit transaction,-406.33,Travel,Professional,Scotiabank,CAD
2024-07-10,Mortgage Payment,Scotiabank card transaction at Mortgage Payment,-2458.63,Housing,Professional,Scotiabank,CAD
2024-07-10,RBC InvestEase,RBC InvestEase purchase,-259.18,Savings/Investments,Professional,Scotiabank,CAD
2024-07-15,Adobe,Adobe purchase,-67.53,Subscriptions,Professional,Scotiabank,CAD
2024-07-18,Mortgage Payment,Housing payment - Mortgage Payment,-2645.9,Housing,Professional,Scotiabank,CAD
2024-07-19,Loblaws,Groceries payment - Loblaws,-210.41,Groceries,Professional,Scotiabank,CAD
2024-07-20,Wealthsimple,Wealthsimple debit transaction,-1020.25,Savings/Investments,Professional,Scotiabank,CAD
2024-07-22,TFSA Transfer,TFSA Transfer debit transaction,-375.21,Savings/Investments,Professional,Scotiabank,CAD
2024-07-23,Shell,Scotiabank card transaction at Shell,-99.3,Transportation,Professional,Scotiabank,CAD
2024-07-24,Costco,Costco debit transaction,-87.45,Groceries,Professional,Scotiabank,CAD
2024-07-24,Hydro One,Hydro One purchase,-259.43,Utilities,Professional,Scotiabank,CAD
2024-07-24,Starbucks,Starbucks debit transaction,-13.07,Coffee,Professional,Scotiabank,CAD
2024-07-24,The Keg,Dining payment - The Keg,-65.33,Dining,Professional,Scotiabank,CAD
2024-07-25,Bell Internet,Utilities payment - Bell Internet,-75.87,Utilities,Professional,Scotiabank,CAD
2024-07-28,Air Canada,Air Canada debit transaction,-330.5,Travel,Professional,Scotiabank,CAD
2024-07-30,GO Transit,GO Transit debit transaction,-161.21,Transportation,Professional,Scotiabank,CAD
2024-08-01,Payroll Deposit,Direct deposit from Payroll Deposit,4585.79,Income,Professional,Scotiabank,CAD
2024-08-02,Freshii,Freshii debit transaction,-50.43,Dining,Professional,Scotiabank,CAD
2024-08-02,Mortgage Payment,Mortgage Payment debit transaction,-1778.56,Housing,Professional,Scotiabank,CAD
2024-08-07,Freshii,Freshii purchase,-60.9,Dining,Professional,Scotiabank,CAD
2024-08-08,Costco,Costco debit transaction,-168.49,Groceries,Professional,Scotiabank,CAD
2024-08-08,GO Transit,GO Transit purchase,-46.67,Transportation,Professional,Scotiabank,CAD
2024-08-08,Marriott,Marriott purchase,-307.45,Travel,Professional,Scotiabank,CAD
2024-08-10,Hydro One,Hydro One debit transaction,-56.91,Utilities,Professional,Scotiabank,CAD
2024-08-11,Costco,Costco debit transaction,-155.97,Groceries,Professional,Scotiabank,CAD
2024-08-12,Expedia,Expedia debit transaction,-180.53,Travel,Professional,Scotiabank,CAD
2024-08-13,Loblaws,Loblaws purchase,-74.83,Groceries,Professional,Scotiabank,CAD
2024-08-14,Freshii,Dining payment - Freshii,-66.04,Dining,Professional,Scotiabank,CAD
2024-08-14,Shell,Transportation payment - Shell,-81.67,Transportation,Professional,Scotiabank,CAD
2024-08-15,Netflix,Subscriptions payment - Netflix,-60.92,Subscriptions,Professional,Scotiabank,CAD
2024-08-19,Condo Rent,Housing payment - Condo Rent,-2178.2,Housing,Professional,Scotiabank,CAD
2024-08-19,Petro Canada,Petro Canada purchase,-46.05,Transportation,Professional,Scotiabank,CAD
2024-08-20,Expedia,Scotiabank card transaction at Expedia,-930.98,Travel,Professional,Scotiabank,CAD
2024-08-20,Wealthsimple,Savings/Investments payment - Wealthsimple,-1048.7,Savings/Investments,Professional,Scotiabank,CAD
2024-08-22,Balzac's Coffee,Coffee payment - Balzac's Coffee,-11.01,Coffee,Professional,Scotiabank,CAD
2024-08-24,Costco,Groceries payment - Costco,-197.38,Groceries,Professional,Scotiabank,CAD
2024-08-26,Freshii,Freshii purchase,-54.72,Dining,Professional,Scotiabank,CAD
2024-08-27,Costco,Costco purchase,-51.37,Groceries,Professional,Scotiabank,CAD
2024-08-30,Air Canada,Air Canada debit transaction,-913.49,Travel,Professional,Scotiabank,CAD
2024-08-31,Freshii,Freshii purchase,-41.2,Dining,Professional,Scotiabank,CAD
2024-09-01,Client Transfer,Client Transfer income deposit,3984.89,Income,Professional,Scotiabank,CAD
2024-09-02,Condo Rent,Scotiabank card transaction at Condo Rent,-1570.07,Housing,Professional,Scotiabank,CAD
2024-09-02,Tim Hortons,Coffee payment - Tim Hortons,-17.03,Coffee,Professional,Scotiabank,CAD
2024-09-04,Mortgage Payment,Mortgage Payment debit transaction,-1500.76,Housing,Professional,Scotiabank,CAD
2024-09-07,TFSA Transfer,TFSA Transfer purchase,-496.37,Savings/Investments,Professional,Scotiabank,CAD
2024-09-08,Sobeys,Scotiabank card transaction at Sobeys,-46.19,Groceries,Professional,Scotiabank,CAD
2024-09-10,Bell Internet,Bell Internet debit transaction,-165.05,Utilities,Professional,Scotiabank,CAD
2024-09-10,Costco,Groceries payment - Costco,-58.28,Groceries,Professional,Scotiabank,CAD
2024-09-11,Air Canada,Scotiabank card transaction at Air Canada,-720.77,Travel,Professional,Scotiabank,CAD
2024-09-12,Adobe,Scotiabank card transaction at Adobe,-36.37,Subscriptions,Professional,Scotiabank,CAD
2024-09-14,Freshii,Freshii purchase,-106.37,Dining,Professional,Scotiabank,CAD
2024-09-15,LinkedIn Premium,LinkedIn Premium debit transaction,-32.07,Subscriptions,Professional,Scotiabank,CAD
2024-09-16,Payroll Deposit,Direct deposit from Payroll Deposit,5106.45,Income,Professional,Scotiabank,CAD
2024-09-20,Marriott,Marriott purchase,-986.88,Travel,Professional,Scotiabank,CAD
2024-09-21,Local Restaurant,Dining payment - Local Restaurant,-63.6,Dining,Professional,Scotiabank,CAD
2024-09-22,Local Restaurant,Scotiabank card transaction at Local Restaurant,-79.34,Dining,Professional,Scotiabank,CAD
2024-09-23,Client Transfer,Direct deposit from Client Transfer,7454.56,Income,Professional,Scotiabank,CAD
2024-09-24,Local Restaurant,Local Restaurant purchase,-136.1,Dining,Professional,Scotiabank,CAD
2024-09-25,Air Canada,Travel payment - Air Canada,-1107.1,Travel,Professional,Scotiabank,CAD
2024-09-26,Balzac's Coffee,Balzac's Coffee debit transaction,-8.68,Coffee,Professional,Scotiabank,CAD
2024-09-26,Costco,Costco purchase,-62.72,Groceries,Professional,Scotiabank,CAD
2024-09-26,Expedia,Scotiabank card transaction at Expedia,-536.1,Travel,Professional,Scotiabank,CAD
2024-09-26,Wealthsimple,Savings/Investments payment - Wealthsimple,-472.34,Savings/Investments,Professional,Scotiabank,CAD
2024-09-30,Costco,Costco debit transaction,-54.1,Groceries,Professional,Scotiabank,CAD
2024-10-01,Client Transfer,Client Transfer income deposit,7408.35,Income,Professional,Scotiabank,CAD
2024-10-02,Balzac's Coffee,Balzac's Coffee purchase,-15.86,Coffee,Professional,Scotiabank,CAD
2024-10-02,Mortgage Payment,Housing payment - Mortgage Payment,-2630.28,Housing,Professional,Scotiabank,CAD
2024-10-02,Starbucks,Starbucks purchase,-12.49,Coffee,Professional,Scotiabank,CAD
2024-10-05,Starbucks,Coffee payment - Starbucks,-16.94,Coffee,Professional,Scotiabank,CAD
2024-10-08,Enbridge Gas,Utilities payment - Enbridge Gas,-121.88,Utilities,Professional,Scotiabank,CAD
2024-10-10,Hydro One,Hydro One purchase,-148.15,Utilities,Professional,Scotiabank,CAD
2024-10-14,Spotify,Subscriptions payment - Spotify,-48.37,Subscriptions,Professional,Scotiabank,CAD
2024-10-15,Spotify,Subscriptions payment - Spotify,-71.45,Subscriptions,Professional,Scotiabank,CAD
2024-10-16,Sobeys,Sobeys debit transaction,-167.3,Groceries,Professional,Scotiabank,CAD
2024-10-19,Loblaws,Loblaws purchase,-199.91,Groceries,Professional,Scotiabank,CAD
2024-10-20,Condo Rent,Housing payment - Condo Rent,-1866.68,Housing,Professional,Scotiabank,CAD
2024-10-20,Condo Rent,Condo Rent purchase,-2050.75,Housing,Professional,Scotiabank,CAD
2024-10-20,Uber,Uber debit transaction,-67.7,Transportation,Professional,Scotiabank,CAD
2024-10-23,Shell,Shell purchase,-138.07,Transportation,Professional,Scotiabank,CAD
2024-10-23,Shell,Scotiabank card transaction at Shell,-40.16,Transportation,Professional,Scotiabank,CAD
2024-10-24,Shell,Shell purchase,-90.05,Transportation,Professional,Scotiabank,CAD
2024-10-28,Condo Rent,Condo Rent purchase,-2123.07,Housing,Professional,Scotiabank,CAD
2024-10-28,Marriott,Marriott debit transaction,-704.3,Travel,Professional,Scotiabank,CAD
2024-10-29,TFSA Transfer,TFSA Transfer debit transaction,-510.6,Savings/Investments,Professional,Scotiabank,CAD
2024-11-01,Payroll Deposit,Direct deposit from Payroll Deposit,3298.73,Income,Professional,Scotiabank,CAD
2024-11-02,Mortgage Payment,Mortgage Payment purchase,-1879.35,Housing,Professional,Scotiabank,CAD
2024-11-03,Shell,Scotiabank card transaction at Shell,-41.94,Transportation,Professional,Scotiabank,CAD
2024-11-04,Sobeys,Groceries payment - Sobeys,-79.35,Groceries,Professional,Scotiabank,CAD
2024-11-05,Expedia,Expedia purchase,-571.83,Travel,Professional,Scotiabank,CAD
2024-11-05,Expedia,Expedia purchase,-826.45,Travel,Professional,Scotiabank,CAD
2024-11-06,Uber,Scotiabank card transaction at Uber,-77.43,Transportation,Professional,Scotiabank,CAD
2024-11-06,Uber,Uber purchase,-159.02,Transportation,Professional,Scotiabank,CAD
2024-11-07,Marriott,Marriott purchase,-1104.05,Travel,Professional,Scotiabank,CAD
2024-11-07,Starbucks,Scotiabank card transaction at Starbucks,-8.71,Coffee,Professional,Scotiabank,CAD
2024-11-10,Hydro One,Hydro One purchase,-231.34,Utilities,Professional,Scotiabank,CAD
2024-11-11,Costco,Scotiabank card transaction at Costco,-160.27,Groceries,Professional,Scotiabank,CAD
2024-11-12,Marriott,Marriott purchase,-273.1,Travel,Professional,Scotiabank,CAD
2024-11-13,Uber,Transportation payment - Uber,-112.28,Transportation,Professional,Scotiabank,CAD
2024-11-14,Freshii,Freshii purchase,-126.49,Dining,Professional,Scotiabank,CAD
2024-11-15,LinkedIn Premium,Subscriptions payment - LinkedIn Premium,-40.82,Subscriptions,Professional,Scotiabank,CAD
2024-11-16,Mortgage Payment,Mortgage Payment debit transaction,-2528.19,Housing,Professional,Scotiabank,CAD
2024-11-16,Petro Canada,Scotiabank card transaction at Petro Canada,-110.58,Transportation,Professional,Scotiabank,CAD
2024-11-17,Freshii,Dining payment - Freshii,-90.22,Dining,Professional,Scotiabank,CAD
2024-11-18,Starbucks,Starbucks debit transaction,-9.59,Coffee,Professional,Scotiabank,CAD
2024-11-21,Air Canada,Travel payment - Air Canada,-1065.91,Travel,Professional,Scotiabank,CAD
2024-11-24,Starbucks,Starbucks purchase,-15.08,Coffee,Professional,Scotiabank,CAD
2024-11-25,Air Canada,Air Canada purchase,-184.41,Travel,Professional,Scotiabank,CAD
2024-12-01,Payroll Deposit,Direct deposit from Payroll Deposit,5925.63,Income,Professional,Scotiabank,CAD
2024-12-02,Condo Rent,Condo Rent purchase,-1881.66,Housing,Professional,Scotiabank,CAD
2024-12-03,LinkedIn Premium,Scotiabank card transaction at LinkedIn Premium,-51.27,Subscriptions,Professional,Scotiabank,CAD
2024-12-03,Tim Hortons,Scotiabank card transaction at Tim Hortons,-14.61,Coffee,Professional,Scotiabank,CAD
2024-12-04,Uber,Uber debit transaction,-135.57,Transportation,Professional,Scotiabank,CAD
2024-12-07,Loblaws,Loblaws purchase,-74.57,Groceries,Professional,Scotiabank,CAD
2024-12-07,The Keg,The Keg purchase,-49.67,Dining,Professional,Scotiabank,CAD
2024-12-10,Hydro One,Hydro One debit transaction,-68.17,Utilities,Professional,Scotiabank,CAD
2024-12-11,Loblaws,Groceries payment - Loblaws,-90.36,Groceries,Professional,Scotiabank,CAD
2024-12-13,Payroll Deposit,Payroll Deposit income deposit,4895.74,Income,Professional,Scotiabank,CAD
2024-12-15,Sobeys,Sobeys debit transaction,-170.92,Groceries,Professional,Scotiabank,CAD
2024-12-16,Loblaws,Loblaws purchase,-62.56,Groceries,Professional,Scotiabank,CAD
2024-12-17,Balzac's Coffee,Balzac's Coffee purchase,-14.34,Coffee,Professional,Scotiabank,CAD
2024-12-20,RBC InvestEase,RBC InvestEase debit transaction,-1063.22,Savings/Investments,Professional,Scotiabank,CAD
2024-12-20,Tim Hortons,Tim Hortons purchase,-12.45,Coffee,Professional,Scotiabank,CAD
2024-12-24,Shell,Scotiabank card transaction at Shell,-92.8,Transportation,Professional,Scotiabank,CAD
2024-12-25,Balzac's Coffee,Balzac's Coffee debit transaction,-4.68,Coffee,Professional,Scotiabank,CAD
2024-12-31,Bell Internet,Bell Internet purchase,-138.24,Utilities,Professional,Scotiabank,CAD
2025-01-01,Client Transfer,Direct deposit from Client Transfer,6478.89,Income,Professional,Scotiabank,CAD
2025-01-02,Condo Rent,Condo Rent purchase,-2463.73,Housing,Professional,Scotiabank,CAD
2025-01-02,Costco,Scotiabank card transaction at Costco,-105.16,Groceries,Professional,Scotiabank,CAD
2025-01-02,GO Transit,Transportation payment - GO Transit,-107.06,Transportation,Professional,Scotiabank,CAD
2025-01-02,The Keg,Scotiabank card transaction at The Keg,-50.85,Dining,Professional,Scotiabank,CAD
2025-01-03,Costco,Groceries payment - Costco,-57.98,Groceries,Professional,Scotiabank,CAD
2025-01-04,Starbucks,Coffee payment - Starbucks,-4.82,Coffee,Professional,Scotiabank,CAD
2025-01-06,GO Transit,Scotiabank card transaction at GO Transit,-98.43,Transportation,Professional,Scotiabank,CAD
2025-01-06,Sobeys,Sobeys purchase,-76.39,Groceries,Professional,Scotiabank,CAD
2025-01-07,Local Restaurant,Scotiabank card transaction at Local Restaurant,-59.09,Dining,Professional,Scotiabank,CAD
2025-01-08,Uber Eats,Uber Eats debit transaction,-35.72,Dining,Professional,Scotiabank,CAD
2025-01-10,Bell Internet,Bell Internet debit transaction,-142.56,Utilities,Professional,Scotiabank,CAD
2025-01-10,Starbucks,Coffee payment - Starbucks,-17.98,Coffee,Professional,Scotiabank,CAD
2025-01-10,Tim Hortons,Scotiabank card transaction at Tim Hortons,-11.55,Coffee,Professional,Scotiabank,CAD
2025-01-10,Uber Eats,Uber Eats purchase,-122.88,Dining,Professional,Scotiabank,CAD
2025-01-11,Air Canada,Air Canada debit transaction,-170.6,Travel,Professional,Scotiabank,CAD
2025-01-11,GO Transit,GO Transit debit transaction,-31.31,Transportation,Professional,Scotiabank,CAD
2025-01-12,Uber Eats,Scotiabank card transaction at Uber Eats,-117.73,Dining,Professional,Scotiabank,CAD
2025-01-13,Condo Rent,Scotiabank card transaction at Condo Rent,-2621.44,Housing,Professional,Scotiabank,CAD
2025-01-15,LinkedIn Premium,Scotiabank card transaction at LinkedIn Premium,-64.06,Subscriptions,Professional,Scotiabank,CAD
2025-01-16,GO Transit,GO Transit purchase,-46.38,Transportation,Professional,Scotiabank,CAD
2025-01-16,Uber,Transportation payment - Uber,-43.02,Transportation,Professional,Scotiabank,CAD
2025-01-17,Sobeys,Scotiabank card transaction at Sobeys,-140.4,Groceries,Professional,Scotiabank,CAD
2025-01-20,RBC InvestEase,RBC InvestEase debit transaction,-656.76,Savings/Investments,Professional,Scotiabank,CAD
2025-01-21,Sobeys,Scotiabank card transaction at Sobeys,-229.57,Groceries,Professional,Scotiabank,CAD
2025-01-21,Tim Hortons,Tim Hortons debit transaction,-9.71,Coffee,Professional,Scotiabank,CAD
2025-01-24,Balzac's Coffee,Scotiabank card transaction at Balzac's Coffee,-5.79,Coffee,Professional,Scotiabank,CAD
2025-01-25,LinkedIn Premium,LinkedIn Premium purchase,-67.5,Subscriptions,Professional,Scotiabank,CAD
2025-01-26,Uber,Uber purchase,-67.71,Transportation,Professional,Scotiabank,CAD
2025-01-27,Shell,Transportation payment - Shell,-41.06,Transportation,Professional,Scotiabank,CAD
2025-01-30,Loblaws,Loblaws purchase,-148.17,Groceries,Professional,Scotiabank,CAD
2025-02-01,Balzac's Coffee,Coffee payment - Balzac's Coffee,-18.76,Coffee,Professional,Scotiabank,CAD
2025-02-01,Payroll Deposit,Direct deposit from Payroll Deposit,4838.71,Income,Professional,Scotiabank,CAD
2025-02-02,Mortgage Payment,Housing payment - Mortgage Payment,-1819.03,Housing,Professional,Scotiabank,CAD
2025-02-03,Netflix,Scotiabank card transaction at Netflix,-12.11,Subscriptions,Professional,Scotiabank,CAD
2025-02-05,Local Restaurant,Scotiabank card transaction at Local Restaurant,-144.19,Dining,Professional,Scotiabank,CAD
2025-02-05,Uber,Uber purchase,-65.13,Transportation,Professional,Scotiabank,CAD
2025-02-09,Loblaws,Groceries payment - Loblaws,-141.83,Groceries,Professional,Scotiabank,CAD
2025-02-09,Local Restaurant,Scotiabank card transaction at Local Restaurant,-25.48,Dining,Professional,Scotiabank,CAD
2025-02-09,Petro Canada,Scotiabank card transaction at Petro Canada,-109.84,Transportation,Professional,Scotiabank,CAD
2025-02-10,Hydro One,Scotiabank card transaction at Hydro One,-88.56,Utilities,Professional,Scotiabank,CAD
2025-02-10,Shell,Shell debit transaction,-114.79,Transportation,Professional,Scotiabank,CAD
2025-02-10,Uber Eats,Uber Eats debit transaction,-47.81,Dining,Professional,Scotiabank,CAD
2025-02-13,Loblaws,Groceries payment - Loblaws,-185.34,Groceries,Professional,Scotiabank,CAD
2025-02-14,Adobe,Adobe purchase,-25.98,Subscriptions,Professional,Scotiabank,CAD
2025-02-15,Adobe,Adobe debit transaction,-71.45,Subscriptions,Professional,Scotiabank,CAD
2025-02-16,Costco,Groceries payment - Costco,-189.75,Groceries,Professional,Scotiabank,CAD
2025-02-17,TFSA Transfer,TFSA Transfer debit transaction,-636.78,Savings/Investments,Professional,Scotiabank,CAD
2025-02-19,Petro Canada,Scotiabank card transaction at Petro Canada,-81.21,Transportation,Professional,Scotiabank,CAD
2025-02-20,Tim Hortons,Coffee payment - Tim Hortons,-18.14,Coffee,Professional,Scotiabank,CAD
2025-02-22,Sobeys,Groceries payment - Sobeys,-195.95,Groceries,Professional,Scotiabank,CAD
2025-02-23,Uber Eats,Uber Eats purchase,-33.93,Dining,Professional,Scotiabank,CAD
2025-02-27,Shell,Transportation payment - Shell,-63.92,Transportation,Professional,Scotiabank,CAD
2025-03-01,Local Restaurant,Scotiabank card transaction at Local Restaurant,-124.59,Dining,Professional,Scotiabank,CAD
2025-03-01,Payroll Deposit,Direct deposit from Payroll Deposit,5229.09,Income,Professional,Scotiabank,CAD
2025-03-02,Mortgage Payment,Scotiabank card transaction at Mortgage Payment,-2635.24,Housing,Professional,Scotiabank,CAD
2025-03-02,Payroll Deposit,Direct deposit from Payroll Deposit,3683.16,Income,Professional,Scotiabank,CAD
2025-03-02,Tim Hortons,Scotiabank card transaction at Tim Hortons,-12.01,Coffee,Professional,Scotiabank,CAD
2025-03-04,Local Restaurant,Dining payment - Local Restaurant,-25.51,Dining,Professional,Scotiabank,CAD
2025-03-09,Mortgage Payment,Mortgage Payment debit transaction,-1989.61,Housing,Professional,Scotiabank,CAD
2025-03-10,Hydro One,Utilities payment - Hydro One,-156.75,Utilities,Professional,Scotiabank,CAD
2025-03-10,Sobeys,Sobeys debit transaction,-169.66,Groceries,Professional,Scotiabank,CAD
2025-03-15,LinkedIn Premium,LinkedIn Premium purchase,-15.4,Subscriptions,Professional,Scotiabank,CAD
2025-03-25,Client Transfer,Client Transfer income deposit,5954.22,Income,Professional,Scotiabank,CAD
2025-03-27,Uber,Uber purchase,-73.73,Transportation,Professional,Scotiabank,CAD
2025-04-01,Balzac's Coffee,Balzac's Coffee purchase,-15.81,Coffee,Professional,Scotiabank,CAD
2025-04-01,Client Transfer,Client Transfer income deposit,7105.04,Income,Professional,Scotiabank,CAD
2025-04-02,Condo Rent,Condo Rent purchase,-1670.6,Housing,Professional,Scotiabank,CAD
2025-04-03,Freshii,Scotiabank card transaction at Freshii,-123.72,Dining,Professional,Scotiabank,CAD
2025-04-08,Costco,Groceries payment - Costco,-207.69,Groceries,Professional,Scotiabank,CAD
2025-04-10,Bell Internet,Bell Internet purchase,-57.14,Utilities,Professional,Scotiabank,CAD
2025-04-10,Client Transfer,Direct deposit from Client Transfer,4751.87,Income,Professional,Scotiabank,CAD
2025-04-11,Starbucks,Scotiabank card transaction at Starbucks,-16.99,Coffee,Professional,Scotiabank,CAD
2025-04-15,LinkedIn Premium,Scotiabank card transaction at LinkedIn Premium,-18.74,Subscriptions,Professional,Scotiabank,CAD
2025-04-15,Tim Hortons,Tim Hortons purchase,-9.93,Coffee,Professional,Scotiabank,CAD
2025-04-19,Local Restaurant,Local Restaurant debit transaction,-49.38,Dining,Professional,Scotiabank,CAD
2025-04-22,Balzac's Coffee,Balzac's Coffee debit transaction,-17.33,Coffee,Professional,Scotiabank,CAD
2025-04-22,Enbridge Gas,Scotiabank card transaction at Enbridge Gas,-71.86,Utilities,Professional,Scotiabank,CAD
2025-04-23,Tim Hortons,Tim Hortons purchase,-13.92,Coffee,Professional,Scotiabank,CAD
2025-04-25,Uber Eats,Dining payment - Uber Eats,-154.49,Dining,Professional,Scotiabank,CAD
2025-04-25,Uber Eats,Scotiabank card transaction at Uber Eats,-45.71,Dining,Professional,Scotiabank,CAD
2025-04-26,Mortgage Payment,Mortgage Payment debit transaction,-1798.6,Housing,Professional,Scotiabank,CAD
2025-05-01,Client Transfer,Direct deposit from Client Transfer,5840.25,Income,Professional,Scotiabank,CAD
2025-05-02,Mortgage Payment,Mortgage Payment purchase,-2013.41,Housing,Professional,Scotiabank,CAD
2025-05-03,Tim Hortons,Scotiabank card transaction at Tim Hortons,-18.92,Coffee,Professional,Scotiabank,CAD
2025-05-04,Costco,Costco purchase,-100.26,Groceries,Professional,Scotiabank,CAD
2025-05-07,Uber Eats,Scotiabank card transaction at Uber Eats,-90.37,Dining,Professional,Scotiabank,CAD
2025-05-08,Petro Canada,Transportation payment - Petro Canada,-101.76,Transportation,Professional,Scotiabank,CAD
2025-05-14,Uber Eats,Dining payment - Uber Eats,-21.34,Dining,Professional,Scotiabank,CAD
2025-05-15,Netflix,Netflix purchase,-34.69,Subscriptions,Professional,Scotiabank,CAD
2025-05-16,Balzac's Coffee,Balzac's Coffee debit transaction,-10.07,Coffee,Professional,Scotiabank,CAD
2025-05-16,Local Restaurant,Dining payment - Local Restaurant,-128.03,Dining,Professional,Scotiabank,CAD
2025-05-18,Freshii,Scotiabank card transaction at Freshii,-156.51,Dining,Professional,Scotiabank,CAD
2025-05-18,The Keg,Scotiabank card transaction at The Keg,-89.48,Dining,Professional,Scotiabank,CAD
2025-05-19,Local Restaurant,Local Restaurant debit transaction,-47.68,Dining,Professional,Scotiabank,CAD
2025-05-19,TFSA Transfer,Savings/Investments payment - TFSA Transfer,-713.68,Savings/Investments,Professional,Scotiabank,CAD
2025-05-20,TFSA Transfer,TFSA Transfer purchase,-843.03,Savings/Investments,Professional,Scotiabank,CAD
2025-05-21,GO Transit,Scotiabank card transaction at GO Transit,-148.0,Transportation,Professional,Scotiabank,CAD
2025-05-23,Loblaws,Scotiabank card transaction at Loblaws,-221.44,Groceries,Professional,Scotiabank,CAD
2025-05-24,Condo Rent,Housing payment - Condo Rent,-2730.19,Housing,Professional,Scotiabank,CAD
2025-05-26,Costco,Costco purchase,-211.84,Groceries,Professional,Scotiabank,CAD
2025-05-26,The Keg,The Keg purchase,-118.01,Dining,Professional,Scotiabank,CAD
2025-05-28,Petro Canada,Petro Canada purchase,-66.88,Transportation,Professional,Scotiabank,CAD
2025-05-29,Sobeys,Sobeys debit transaction,-103.37,Groceries,Professional,Scotiabank,CAD
2025-05-29,Wealthsimple,Wealthsimple purchase,-1000.62,Savings/Investments,Professional,Scotiabank,CAD
2025-05-30,Payroll Deposit,Payroll Deposit income deposit,6941.14,Income,Professional,Scotiabank,CAD
2025-06-01,Client Transfer,Client Transfer income deposit,4035.87,Income,Professional,Scotiabank,CAD
2025-06-02,Mortgage Payment,Mortgage Payment purchase,-1548.95,Housing,Professional,Scotiabank,CAD
2025-06-02,Shell,Scotiabank card transaction at Shell,-164.21,Transportation,Professional,Scotiabank,CAD
2025-06-10,Bell Internet,Utilities payment - Bell Internet,-251.57,Utilities,Professional,Scotiabank,CAD
2025-06-12,Balzac's Coffee,Balzac's Coffee purchase,-8.59,Coffee,Professional,Scotiabank,CAD
2025-06-13,Costco,Groceries payment - Costco,-45.91,Groceries,Professional,Scotiabank,CAD
2025-06-15,Netflix,Netflix debit transaction,-41.88,Subscriptions,Professional,Scotiabank,CAD
2025-06-15,RBC InvestEase,RBC InvestEase purchase,-165.47,Savings/Investments,Professional,Scotiabank,CAD
2025-06-15,Starbucks,Starbucks purchase,-4.13,Coffee,Professional,Scotiabank,CAD
2025-06-18,Shell,Scotiabank card transaction at Shell,-76.72,Transportation,Professional,Scotiabank,CAD
2025-06-20,Costco,Groceries payment - Costco,-239.37,Groceries,Professional,Scotiabank,CAD
2025-06-20,RBC InvestEase,RBC InvestEase debit transaction,-660.94,Savings/Investments,Professional,Scotiabank,CAD
2025-06-21,Spotify,Spotify debit transaction,-36.75,Subscriptions,Professional,Scotiabank,CAD
2025-06-22,Marriott,Scotiabank card transaction at Marriott,-609.55,Travel,Professional,Scotiabank,CAD
2025-06-22,Uber,Uber purchase,-126.04,Transportation,Professional,Scotiabank,CAD
2025-06-26,Local Restaurant,Scotiabank card transaction at Local Restaurant,-54.41,Dining,Professional,Scotiabank,CAD
2025-06-28,Expedia,Expedia purchase,-404.36,Travel,Professional,Scotiabank,CAD
2025-06-30,Adobe,Adobe purchase,-50.86,Subscriptions,Professional,Scotiabank,CAD
2025-07-01,Payroll Deposit,Payroll Deposit income deposit,6853.54,Income,Professional,Scotiabank,CAD
2025-07-02,Condo Rent,Condo Rent debit transaction,-1800.23,Housing,Professional,Scotiabank,CAD
2025-07-03,Marriott,Marriott debit transaction,-1051.34,Travel,Professional,Scotiabank,CAD
2025-07-04,Tim Hortons,Coffee payment - Tim Hortons,-8.25,Coffee,Professional,Scotiabank,CAD
2025-07-09,Loblaws,Loblaws purchase,-156.09,Groceries,Professional,Scotiabank,CAD
2025-07-10,Enbridge Gas,Utilities payment - Enbridge Gas,-57.85,Utilities,Professional,Scotiabank,CAD
2025-07-15,Costco,Scotiabank card transaction at Costco,-214.88,Groceries,Professional,Scotiabank,CAD
2025-07-15,LinkedIn Premium,LinkedIn Premium purchase,-22.11,Subscriptions,Professional,Scotiabank,CAD
2025-07-17,Sobeys,Scotiabank card transaction at Sobeys,-228.0,Groceries,Professional,Scotiabank,CAD
2025-07-18,The Keg,Dining payment - The Keg,-80.93,Dining,Professional,Scotiabank,CAD
2025-07-18,Tim Hortons,Coffee payment - Tim Hortons,-6.17,Coffee,Professional,Scotiabank,CAD
2025-07-19,The Keg,The Keg purchase,-90.03,Dining,Professional,Scotiabank,CAD
2025-07-20,GO Transit,GO Transit purchase,-110.38,Transportation,Professional,Scotiabank,CAD
2025-07-20,Wealthsimple,Scotiabank card transaction at Wealthsimple,-427.73,Savings/Investments,Professional,Scotiabank,CAD
2025-07-22,Adobe,Subscriptions payment - Adobe,-11.3,Subscriptions,Professional,Scotiabank,CAD
2025-07-25,Freshii,Freshii purchase,-46.84,Dining,Professional,Scotiabank,CAD
2025-07-26,Costco,Costco purchase,-126.59,Groceries,Professional,Scotiabank,CAD
2025-07-26,Uber Eats,Uber Eats purchase,-125.57,Dining,Professional,Scotiabank,CAD
2025-07-28,Starbucks,Starbucks debit transaction,-17.3,Coffee,Professional,Scotiabank,CAD
2025-07-29,Payroll Deposit,Payroll Deposit income deposit,6987.88,Income,Professional,Scotiabank,CAD
2025-07-31,GO Transit,Scotiabank card transaction at GO Transit,-42.49,Transportation,Professional,Scotiabank,CAD
2025-08-01,Local Restaurant,Dining payment - Local Restaurant,-39.45,Dining,Professional,Scotiabank,CAD
2025-08-01,Payroll Deposit,Direct deposit from Payroll Deposit,6531.14,Income,Professional,Scotiabank,CAD
2025-08-01,Shell,Scotiabank card transaction at Shell,-143.52,Transportation,Professional,Scotiabank,CAD
2025-08-01,Sobeys,Scotiabank card transaction at Sobeys,-192.8,Groceries,Professional,Scotiabank,CAD
2025-08-01,Sobeys,Sobeys purchase,-182.92,Groceries,Professional,Scotiabank,CAD
2025-08-01,Tim Hortons,Coffee payment - Tim Hortons,-17.56,Coffee,Professional,Scotiabank,CAD
2025-08-02,Mortgage Payment,Housing payment - Mortgage Payment,-1786.56,Housing,Professional,Scotiabank,CAD
2025-08-04,Payroll Deposit,Payroll Deposit income deposit,3686.6,Income,Professional,Scotiabank,CAD
2025-08-05,Air Canada,Travel payment - Air Canada,-604.54,Travel,Professional,Scotiabank,CAD
2025-08-06,Expedia,Expedia purchase,-1128.99,Travel,Professional,Scotiabank,CAD
2025-08-06,Sobeys,Scotiabank card transaction at Sobeys,-117.39,Groceries,Professional,Scotiabank,CAD
2025-08-06,Uber,Transportation payment - Uber,-27.75,Transportation,Professional,Scotiabank,CAD
2025-08-10,Hydro One,Utilities payment - Hydro One,-227.61,Utilities,Professional,Scotiabank,CAD
2025-08-11,Sobeys,Sobeys debit transaction,-110.85,Groceries,Professional,Scotiabank,CAD
2025-08-11,Wealthsimple,Wealthsimple debit transaction,-192.33,Savings/Investments,Professional,Scotiabank,CAD
2025-08-14,GO Transit,GO Transit debit transaction,-37.78,Transportation,Professional,Scotiabank,CAD
2025-08-15,Netflix,Netflix purchase,-22.51,Subscriptions,Professional,Scotiabank,CAD
2025-08-20,RBC InvestEase,RBC InvestEase purchase,-871.92,Savings/Investments,Professional,Scotiabank,CAD
2025-08-20,Starbucks,Coffee payment - Starbucks,-15.43,Coffee,Professional,Scotiabank,CAD
2025-08-23,Loblaws,Scotiabank card transaction at Loblaws,-64.44,Groceries,Professional,Scotiabank,CAD
2025-08-24,Hydro One,Utilities payment - Hydro One,-144.22,Utilities,Professional,Scotiabank,CAD
2025-08-25,Air Canada,Air Canada purchase,-154.34,Travel,Professional,Scotiabank,CAD
2025-08-25,Marriott,Marriott debit transaction,-542.2,Travel,Professional,Scotiabank,CAD
2025-08-25,The Keg,Scotiabank card transaction at The Keg,-95.25,Dining,Professional,Scotiabank,CAD
2025-08-27,Mortgage Payment,Mortgage Payment purchase,-2427.35,Housing,Professional,Scotiabank,CAD
2025-09-01,Payroll Deposit,Direct deposit from Payroll Deposit,5827.71,Income,Professional,Scotiabank,CAD
2025-09-02,Condo Rent,Condo Rent purchase,-2617.94,Housing,Professional,Scotiabank,CAD
2025-09-04,Hydro One,Utilities payment - Hydro One,-247.34,Utilities,Professional,Scotiabank,CAD
2025-09-05,Petro Canada,Petro Canada debit transaction,-30.95,Transportation,Professional,Scotiabank,CAD
2025-09-06,Uber,Uber purchase,-29.25,Transportation,Professional,Scotiabank,CAD
2025-09-08,Sobeys,Sobeys debit transaction,-134.36,Groceries,Professional,Scotiabank,CAD
2025-09-10,Enbridge Gas,Enbridge Gas purchase,-93.85,Utilities,Professional,Scotiabank,CAD
2025-09-10,GO Transit,Transportation payment - GO Transit,-168.96,Transportation,Professional,Scotiabank,CAD
2025-09-11,Sobeys,Groceries payment - Sobeys,-137.78,Groceries,Professional,Scotiabank,CAD
2025-09-14,Expedia,Expedia purchase,-1009.7,Travel,Professional,Scotiabank,CAD
2025-09-15,Adobe,Scotiabank card transaction at Adobe,-66.56,Subscriptions,Professional,Scotiabank,CAD
2025-09-16,Starbucks,Starbucks debit transaction,-6.18,Coffee,Professional,Scotiabank,CAD
2025-09-19,Petro Canada,Petro Canada purchase,-129.43,Transportation,Professional,Scotiabank,CAD
2025-09-28,Marriott,Marriott debit transaction,-901.94,Travel,Professional,Scotiabank,CAD
2025-09-28,Petro Canada,Scotiabank card transaction at Petro Canada,-136.84,Transportation,Professional,Scotiabank,CAD
2025-09-29,Petro Canada,Petro Canada purchase,-115.5,Transportation,Professional,Scotiabank,CAD
2025-10-01,Payroll Deposit,Payroll Deposit income deposit,3710.41,Income,Professional,Scotiabank,CAD
2025-10-02,Mortgage Payment,Housing payment - Mortgage Payment,-2736.62,Housing,Professional,Scotiabank,CAD
2025-10-03,Payroll Deposit,Payroll Deposit income deposit,4288.35,Income,Professional,Scotiabank,CAD
2025-10-03,Starbucks,Coffee payment - Starbucks,-4.25,Coffee,Professional,Scotiabank,CAD
2025-10-04,Shell,Shell debit transaction,-157.83,Transportation,Professional,Scotiabank,CAD
2025-10-04,Sobeys,Sobeys debit transaction,-152.57,Groceries,Professional,Scotiabank,CAD
2025-10-05,Starbucks,Starbucks debit transaction,-16.15,Coffee,Professional,Scotiabank,CAD
2025-10-06,Tim Hortons,Tim Hortons debit transaction,-18.58,Coffee,Professional,Scotiabank,CAD
2025-10-10,Hydro One,Hydro One debit transaction,-193.25,Utilities,Professional,Scotiabank,CAD
2025-10-14,Petro Canada,Petro Canada purchase,-114.94,Transportation,Professional,Scotiabank,CAD
2025-10-15,Adobe,Scotiabank card transaction at Adobe,-63.77,Subscriptions,Professional,Scotiabank,CAD
2025-10-16,Payroll Deposit,Direct deposit from Payroll Deposit,3796.98,Income,Professional,Scotiabank,CAD
2025-10-19,Air Canada,Air Canada purchase,-465.24,Travel,Professional,Scotiabank,CAD
2025-10-20,TFSA Transfer,Scotiabank card transaction at TFSA Transfer,-267.54,Savings/Investments,Professional,Scotiabank,CAD
2025-10-21,Condo Rent,Scotiabank card transaction at Condo Rent,-2683.56,Housing,Professional,Scotiabank,CAD
2025-10-22,Client Transfer,Client Transfer income deposit,5736.84,Income,Professional,Scotiabank,CAD
2025-10-24,Shell,Shell purchase,-165.34,Transportation,Professional,Scotiabank,CAD
2025-10-24,Shell,Scotiabank card transaction at Shell,-37.85,Transportation,Professional,Scotiabank,CAD
2025-10-27,Loblaws,Loblaws purchase,-133.68,Groceries,Professional,Scotiabank,CAD
2025-10-28,Tim Hortons,Tim Hortons debit transaction,-6.94,Coffee,Professional,Scotiabank,CAD
2025-10-30,Local Restaurant,Scotiabank card transaction at Local Restaurant,-155.48,Dining,Professional,Scotiabank,CAD
2025-10-31,The Keg,The Keg purchase,-100.83,Dining,Professional,Scotiabank,CAD
2025-11-01,Payroll Deposit,Direct deposit from Payroll Deposit,6904.95,Income,Professional,Scotiabank,CAD
2025-11-02,Condo Rent,Condo Rent debit transaction,-2599.59,Housing,Professional,Scotiabank,CAD
2025-11-06,Client Transfer,Direct deposit from Client Transfer,7700.96,Income,Professional,Scotiabank,CAD
2025-11-07,Air Canada,Scotiabank card transaction at Air Canada,-136.25,Travel,Professional,Scotiabank,CAD
2025-11-09,Petro Canada,Transportation payment - Petro Canada,-161.24,Transportation,Professional,Scotiabank,CAD
2025-11-10,Costco,Groceries payment - Costco,-94.78,Groceries,Professional,Scotiabank,CAD
2025-11-10,Uber,Transportation payment - Uber,-142.38,Transportation,Professional,Scotiabank,CAD
2025-11-11,Petro Canada,Scotiabank card transaction at Petro Canada,-80.21,Transportation,Professional,Scotiabank,CAD
2025-11-13,Loblaws,Loblaws purchase,-222.03,Groceries,Professional,Scotiabank,CAD
2025-11-14,Costco,Groceries payment - Costco,-69.75,Groceries,Professional,Scotiabank,CAD
2025-11-14,Uber Eats,Scotiabank card transaction at Uber Eats,-24.19,Dining,Professional,Scotiabank,CAD
2025-11-15,Netflix,Netflix debit transaction,-14.28,Subscriptions,Professional,Scotiabank,CAD
2025-11-17,Costco,Scotiabank card transaction at Costco,-105.83,Groceries,Professional,Scotiabank,CAD
2025-11-17,GO Transit,GO Transit debit transaction,-30.53,Transportation,Professional,Scotiabank,CAD
2025-11-17,Hydro One,Scotiabank card transaction at Hydro One,-238.02,Utilities,Professional,Scotiabank,CAD
2025-11-19,Local Restaurant,Local Restaurant debit transaction,-73.81,Dining,Professional,Scotiabank,CAD
2025-11-19,Starbucks,Starbucks purchase,-11.85,Coffee,Professional,Scotiabank,CAD
2025-11-20,TFSA Transfer,Savings/Investments payment - TFSA Transfer,-870.64,Savings/Investments,Professional,Scotiabank,CAD
2025-11-27,Tim Hortons,Tim Hortons purchase,-19.63,Coffee,Professional,Scotiabank,CAD
2025-11-28,TFSA Transfer,Savings/Investments payment - TFSA Transfer,-698.72,Savings/Investments,Professional,Scotiabank,CAD
2025-12-01,Client Transfer,Client Transfer income deposit,3206.85,Income,Professional,Scotiabank,CAD
2025-12-02,Condo Rent,Scotiabank card transaction at Condo Rent,-2458.02,Housing,Professional,Scotiabank,CAD
2025-12-02,Sobeys,Sobeys purchase,-48.54,Groceries,Professional,Scotiabank,CAD
2025-12-08,Tim Hortons,Tim Hortons purchase,-13.79,Coffee,Professional,Scotiabank,CAD
2025-12-09,Expedia,Travel payment - Expedia,-586.5,Travel,Professional,Scotiabank,CAD
2025-12-10,Freshii,Freshii purchase,-151.88,Dining,Professional,Scotiabank,CAD
2025-12-10,Hydro One,Hydro One purchase,-203.22,Utilities,Professional,Scotiabank,CAD
2025-12-10,RBC InvestEase,Savings/Investments payment - RBC InvestEase,-898.56,Savings/Investments,Professional,Scotiabank,CAD
2025-12-11,GO Transit,GO Transit purchase,-116.62,Transportation,Professional,Scotiabank,CAD
2025-12-13,Costco,Costco debit transaction,-199.69,Groceries,Professional,Scotiabank,CAD
2025-12-13,Starbucks,Starbucks purchase,-4.37,Coffee,Professional,Scotiabank,CAD
2025-12-13,Starbucks,Starbucks debit transaction,-17.13,Coffee,Professional,Scotiabank,CAD
2025-12-15,Adobe,Adobe purchase,-14.45,Subscriptions,Professional,Scotiabank,CAD
2025-12-16,Local Restaurant,Scotiabank card transaction at Local Restaurant,-73.17,Dining,Professional,Scotiabank,CAD
2025-12-16,Uber Eats,Uber Eats purchase,-101.74,Dining,Professional,Scotiabank,CAD
2025-12-17,Starbucks,Starbucks purchase,-5.94,Coffee,Professional,Scotiabank,CAD
2025-12-17,Wealthsimple,Wealthsimple debit transaction,-1116.68,Savings/Investments,Professional,Scotiabank,CAD
2025-12-20,Wealthsimple,Scotiabank card transaction at Wealthsimple,-583.52,Savings/Investments,Professional,Scotiabank,CAD
2025-12-22,Hydro One,Hydro One debit transaction,-224.34,Utilities,Professional,Scotiabank,CAD
2025-12-23,Air Canada,Air Canada purchase,-223.13,Travel,Professional,Scotiabank,CAD
2025-12-23,Shell,Scotiabank card transaction at Shell,-64.1,Transportation,Professional,Scotiabank,CAD
2025-12-24,Enbridge Gas,Enbridge Gas debit transaction,-252.63,Utilities,Professional,Scotiabank,CAD
2025-12-24,Local Restaurant,Local Restaurant purchase,-73.13,Dining,Professional,Scotiabank,CAD
2025-12-25,Uber,Scotiabank card transaction at Uber,-35.71,Transportation,Professional,Scotiabank,CAD
2025-12-26,Shell,Transportation payment - Shell,-162.53,Transportation,Professional,Scotiabank,CAD
2025-12-29,Payroll Deposit,Direct deposit from Payroll Deposit,4122.32,Income,Professional,Scotiabank,CAD
2025-12-30,Balzac's Coffee,Coffee payment - Balzac's Coffee,-5.1,Coffee,Professional,Scotiabank,CAD
2025-12-30,GO Transit,GO Transit purchase,-94.7,Transportation,Professional,Scotiabank,CAD
2025-12-30,Hydro One,Scotiabank card transaction at Hydro One,-118.97,Utilities,Professional,Scotiabank,CAD
2025-12-30,The Keg,Dining payment - The Keg,-123.39,Dining,Professional,Scotiabank,CAD
2025-12-31,Bell Internet,Bell Internet debit transaction,-73.34,Utilities,Professional,Scotiabank,CAD
2025-12-31,Marriott,Scotiabank card transaction at Marriott,-426.05,Travel,Professional,Scotiabank,CAD
2026-01-01,Client Transfer,Direct deposit from Client Transfer,4625.35,Income,Professional,Scotiabank,CAD
2026-01-01,Loblaws,Loblaws purchase,-216.69,Groceries,Professional,Scotiabank,CAD
2026-01-02,Condo Rent,Condo Rent debit transaction,-1913.89,Housing,Professional,Scotiabank,CAD
2026-01-04,Expedia,Scotiabank card transaction at Expedia,-507.5,Travel,Professional,Scotiabank,CAD
2026-01-04,Local Restaurant,Dining payment - Local Restaurant,-25.72,Dining,Professional,Scotiabank,CAD
2026-01-04,Petro Canada,Petro Canada purchase,-84.79,Transportation,Professional,Scotiabank,CAD
2026-01-04,TFSA Transfer,Savings/Investments payment - TFSA Transfer,-833.02,Savings/Investments,Professional,Scotiabank,CAD
2026-01-05,Petro Canada,Petro Canada purchase,-68.58,Transportation,Professional,Scotiabank,CAD
2026-01-05,Petro Canada,Scotiabank card transaction at Petro Canada,-50.28,Transportation,Professional,Scotiabank,CAD
2026-01-09,Tim Hortons,Tim Hortons debit transaction,-11.85,Coffee,Professional,Scotiabank,CAD
2026-01-10,Bell Internet,Scotiabank card transaction at Bell Internet,-213.2,Utilities,Professional,Scotiabank,CAD
2026-01-10,LinkedIn Premium,LinkedIn Premium debit transaction,-33.62,Subscriptions,Professional,Scotiabank,CAD
2026-01-11,Local Restaurant,Local Restaurant purchase,-37.03,Dining,Professional,Scotiabank,CAD
2026-01-11,Starbucks,Coffee payment - Starbucks,-7.95,Coffee,Professional,Scotiabank,CAD
2026-01-11,Tim Hortons,Tim Hortons purchase,-6.19,Coffee,Professional,Scotiabank,CAD
2026-01-12,Freshii,Scotiabank card transaction at Freshii,-39.98,Dining,Professional,Scotiabank,CAD
2026-01-12,Spotify,Scotiabank card transaction at Spotify,-74.76,Subscriptions,Professional,Scotiabank,CAD
2026-01-13,The Keg,Dining payment - The Keg,-109.53,Dining,Professional,Scotiabank,CAD
2026-01-15,Spotify,Subscriptions payment - Spotify,-53.2,Subscriptions,Professional,Scotiabank,CAD
2026-01-17,Payroll Deposit,Direct deposit from Payroll Deposit,5580.87,Income,Professional,Scotiabank,CAD
2026-01-20,Wealthsimple,Savings/Investments payment - Wealthsimple,-483.95,Savings/Investments,Professional,Scotiabank,CAD
2026-01-22,RBC InvestEase,RBC InvestEase purchase,-630.53,Savings/Investments,Professional,Scotiabank,CAD
2026-01-24,Sobeys,Scotiabank card transaction at Sobeys,-203.05,Groceries,Professional,Scotiabank,CAD
2026-01-25,Freshii,Dining payment - Freshii,-89.95,Dining,Professional,Scotiabank,CAD
2026-01-25,Uber Eats,Dining payment - Uber Eats,-40.83,Dining,Professional,Scotiabank,CAD
2026-01-26,Balzac's Coffee,Coffee payment - Balzac's Coffee,-17.69,Coffee,Professional,Scotiabank,CAD
2026-01-26,Petro Canada,Scotiabank card transaction at Petro Canada,-131.24,Transportation,Professional,Scotiabank,CAD
2026-01-27,Expedia,Expedia purchase,-748.08,Travel,Professional,Scotiabank,CAD
2026-01-27,GO Transit,Transportation payment - GO Transit,-31.36,Transportation,Professional,Scotiabank,CAD
2026-01-28,Condo Rent,Scotiabank card transaction at Condo Rent,-2523.52,Housing,Professional,Scotiabank,CAD
2026-02-01,Payroll Deposit,Payroll Deposit income deposit,4563.93,Income,Professional,Scotiabank,CAD
2026-02-02,Condo Rent,Scotiabank card transaction at Condo Rent,-1791.54,Housing,Professional,Scotiabank,CAD
2026-02-02,Tim Hortons,Coffee payment - Tim Hortons,-10.67,Coffee,Professional,Scotiabank,CAD
2026-02-05,Tim Hortons,Tim Hortons purchase,-11.13,Coffee,Professional,Scotiabank,CAD
2026-02-06,Costco,Groceries payment - Costco,-54.71,Groceries,Professional,Scotiabank,CAD
2026-02-06,Costco,Scotiabank card transaction at Costco,-95.61,Groceries,Professional,Scotiabank,CAD
2026-02-10,Enbridge Gas,Utilities payment - Enbridge Gas,-140.6,Utilities,Professional,Scotiabank,CAD
2026-02-13,Condo Rent,Scotiabank card transaction at Condo Rent,-1828.24,Housing,Professional,Scotiabank,CAD
2026-02-15,Netflix,Scotiabank card transaction at Netflix,-43.61,Subscriptions,Professional,Scotiabank,CAD
2026-02-15,Starbucks,Starbucks debit transaction,-12.88,Coffee,Professional,Scotiabank,CAD
2026-02-17,Uber,Transportation payment - Uber,-126.08,Transportation,Professional,Scotiabank,CAD
2026-02-20,Adobe,Adobe purchase,-60.12,Subscriptions,Professional,Scotiabank,CAD
2026-02-20,Air Canada,Scotiabank card transaction at Air Canada,-1005.09,Travel,Professional,Scotiabank,CAD
2026-02-20,Petro Canada,Petro Canada purchase,-76.22,Transportation,Professional,Scotiabank,CAD
2026-02-22,Tim Hortons,Tim Hortons debit transaction,-6.3,Coffee,Professional,Scotiabank,CAD
2026-02-28,Costco,Scotiabank card transaction at Costco,-182.61,Groceries,Professional,Scotiabank,CAD
2026-03-01,Payroll Deposit,Direct deposit from Payroll Deposit,3464.66,Income,Professional,Scotiabank,CAD
2026-03-02,Condo Rent,Housing payment - Condo Rent,-2549.41,Housing,Professional,Scotiabank,CAD
2026-03-02,RBC InvestEase,Savings/Investments payment - RBC InvestEase,-826.65,Savings/Investments,Professional,Scotiabank,CAD
2026-03-05,Air Canada,Travel payment - Air Canada,-130.63,Travel,Professional,Scotiabank,CAD
2026-03-06,RBC InvestEase,Savings/Investments payment - RBC InvestEase,-741.86,Savings/Investments,Professional,Scotiabank,CAD
2026-03-07,LinkedIn Premium,Scotiabank card transaction at LinkedIn Premium,-34.5,Subscriptions,Professional,Scotiabank,CAD
2026-03-07,Petro Canada,Petro Canada debit transaction,-48.47,Transportation,Professional,Scotiabank,CAD
2026-03-07,Tim Hortons,Scotiabank card transaction at Tim Hortons,-10.58,Coffee,Professional,Scotiabank,CAD
2026-03-08,Uber Eats,Scotiabank card transaction at Uber Eats,-38.9,Dining,Professional,Scotiabank,CAD
2026-03-09,Sobeys,Sobeys purchase,-112.64,Groceries,Professional,Scotiabank,CAD
2026-03-10,Bell Internet,Bell Internet debit transaction,-91.95,Utilities,Professional,Scotiabank,CAD
2026-03-12,Expedia,Expedia purchase,-432.07,Travel,Professional,Scotiabank,CAD
2026-03-13,Loblaws,Loblaws debit transaction,-148.09,Groceries,Professional,Scotiabank,CAD
2026-03-14,Costco,Costco purchase,-231.61,Groceries,Professional,Scotiabank,CAD
2026-03-15,LinkedIn Premium,Subscriptions payment - LinkedIn Premium,-49.44,Subscriptions,Professional,Scotiabank,CAD
2026-03-16,Expedia,Expedia purchase,-726.8,Travel,Professional,Scotiabank,CAD
2026-03-16,Tim Hortons,Scotiabank card transaction at Tim Hortons,-9.51,Coffee,Professional,Scotiabank,CAD
2026-03-16,Uber,Uber purchase,-28.81,Transportation,Professional,Scotiabank,CAD
2026-03-22,Sobeys,Sobeys debit transaction,-137.48,Groceries,Professional,Scotiabank,CAD
2026-03-22,Tim Hortons,Scotiabank card transaction at Tim Hortons,-7.44,Coffee,Professional,Scotiabank,CAD
2026-03-24,Starbucks,Coffee payment - Starbucks,-12.0,Coffee,Professional,Scotiabank,CAD
2026-03-25,Air Canada,Scotiabank card transaction at Air Canada,-290.22,Travel,Professional,Scotiabank,CAD
2026-03-25,Expedia,Expedia purchase,-846.74,Travel,Professional,Scotiabank,CAD
2026-03-26,GO Transit,Transportation payment - GO Transit,-76.17,Transportation,Professional,Scotiabank,CAD
2026-03-27,Condo Rent,Condo Rent purchase,-2472.26,Housing,Professional,Scotiabank,CAD
2026-03-27,GO Transit,Transportation payment - GO Transit,-143.16,Transportation,Professional,Scotiabank,CAD
2026-03-27,LinkedIn Premium,LinkedIn Premium purchase,-72.18,Subscriptions,Professional,Scotiabank,CAD
2026-03-27,Uber,Uber purchase,-132.48,Transportation,Professional,Scotiabank,CAD
2026-03-31,Tim Hortons,Scotiabank card transaction at Tim Hortons,-16.42,Coffee,Professional,Scotiabank,CAD
2026-04-01,Adobe,Adobe debit transaction,-45.84,Subscriptions,Professional,Scotiabank,CAD
2026-04-01,Client Transfer,Direct deposit from Client Transfer,3348.96,Income,Professional,Scotiabank,CAD
2026-04-01,Expedia,Expedia purchase,-434.5,Travel,Professional,Scotiabank,CAD
2026-04-02,Condo Rent,Condo Rent purchase,-2895.64,Housing,Professional,Scotiabank,CAD
2026-04-06,Marriott,Scotiabank card transaction at Marriott,-1110.17,Travel,Professional,Scotiabank,CAD
2026-04-07,Air Canada,Air Canada debit transaction,-566.33,Travel,Professional,Scotiabank,CAD
2026-04-10,Air Canada,Air Canada purchase,-138.02,Travel,Professional,Scotiabank,CAD
2026-04-10,Hydro One,Utilities payment - Hydro One,-110.07,Utilities,Professional,Scotiabank,CAD
2026-04-11,Costco,Scotiabank card transaction at Costco,-178.98,Groceries,Professional,Scotiabank,CAD
2026-04-15,Netflix,Netflix debit transaction,-62.4,Subscriptions,Professional,Scotiabank,CAD
2026-04-17,Spotify,Subscriptions payment - Spotify,-57.71,Subscriptions,Professional,Scotiabank,CAD
2026-04-18,Petro Canada,Petro Canada purchase,-149.2,Transportation,Professional,Scotiabank,CAD
2026-04-19,Loblaws,Loblaws purchase,-85.43,Groceries,Professional,Scotiabank,CAD
2026-04-20,Wealthsimple,Savings/Investments payment - Wealthsimple,-1081.45,Savings/Investments,Professional,Scotiabank,CAD
2026-04-24,The Keg,Dining payment - The Keg,-159.28,Dining,Professional,Scotiabank,CAD
2026-04-25,Shell,Shell debit transaction,-85.26,Transportation,Professional,Scotiabank,CAD
2026-05-01,Payroll Deposit,Direct deposit from Payroll Deposit,7169.92,Income,Professional,Scotiabank,CAD
2026-05-02,Mortgage Payment,Mortgage Payment debit transaction,-1987.29,Housing,Professional,Scotiabank,CAD
2026-05-04,GO Transit,GO Transit debit transaction,-52.26,Transportation,Professional,Scotiabank,CAD
2026-05-05,The Keg,Dining payment - The Keg,-117.5,Dining,Professional,Scotiabank,CAD
2026-05-06,Local Restaurant,Local Restaurant purchase,-40.73,Dining,Professional,Scotiabank,CAD
2026-05-08,Wealthsimple,Scotiabank card transaction at Wealthsimple,-841.62,Savings/Investments,Professional,Scotiabank,CAD
2026-05-10,Bell Internet,Utilities payment - Bell Internet,-67.2,Utilities,Professional,Scotiabank,CAD
2026-05-10,Payroll Deposit,Direct deposit from Payroll Deposit,6200.91,Income,Professional,Scotiabank,CAD
2026-05-12,Shell,Shell debit transaction,-104.92,Transportation,Professional,Scotiabank,CAD
2026-05-13,Petro Canada,Scotiabank card transaction at Petro Canada,-142.2,Transportation,Professional,Scotiabank,CAD
2026-05-14,Loblaws,Loblaws debit transaction,-223.6,Groceries,Professional,Scotiabank,CAD
2026-05-15,LinkedIn Premium,Scotiabank card transaction at LinkedIn Premium,-63.04,Subscriptions,Professional,Scotiabank,CAD
2026-05-17,Local Restaurant,Local Restaurant purchase,-117.39,Dining,Professional,Scotiabank,CAD
2026-05-18,Sobeys,Sobeys debit transaction,-231.79,Groceries,Professional,Scotiabank,CAD
2026-05-20,RBC InvestEase,Scotiabank card transaction at RBC InvestEase,-941.21,Savings/Investments,Professional,Scotiabank,CAD
2026-05-20,Shell,Scotiabank card transaction at Shell,-15.7,Transportation,Professional,Scotiabank,CAD
2026-05-22,Adobe,Adobe purchase,-73.11,Subscriptions,Professional,Scotiabank,CAD
2026-05-23,Uber Eats,Uber Eats debit transaction,-122.82,Dining,Professional,Scotiabank,CAD
2026-05-24,Sobeys,Groceries payment - Sobeys,-192.47,Groceries,Professional,Scotiabank,CAD
2026-05-28,Petro Canada,Petro Canada debit transaction,-99.37,Transportation,Professional,Scotiabank,CAD
2026-05-29,Starbucks,Scotiabank card transaction at Starbucks,-13.85,Coffee,Professional,Scotiabank,CAD
2026-05-30,Local Restaurant,Dining payment - Local Restaurant,-102.08,Dining,Professional,Scotiabank,CAD
2026-06-01,Payroll Deposit,Direct deposit from Payroll Deposit,6259.49,Income,Professional,Scotiabank,CAD
2026-06-02,Condo Rent,Scotiabank card transaction at Condo Rent,-1862.67,Housing,Professional,Scotiabank,CAD
2026-06-02,Costco,Costco debit transaction,-81.3,Groceries,Professional,Scotiabank,CAD
2026-06-07,LinkedIn Premium,Scotiabank card transaction at LinkedIn Premium,-53.96,Subscriptions,Professional,Scotiabank,CAD
2026-06-07,Uber,Uber debit transaction,-13.04,Transportation,Professional,Scotiabank,CAD
2026-06-07,Uber Eats,Uber Eats debit transaction,-156.6,Dining,Professional,Scotiabank,CAD
2026-06-08,Uber,Scotiabank card transaction at Uber,-22.62,Transportation,Professional,Scotiabank,CAD
2026-06-10,Hydro One,Hydro One debit transaction,-90.54,Utilities,Professional,Scotiabank,CAD
2026-06-10,Marriott,Scotiabank card transaction at Marriott,-979.91,Travel,Professional,Scotiabank,CAD
2026-06-15,Adobe,Scotiabank card transaction at Adobe,-32.36,Subscriptions,Professional,Scotiabank,CAD
2026-06-28,Bell Internet,Bell Internet purchase,-227.99,Utilities,Professional,Scotiabank,CAD
2026-06-29,Expedia,Expedia purchase,-364.12,Travel,Professional,Scotiabank,CAD
2026-06-29,GO Transit,GO Transit purchase,-48.01,Transportation,Professional,Scotiabank,CAD
2026-06-29,Sobeys,Scotiabank card transaction at Sobeys,-196.44,Groceries,Professional,Scotiabank,CAD
2026-07-01,Client Transfer,Direct deposit from Client Transfer,6069.4,Income,Professional,Scotiabank,CAD
2026-07-02,Condo Rent,Housing payment - Condo Rent,-2062.08,Housing,Professional,Scotiabank,CAD
2026-07-03,Freshii,Freshii debit transaction,-142.92,Dining,Professional,Scotiabank,CAD
2026-07-09,Adobe,Subscriptions payment - Adobe,-65.19,Subscriptions,Professional,Scotiabank,CAD
2026-07-10,Enbridge Gas,Scotiabank card transaction at Enbridge Gas,-175.54,Utilities,Professional,Scotiabank,CAD
2026-07-10,Expedia,Expedia purchase,-259.7,Travel,Professional,Scotiabank,CAD
2026-07-11,Local Restaurant,Local Restaurant debit transaction,-153.1,Dining,Professional,Scotiabank,CAD
2026-07-13,GO Transit,GO Transit debit transaction,-106.06,Transportation,Professional,Scotiabank,CAD
2026-07-13,Sobeys,Sobeys debit transaction,-160.46,Groceries,Professional,Scotiabank,CAD
2026-07-14,Starbucks,Coffee payment - Starbucks,-5.16,Coffee,Professional,Scotiabank,CAD
2026-07-15,Expedia,Expedia purchase,-1193.39,Travel,Professional,Scotiabank,CAD
2026-07-15,Netflix,Netflix debit transaction,-68.61,Subscriptions,Professional,Scotiabank,CAD
2026-07-15,Uber Eats,Scotiabank card transaction at Uber Eats,-124.69,Dining,Professional,Scotiabank,CAD
2026-07-16,Uber Eats,Uber Eats purchase,-95.82,Dining,Professional,Scotiabank,CAD
2026-07-16,Wealthsimple,Wealthsimple purchase,-555.68,Savings/Investments,Professional,Scotiabank,CAD
2026-07-19,Tim Hortons,Tim Hortons debit transaction,-5.96,Coffee,Professional,Scotiabank,CAD
2026-07-20,Wealthsimple,Wealthsimple debit transaction,-339.85,Savings/Investments,Professional,Scotiabank,CAD
2026-07-21,Air Canada,Scotiabank card transaction at Air Canada,-165.93,Travel,Professional,Scotiabank,CAD
2026-07-22,Costco,Groceries payment - Costco,-50.8,Groceries,Professional,Scotiabank,CAD
2026-07-24,Netflix,Subscriptions payment - Netflix,-15.35,Subscriptions,Professional,Scotiabank,CAD
2026-07-25,Balzac's Coffee,Balzac's Coffee debit transaction,-10.47,Coffee,Professional,Scotiabank,CAD
2026-07-26,Client Transfer,Client Transfer income deposit,5979.87,Income,Professional,Scotiabank,CAD
2026-07-27,Mortgage Payment,Mortgage Payment purchase,-1849.9,Housing,Professional,Scotiabank,CAD
2026-07-29,Sobeys,Sobeys debit transaction,-102.44,Groceries,Professional,Scotiabank,CAD
2026-07-30,GO Transit,GO Transit purchase,-125.64,Transportation,Professional,Scotiabank,CAD
2026-08-01,Balzac's Coffee,Coffee payment - Balzac's Coffee,-5.93,Coffee,Professional,Scotiabank,CAD
2026-08-01,Payroll Deposit,Payroll Deposit income deposit,4912.93,Income,Professional,Scotiabank,CAD
2026-08-01,Starbucks,Starbucks purchase,-13.14,Coffee,Professional,Scotiabank,CAD
2026-08-02,Mortgage Payment,Mortgage Payment debit transaction,-2507.71,Housing,Professional,Scotiabank,CAD
2026-08-02,Uber Eats,Uber Eats debit transaction,-159.19,Dining,Professional,Scotiabank,CAD
2026-08-06,The Keg,The Keg purchase,-26.92,Dining,Professional,Scotiabank,CAD
2026-08-08,Marriott,Scotiabank card transaction at Marriott,-418.56,Travel,Professional,Scotiabank,CAD
2026-08-10,Bell Internet,Bell Internet purchase,-116.4,Utilities,Professional,Scotiabank,CAD
2026-08-11,TFSA Transfer,TFSA Transfer debit transaction,-1096.19,Savings/Investments,Professional,Scotiabank,CAD
2026-08-13,Expedia,Expedia purchase,-921.24,Travel,Professional,Scotiabank,CAD
2026-08-15,Spotify,Scotiabank card transaction at Spotify,-55.01,Subscriptions,Professional,Scotiabank,CAD
2026-08-16,Petro Canada,Transportation payment - Petro Canada,-112.76,Transportation,Professional,Scotiabank,CAD
2026-08-17,Condo Rent,Scotiabank card transaction at Condo Rent,-1886.13,Housing,Professional,Scotiabank,CAD
2026-08-20,LinkedIn Premium,LinkedIn Premium debit transaction,-34.19,Subscriptions,Professional,Scotiabank,CAD
2026-08-20,Wealthsimple,Wealthsimple debit transaction,-1169.29,Savings/Investments,Professional,Scotiabank,CAD
2026-08-22,Sobeys,Groceries payment - Sobeys,-94.12,Groceries,Professional,Scotiabank,CAD
2026-08-25,Client Transfer,Direct deposit from Client Transfer,5834.15,Income,Professional,Scotiabank,CAD
2026-08-28,Client Transfer,Client Transfer income deposit,6590.38,Income,Professional,Scotiabank,CAD
2026-08-28,Freshii,Freshii debit transaction,-56.41,Dining,Professional,Scotiabank,CAD
2026-08-28,Loblaws,Scotiabank card transaction at Loblaws,-137.32,Groceries,Professional,Scotiabank,CAD
2026-08-28,TFSA Transfer,Savings/Investments payment - TFSA Transfer,-733.78,Savings/Investments,Professional,Scotiabank,CAD
2026-08-28,The Keg,Scotiabank card transaction at The Keg,-68.36,Dining,Professional,Scotiabank,CAD
2026-08-30,Tim Hortons,Tim Hortons debit transaction,-13.23,Coffee,Professional,Scotiabank,CAD
2026-09-01,Client Transfer,Client Transfer income deposit,6421.9,Income,Professional,Scotiabank,CAD
2026-09-02,Mortgage Payment,Housing payment - Mortgage Payment,-1688.97,Housing,Professional,Scotiabank,CAD
2026-09-02,Starbucks,Starbucks debit transaction,-17.45,Coffee,Professional,Scotiabank,CAD
2026-09-03,Local Restaurant,Scotiabank card transaction at Local Restaurant,-113.42,Dining,Professional,Scotiabank,CAD
2026-09-06,Costco,Costco purchase,-103.99,Groceries,Professional,Scotiabank,CAD
2026-09-06,Expedia,Scotiabank card transaction at Expedia,-907.68,Travel,Professional,Scotiabank,CAD
2026-09-06,Marriott,Scotiabank card transaction at Marriott,-1019.56,Travel,Professional,Scotiabank,CAD
2026-09-07,Balzac's Coffee,Balzac's Coffee debit transaction,-18.09,Coffee,Professional,Scotiabank,CAD
2026-09-08,Expedia,Expedia debit transaction,-466.27,Travel,Professional,Scotiabank,CAD
2026-09-09,Local Restaurant,Local Restaurant purchase,-143.45,Dining,Professional,Scotiabank,CAD
2026-09-10,Hydro One,Scotiabank card transaction at Hydro One,-136.57,Utilities,Professional,Scotiabank,CAD
2026-09-10,Shell,Shell debit transaction,-148.24,Transportation,Professional,Scotiabank,CAD
2026-09-10,Sobeys,Scotiabank card transaction at Sobeys,-53.0,Groceries,Professional,Scotiabank,CAD
2026-09-14,Netflix,Scotiabank card transaction at Netflix,-49.7,Subscriptions,Professional,Scotiabank,CAD
2026-09-14,Starbucks,Coffee payment - Starbucks,-14.14,Coffee,Professional,Scotiabank,CAD
2026-09-15,Spotify,Spotify debit transaction,-21.22,Subscriptions,Professional,Scotiabank,CAD
2026-09-18,Shell,Shell debit transaction,-30.78,Transportation,Professional,Scotiabank,CAD
2026-09-19,Starbucks,Coffee payment - Starbucks,-9.67,Coffee,Professional,Scotiabank,CAD
2026-09-19,Tim Hortons,Tim Hortons purchase,-8.49,Coffee,Professional,Scotiabank,CAD
2026-09-21,Freshii,Scotiabank card transaction at Freshii,-122.4,Dining,Professional,Scotiabank,CAD
2026-09-24,Shell,Scotiabank card transaction at Shell,-24.66,Transportation,Professional,Scotiabank,CAD
2026-09-27,The Keg,The Keg debit transaction,-156.12,Dining,Professional,Scotiabank,CAD
2026-09-28,Starbucks,Scotiabank card transaction at Starbucks,-18.32,Coffee,Professional,Scotiabank,CAD
2026-09-28,Tim Hortons,Tim Hortons purchase,-6.65,Coffee,Professional,Scotiabank,CAD
2026-10-01,Balzac's Coffee,Balzac's Coffee purchase,-17.62,Coffee,Professional,Scotiabank,CAD
2026-10-01,Client Transfer,Direct deposit from Client Transfer,6681.89,Income,Professional,Scotiabank,CAD
2026-10-02,Mortgage Payment,Mortgage Payment purchase,-1688.13,Housing,Professional,Scotiabank,CAD
2026-10-03,Air Canada,Air Canada debit transaction,-1153.37,Travel,Professional,Scotiabank,CAD
2026-10-03,Tim Hortons,Scotiabank card transaction at Tim Hortons,-13.12,Coffee,Professional,Scotiabank,CAD
2026-10-07,Petro Canada,Petro Canada debit transaction,-22.55,Transportation,Professional,Scotiabank,CAD
2026-10-10,Enbridge Gas,Scotiabank card transaction at Enbridge Gas,-224.75,Utilities,Professional,Scotiabank,CAD
2026-10-10,Tim Hortons,Tim Hortons debit transaction,-4.48,Coffee,Professional,Scotiabank,CAD
2026-10-13,Freshii,Freshii debit transaction,-109.15,Dining,Professional,Scotiabank,CAD
2026-10-15,Spotify,Spotify debit transaction,-34.1,Subscriptions,Professional,Scotiabank,CAD
2026-10-19,Starbucks,Scotiabank card transaction at Starbucks,-18.09,Coffee,Professional,Scotiabank,CAD
2026-10-19,TFSA Transfer,TFSA Transfer purchase,-1135.3,Savings/Investments,Professional,Scotiabank,CAD
2026-10-20,TFSA Transfer,TFSA Transfer debit transaction,-291.19,Savings/Investments,Professional,Scotiabank,CAD
2026-10-20,Uber,Uber purchase,-19.88,Transportation,Professional,Scotiabank,CAD
2026-10-20,Uber Eats,Dining payment - Uber Eats,-74.01,Dining,Professional,Scotiabank,CAD
2026-10-21,Shell,Shell purchase,-14.96,Transportation,Professional,Scotiabank,CAD
2026-10-25,Mortgage Payment,Mortgage Payment purchase,-1731.71,Housing,Professional,Scotiabank,CAD
2026-10-26,Starbucks,Starbucks debit transaction,-7.93,Coffee,Professional,Scotiabank,CAD
2026-10-27,Marriott,Travel payment - Marriott,-1165.21,Travel,Professional,Scotiabank,CAD
2026-10-30,Uber,Uber purchase,-86.98,Transportation,Professional,Scotiabank,CAD
2026-11-01,Condo Rent,Condo Rent purchase,-2333.87,Housing,Professional,Scotiabank,CAD
2026-11-01,Freshii,Freshii purchase,-99.29,Dining,Professional,Scotiabank,CAD
2026-11-01,Loblaws,Loblaws debit transaction,-134.97,Groceries,Professional,Scotiabank,CAD
2026-11-01,Payroll Deposit,Direct deposit from Payroll Deposit,4958.68,Income,Professional,Scotiabank,CAD
2026-11-02,Mortgage Payment,Housing payment - Mortgage Payment,-2422.65,Housing,Professional,Scotiabank,CAD
2026-11-08,Shell,Shell purchase,-66.31,Transportation,Professional,Scotiabank,CAD
2026-11-09,Tim Hortons,Coffee payment - Tim Hortons,-5.77,Coffee,Professional,Scotiabank,CAD
2026-11-10,Bell Internet,Bell Internet purchase,-97.15,Utilities,Professional,Scotiabank,CAD
2026-11-10,Loblaws,Loblaws purchase,-146.3,Groceries,Professional,Scotiabank,CAD
2026-11-15,Balzac's Coffee,Scotiabank card transaction at Balzac's Coffee,-5.42,Coffee,Professional,Scotiabank,CAD
2026-11-15,LinkedIn Premium,LinkedIn Premium purchase,-10.81,Subscriptions,Professional,Scotiabank,CAD
2026-11-15,The Keg,The Keg debit transaction,-46.38,Dining,Professional,Scotiabank,CAD
2026-11-16,Starbucks,Coffee payment - Starbucks,-17.92,Coffee,Professional,Scotiabank,CAD
2026-11-17,Condo Rent,Condo Rent purchase,-1959.99,Housing,Professional,Scotiabank,CAD
2026-11-19,TFSA Transfer,Scotiabank card transaction at TFSA Transfer,-1148.98,Savings/Investments,Professional,Scotiabank,CAD
2026-11-22,Expedia,Expedia debit transaction,-1170.27,Travel,Professional,Scotiabank,CAD
2026-11-24,Balzac's Coffee,Coffee payment - Balzac's Coffee,-17.3,Coffee,Professional,Scotiabank,CAD
2026-11-27,Bell Internet,Utilities payment - Bell Internet,-239.5,Utilities,Professional,Scotiabank,CAD
2026-11-27,Expedia,Expedia debit transaction,-755.03,Travel,Professional,Scotiabank,CAD
2026-11-27,Freshii,Freshii debit transaction,-116.89,Dining,Professional,Scotiabank,CAD
2026-11-28,Client Transfer,Client Transfer income deposit,6718.97,Income,Professional,Scotiabank,CAD
2026-11-29,Freshii,Scotiabank card transaction at Freshii,-86.4,Dining,Professional,Scotiabank,CAD
2026-11-29,Uber,Scotiabank card transaction at Uber,-56.34,Transportation,Professional,Scotiabank,CAD
2026-12-01,Payroll Deposit,Payroll Deposit income deposit,4578.48,Income,Professional,Scotiabank,CAD
2026-12-02,Condo Rent,Condo Rent purchase,-2646.31,Housing,Professional,Scotiabank,CAD
2026-12-02,Starbucks,Scotiabank card transaction at Starbucks,-6.98,Coffee,Professional,Scotiabank,CAD
2026-12-03,GO Transit,Transportation payment - GO Transit,-109.92,Transportation,Professional,Scotiabank,CAD
2026-12-05,Uber Eats,Uber Eats purchase,-84.16,Dining,Professional,Scotiabank,CAD
2026-12-06,Starbucks,Coffee payment - Starbucks,-10.57,Coffee,Professional,Scotiabank,CAD
2026-12-06,Tim Hortons,Coffee payment - Tim Hortons,-11.52,Coffee,Professional,Scotiabank,CAD
2026-12-06,Uber,Scotiabank card transaction at Uber,-122.18,Transportation,Professional,Scotiabank,CAD
2026-12-08,Mortgage Payment,Housing payment - Mortgage Payment,-2678.89,Housing,Professional,Scotiabank,CAD
2026-12-10,Hydro One,Utilities payment - Hydro One,-122.2,Utilities,Professional,Scotiabank,CAD
2026-12-10,Hydro One,Hydro One purchase,-127.15,Utilities,Professional,Scotiabank,CAD
2026-12-12,Loblaws,Scotiabank card transaction at Loblaws,-220.49,Groceries,Professional,Scotiabank,CAD
2026-12-15,LinkedIn Premium,LinkedIn Premium debit transaction,-24.24,Subscriptions,Professional,Scotiabank,CAD
2026-12-15,Uber,Scotiabank card transaction at Uber,-54.12,Transportation,Professional,Scotiabank,CAD
2026-12-17,Tim Hortons,Scotiabank card transaction at Tim Hortons,-11.63,Coffee,Professional,Scotiabank,CAD
2026-12-20,RBC InvestEase,RBC InvestEase debit transaction,-676.03,Savings/Investments,Professional,Scotiabank,CAD
2026-12-28,Local Restaurant,Local Restaurant debit transaction,-130.19,Dining,Professional,Scotiabank,CAD
2026-12-29,GO Transit,GO Transit debit transaction,-57.35,Transportation,Professional,Scotiabank,CAD
2024-01-01,Loblaws,Groceries payment - Loblaws,-159.92,Groceries,Professional,TD,CAD
2024-01-01,Payroll Deposit,Payroll Deposit income deposit,7635.06,Income,Professional,TD,CAD
2024-01-02,Mortgage Payment,Housing payment - Mortgage Payment,-1871.51,Housing,Professional,TD,CAD
2024-01-03,Hydro One,TD card transaction at Hydro One,-178.76,Utilities,Professional,TD,CAD
2024-01-04,GO Transit,Transportation payment - GO Transit,-91.62,Transportation,Professional,TD,CAD
2024-01-06,LinkedIn Premium,LinkedIn Premium purchase,-59.99,Subscriptions,Professional,TD,CAD
2024-01-09,TFSA Transfer,TD card transaction at TFSA Transfer,-1160.26,Savings/Investments,Professional,TD,CAD
2024-01-10,Client Transfer,Direct deposit from Client Transfer,7768.38,Income,Professional,TD,CAD
2024-01-10,Hydro One,Hydro One debit transaction,-250.16,Utilities,Professional,TD,CAD
2024-01-11,Enbridge Gas,Enbridge Gas debit transaction,-172.35,Utilities,Professional,TD,CAD
2024-01-14,GO Transit,GO Transit purchase,-163.46,Transportation,Professional,TD,CAD
2024-01-15,LinkedIn Premium,TD card transaction at LinkedIn Premium,-21.52,Subscriptions,Professional,TD,CAD
2024-01-16,Sobeys,Groceries payment - Sobeys,-226.16,Groceries,Professional,TD,CAD
2024-01-18,Shell,Transportation payment - Shell,-14.58,Transportation,Professional,TD,CAD
2024-01-18,Uber,TD card transaction at Uber,-135.19,Transportation,Professional,TD,CAD
2024-01-20,Costco,Costco debit transaction,-92.01,Groceries,Professional,TD,CAD
2024-01-20,Wealthsimple,Savings/Investments payment - Wealthsimple,-233.66,Savings/Investments,Professional,TD,CAD
2024-01-22,Uber Eats,Dining payment - Uber Eats,-103.26,Dining,Professional,TD,CAD
2024-01-23,Condo Rent,Housing payment - Condo Rent,-2888.65,Housing,Professional,TD,CAD
2024-01-23,Uber,Transportation payment - Uber,-151.9,Transportation,Professional,TD,CAD
2024-01-25,Costco,Groceries payment - Costco,-53.68,Groceries,Professional,TD,CAD
2024-01-25,Shell,Shell purchase,-90.47,Transportation,Professional,TD,CAD
2024-01-27,Condo Rent,Condo Rent debit transaction,-2169.78,Housing,Professional,TD,CAD
2024-01-27,Enbridge Gas,Utilities payment - Enbridge Gas,-159.36,Utilities,Professional,TD,CAD
2024-01-27,Freshii,Freshii debit transaction,-81.8,Dining,Professional,TD,CAD
2024-01-29,Freshii,Freshii purchase,-133.98,Dining,Professional,TD,CAD
2024-01-30,Wealthsimple,Wealthsimple debit transaction,-369.14,Savings/Investments,Professional,TD,CAD
2024-02-01,Payroll Deposit,Direct deposit from Payroll Deposit,3797.44,Income,Professional,TD,CAD
2024-02-01,Shell,TD card transaction at Shell,-146.85,Transportation,Professional,TD,CAD
2024-02-02,Mortgage Payment,Mortgage Payment purchase,-2173.74,Housing,Professional,TD,CAD
2024-02-03,GO Transit,GO Transit debit transaction,-35.04,Transportation,Professional,TD,CAD
2024-02-05,Starbucks,Starbucks purchase,-17.65,Coffee,Professional,TD,CAD
2024-02-06,Loblaws,Groceries payment - Loblaws,-84.8,Groceries,Professional,TD,CAD
2024-02-08,Client Transfer,Client Transfer income deposit,4294.68,Income,Professional,TD,CAD
2024-02-10,Hydro One,TD card transaction at Hydro One,-216.75,Utilities,Professional,TD,CAD
2024-02-12,Sobeys,Sobeys purchase,-194.19,Groceries,Professional,TD,CAD
2024-02-13,Payroll Deposit,Direct deposit from Payroll Deposit,6015.51,Income,Professional,TD,CAD
2024-02-15,Enbridge Gas,Utilities payment - Enbridge Gas,-214.68,Utilities,Professional,TD,CAD
2024-02-15,LinkedIn Premium,LinkedIn Premium purchase,-62.47,Subscriptions,Professional,TD,CAD
2024-02-15,Mortgage Payment,Mortgage Payment purchase,-2650.85,Housing,Professional,TD,CAD
2024-02-17,Uber,Uber debit transaction,-87.63,Transportation,Professional,TD,CAD
2024-02-18,Uber,TD card transaction at Uber,-126.6,Transportation,Professional,TD,CAD
2024-02-22,Sobeys,TD card transaction at Sobeys,-176.0,Groceries,Professional,TD,CAD
2024-02-24,Payroll Deposit,Direct deposit from Payroll Deposit,5161.97,Income,Professional,TD,CAD
2024-02-25,Uber Eats,TD card transaction at Uber Eats,-155.05,Dining,Professional,TD,CAD
2024-02-25,Uber Eats,Dining payment - Uber Eats,-65.93,Dining,Professional,TD,CAD
2024-02-28,The Keg,The Keg debit transaction,-95.18,Dining,Professional,TD,CAD
2024-03-01,Client Transfer,Direct deposit from Client Transfer,7690.23,Income,Professional,TD,CAD
2024-03-01,Loblaws,TD card transaction at Loblaws,-171.5,Groceries,Professional,TD,CAD
2024-03-02,Mortgage Payment,Mortgage Payment purchase,-2374.93,Housing,Professional,TD,CAD
2024-03-02,Shell,Shell purchase,-20.68,Transportation,Professional,TD,CAD
2024-03-03,Petro Canada,TD card transaction at Petro Canada,-23.87,Transportation,Professional,TD,CAD
2024-03-03,Wealthsimple,Wealthsimple purchase,-431.2,Savings/Investments,Professional,TD,CAD
2024-03-04,Expedia,Expedia debit transaction,-401.99,Travel,Professional,TD,CAD
2024-03-05,Petro Canada,TD card transaction at Petro Canada,-65.71,Transportation,Professional,TD,CAD
2024-03-10,Bell Internet,TD card transaction at Bell Internet,-105.44,Utilities,Professional,TD,CAD
2024-03-11,Air Canada,Air Canada purchase,-437.96,Travel,Professional,TD,CAD
2024-03-12,Costco,Costco debit transaction,-220.49,Groceries,Professional,TD,CAD
2024-03-12,Mortgage Payment,TD card transaction at Mortgage Payment,-2560.72,Housing,Professional,TD,CAD
2024-03-13,Client Transfer,Direct deposit from Client Transfer,5303.03,Income,Professional,TD,CAD
2024-03-15,Adobe,Subscriptions payment - Adobe,-11.48,Subscriptions,Professional,TD,CAD
2024-03-15,Sobeys,Sobeys debit transaction,-45.73,Groceries,Professional,TD,CAD
2024-03-16,The Keg,Dining payment - The Keg,-96.61,Dining,Professional,TD,CAD
2024-03-18,RBC InvestEase,TD card transaction at RBC InvestEase,-758.24,Savings/Investments,Professional,TD,CAD
2024-03-21,Sobeys,Sobeys purchase,-216.25,Groceries,Professional,TD,CAD
2024-03-22,Client Transfer,Client Transfer income deposit,3534.33,Income,Professional,TD,CAD
2024-03-22,Shell,Shell debit transaction,-121.95,Transportation,Professional,TD,CAD
2024-03-25,Costco,Groceries payment - Costco,-120.52,Groceries,Professional,TD,CAD
2024-03-25,Uber Eats,Uber Eats debit transaction,-54.07,Dining,Professional,TD,CAD
2024-03-27,Costco,Costco purchase,-92.66,Groceries,Professional,TD,CAD
2024-03-27,Uber Eats,Uber Eats debit transaction,-59.81,Dining,Professional,TD,CAD
2024-03-28,Tim Hortons,Coffee payment - Tim Hortons,-5.36,Coffee,Professional,TD,CAD
2024-03-29,GO Transit,Transportation payment - GO Transit,-65.93,Transportation,Professional,TD,CAD
2024-04-01,Payroll Deposit,Direct deposit from Payroll Deposit,4867.65,Income,Professional,TD,CAD
2024-04-02,Mortgage Payment,TD card transaction at Mortgage Payment,-2068.38,Housing,Professional,TD,CAD
2024-04-02,Shell,Transportation payment - Shell,-147.06,Transportation,Professional,TD,CAD
2024-04-03,Tim Hortons,TD card transaction at Tim Hortons,-8.3,Coffee,Professional,TD,CAD
2024-04-10,Hydro One,Hydro One debit transaction,-71.81,Utilities,Professional,TD,CAD
2024-04-10,Loblaws,Loblaws purchase,-203.26,Groceries,Professional,TD,CAD
2024-04-11,Loblaws,Loblaws purchase,-80.61,Groceries,Professional,TD,CAD
2024-04-13,Condo Rent,Housing payment - Condo Rent,-1980.13,Housing,Professional,TD,CAD
2024-04-13,Expedia,TD card transaction at Expedia,-778.52,Travel,Professional,TD,CAD
2024-04-15,Condo Rent,Condo Rent debit transaction,-2454.87,Housing,Professional,TD,CAD
2024-04-15,Spotify,Subscriptions payment - Spotify,-10.34,Subscriptions,Professional,TD,CAD
2024-04-15,The Keg,The Keg debit transaction,-30.66,Dining,Professional,TD,CAD
2024-04-16,GO Transit,GO Transit debit transaction,-127.14,Transportation,Professional,TD,CAD
2024-04-18,Loblaws,Loblaws debit transaction,-206.93,Groceries,Professional,TD,CAD
2024-04-19,Sobeys,Sobeys purchase,-90.15,Groceries,Professional,TD,CAD
2024-04-19,Uber Eats,Uber Eats purchase,-33.17,Dining,Professional,TD,CAD
2024-04-20,RBC InvestEase,RBC InvestEase debit transaction,-667.29,Savings/Investments,Professional,TD,CAD
2024-04-22,Balzac's Coffee,TD card transaction at Balzac's Coffee,-5.61,Coffee,Professional,TD,CAD
2024-04-25,LinkedIn Premium,Subscriptions payment - LinkedIn Premium,-66.33,Subscriptions,Professional,TD,CAD
2024-04-25,Loblaws,TD card transaction at Loblaws,-122.74,Groceries,Professional,TD,CAD
2024-04-25,Tim Hortons,Tim Hortons purchase,-8.99,Coffee,Professional,TD,CAD
2024-04-28,Payroll Deposit,Direct deposit from Payroll Deposit,5593.18,Income,Professional,TD,CAD
2024-04-30,Condo Rent,Condo Rent debit transaction,-1792.51,Housing,Professional,TD,CAD
2024-05-01,Client Transfer,Direct deposit from Client Transfer,6995.12,Income,Professional,TD,CAD
2024-05-01,Local Restaurant,Local Restaurant purchase,-75.59,Dining,Professional,TD,CAD
2024-05-02,Condo Rent,Condo Rent debit transaction,-2897.4,Housing,Professional,TD,CAD
2024-05-06,Mortgage Payment,Mortgage Payment purchase,-1839.8,Housing,Professional,TD,CAD
2024-05-09,Loblaws,Loblaws debit transaction,-165.2,Groceries,Professional,TD,CAD
2024-05-10,Bell Internet,Bell Internet purchase,-195.23,Utilities,Professional,TD,CAD
2024-05-15,Netflix,TD card transaction at Netflix,-23.41,Subscriptions,Professional,TD,CAD
2024-05-19,Loblaws,Groceries payment - Loblaws,-222.6,Groceries,Professional,TD,CAD
2024-05-20,TFSA Transfer,TFSA Transfer purchase,-1062.24,Savings/Investments,Professional,TD,CAD
2024-05-21,Condo Rent,Condo Rent purchase,-2700.97,Housing,Professional,TD,CAD
2024-05-23,Uber,Uber purchase,-143.14,Transportation,Professional,TD,CAD
2024-05-24,Expedia,Expedia debit transaction,-683.46,Travel,Professional,TD,CAD
2024-05-24,RBC InvestEase,RBC InvestEase purchase,-271.62,Savings/Investments,Professional,TD,CAD
2024-05-24,The Keg,TD card transaction at The Keg,-116.16,Dining,Professional,TD,CAD
2024-05-27,The Keg,The Keg purchase,-155.34,Dining,Professional,TD,CAD
2024-05-27,Wealthsimple,Wealthsimple purchase,-1092.11,Savings/Investments,Professional,TD,CAD
2024-05-31,Shell,Shell purchase,-102.78,Transportation,Professional,TD,CAD
2024-06-01,Client Transfer,Client Transfer income deposit,6250.35,Income,Professional,TD,CAD
2024-06-02,Mortgage Payment,Mortgage Payment debit transaction,-2096.61,Housing,Professional,TD,CAD
2024-06-05,TFSA Transfer,Savings/Investments payment - TFSA Transfer,-670.54,Savings/Investments,Professional,TD,CAD
2024-06-07,Petro Canada,TD card transaction at Petro Canada,-144.64,Transportation,Professional,TD,CAD
2024-06-09,Petro Canada,Petro Canada debit transaction,-87.9,Transportation,Professional,TD,CAD
2024-06-10,Bell Internet,Bell Internet purchase,-175.23,Utilities,Professional,TD,CAD
2024-06-11,Adobe,Subscriptions payment - Adobe,-14.99,Subscriptions,Professional,TD,CAD
2024-06-13,Sobeys,TD card transaction at Sobeys,-81.66,Groceries,Professional,TD,CAD
2024-06-14,Petro Canada,Petro Canada purchase,-157.91,Transportation,Professional,TD,CAD
2024-06-14,The Keg,The Keg purchase,-143.15,Dining,Professional,TD,CAD
2024-06-14,Uber Eats,Dining payment - Uber Eats,-40.52,Dining,Professional,TD,CAD
2024-06-15,Spotify,Spotify purchase,-60.77,Subscriptions,Professional,TD,CAD
2024-06-20,RBC InvestEase,RBC InvestEase debit transaction,-1185.82,Savings/Investments,Professional,TD,CAD
2024-06-23,Tim Hortons,Tim Hortons debit transaction,-7.24,Coffee,Professional,TD,CAD
2024-06-24,Uber,Transportation payment - Uber,-45.79,Transportation,Professional,TD,CAD
2024-06-24,Uber Eats,Dining payment - Uber Eats,-92.45,Dining,Professional,TD,CAD
2024-06-28,Costco,Costco debit transaction,-140.53,Groceries,Professional,TD,CAD
2024-07-01,Balzac's Coffee,Balzac's Coffee debit transaction,-19.34,Coffee,Professional,TD,CAD
2024-07-01,Freshii,Dining payment - Freshii,-45.47,Dining,Professional,TD,CAD
2024-07-01,Payroll Deposit,Direct deposit from Payroll Deposit,4431.31,Income,Professional,TD,CAD
2024-07-02,Condo Rent,Condo Rent debit transaction,-1954.6,Housing,Professional,TD,CAD
2024-07-03,Sobeys,Sobeys purchase,-92.04,Groceries,Professional,TD,CAD
2024-07-04,Costco,TD card transaction at Costco,-213.09,Groceries,Professional,TD,CAD
2024-07-04,GO Transit,Transportation payment - GO Transit,-125.51,Transportation,Professional,TD,CAD
2024-07-04,Marriott,Marriott debit transaction,-355.71,Travel,Professional,TD,CAD
2024-07-07,GO Transit,Transportation payment - GO Transit,-77.15,Transportation,Professional,TD,CAD
2024-07-07,Payroll Deposit,Direct deposit from Payroll Deposit,6948.75,Income,Professional,TD,CAD
2024-07-09,Local Restaurant,TD card transaction at Local Restaurant,-101.24,Dining,Professional,TD,CAD
2024-07-09,Payroll Deposit,Direct deposit from Payroll Deposit,7294.94,Income,Professional,TD,CAD
2024-07-10,Enbridge Gas,Utilities payment - Enbridge Gas,-210.58,Utilities,Professional,TD,CAD
2024-07-13,Freshii,Freshii purchase,-134.18,Dining,Professional,TD,CAD
2024-07-14,Uber,Uber purchase,-120.98,Transportation,Professional,TD,CAD
2024-07-15,Spotify,Spotify debit transaction,-34.11,Subscriptions,Professional,TD,CAD
2024-07-19,GO Transit,GO Transit debit transaction,-48.55,Transportation,Professional,TD,CAD
2024-07-19,Tim Hortons,Tim Hortons purchase,-10.53,Coffee,Professional,TD,CAD
2024-07-19,Wealthsimple,TD card transaction at Wealthsimple,-721.73,Savings/Investments,Professional,TD,CAD
2024-07-20,Wealthsimple,Savings/Investments payment - Wealthsimple,-276.29,Savings/Investments,Professional,TD,CAD
2024-07-22,Local Restaurant,TD card transaction at Local Restaurant,-31.64,Dining,Professional,TD,CAD
2024-07-24,Uber Eats,TD card transaction at Uber Eats,-120.37,Dining,Professional,TD,CAD
2024-07-25,Air Canada,Travel payment - Air Canada,-947.96,Travel,Professional,TD,CAD
2024-07-26,Costco,TD card transaction at Costco,-190.55,Groceries,Professional,TD,CAD
2024-07-26,Payroll Deposit,Direct deposit from Payroll Deposit,6517.17,Income,Professional,TD,CAD
2024-07-30,Balzac's Coffee,Balzac's Coffee debit transaction,-14.04,Coffee,Professional,TD,CAD
2024-07-30,Condo Rent,TD card transaction at Condo Rent,-1594.02,Housing,Professional,TD,CAD
2024-08-01,Client Transfer,Direct deposit from Client Transfer,3630.02,Income,Professional,TD,CAD
2024-08-02,Mortgage Payment,Housing payment - Mortgage Payment,-2278.8,Housing,Professional,TD,CAD
2024-08-06,Uber,Uber debit transaction,-49.01,Transportation,Professional,TD,CAD
2024-08-07,Uber,Uber debit transaction,-58.61,Transportation,Professional,TD,CAD
2024-08-10,Bell Internet,Bell Internet purchase,-256.04,Utilities,Professional,TD,CAD
2024-08-13,Payroll Deposit,Payroll Deposit income deposit,5091.48,Income,Professional,TD,CAD
2024-08-14,Hydro One,Hydro One debit transaction,-231.89,Utilities,Professional,TD,CAD
2024-08-15,Condo Rent,Housing payment - Condo Rent,-2338.37,Housing,Professional,TD,CAD
2024-08-15,LinkedIn Premium,LinkedIn Premium debit transaction,-50.21,Subscriptions,Professional,TD,CAD
2024-08-16,Balzac's Coffee,Balzac's Coffee debit transaction,-12.25,Coffee,Professional,TD,CAD
2024-08-16,Starbucks,TD card transaction at Starbucks,-12.66,Coffee,Professional,TD,CAD
2024-08-18,GO Transit,GO Transit purchase,-85.35,Transportation,Professional,TD,CAD
2024-08-18,Loblaws,Loblaws purchase,-225.9,Groceries,Professional,TD,CAD
2024-08-20,TFSA Transfer,TFSA Transfer debit transaction,-534.97,Savings/Investments,Professional,TD,CAD
2024-08-21,Shell,Transportation payment - Shell,-53.69,Transportation,Professional,TD,CAD
2024-08-24,GO Transit,GO Transit debit transaction,-42.95,Transportation,Professional,TD,CAD
2024-08-25,Balzac's Coffee,Balzac's Coffee purchase,-18.82,Coffee,Professional,TD,CAD
2024-08-26,Sobeys,TD card transaction at Sobeys,-199.26,Groceries,Professional,TD,CAD
2024-08-29,Local Restaurant,TD card transaction at Local Restaurant,-32.21,Dining,Professional,TD,CAD
2024-08-30,Hydro One,Utilities payment - Hydro One,-142.88,Utilities,Professional,TD,CAD
2024-08-30,The Keg,TD card transaction at The Keg,-18.01,Dining,Professional,TD,CAD
2024-09-01,Client Transfer,Direct deposit from Client Transfer,6364.42,Income,Professional,TD,CAD
2024-09-02,Mortgage Payment,Housing payment - Mortgage Payment,-1720.36,Housing,Professional,TD,CAD
2024-09-02,Shell,Shell purchase,-80.12,Transportation,Professional,TD,CAD
2024-09-03,The Keg,The Keg debit transaction,-76.94,Dining,Professional,TD,CAD
2024-09-08,Local Restaurant,Local Restaurant debit transaction,-55.79,Dining,Professional,TD,CAD
2024-09-09,Hydro One,TD card transaction at Hydro One,-236.11,Utilities,Professional,TD,CAD
2024-09-09,Petro Canada,TD card transaction at Petro Canada,-53.12,Transportation,Professional,TD,CAD
2024-09-10,Costco,TD card transaction at Costco,-96.6,Groceries,Professional,TD,CAD
2024-09-11,Starbucks,TD card transaction at Starbucks,-19.69,Coffee,Professional,TD,CAD
2024-09-13,Loblaws,Loblaws purchase,-78.42,Groceries,Professional,TD,CAD
2024-09-14,Petro Canada,Petro Canada debit transaction,-108.53,Transportation,Professional,TD,CAD
2024-09-15,Condo Rent,Condo Rent debit transaction,-1979.65,Housing,Professional,TD,CAD
2024-09-15,Netflix,Netflix debit transaction,-36.38,Subscriptions,Professional,TD,CAD
2024-09-16,Uber Eats,Dining payment - Uber Eats,-31.95,Dining,Professional,TD,CAD
2024-09-18,Sobeys,Sobeys debit transaction,-178.47,Groceries,Professional,TD,CAD
2024-09-19,Mortgage Payment,Mortgage Payment purchase,-2580.85,Housing,Professional,TD,CAD
2024-09-20,Condo Rent,Condo Rent debit transaction,-1956.09,Housing,Professional,TD,CAD
2024-09-20,TFSA Transfer,Savings/Investments payment - TFSA Transfer,-1123.61,Savings/Investments,Professional,TD,CAD
2024-09-21,LinkedIn Premium,LinkedIn Premium debit transaction,-50.38,Subscriptions,Professional,TD,CAD
2024-09-21,Uber,Uber purchase,-75.15,Transportation,Professional,TD,CAD
2024-09-22,Enbridge Gas,Enbridge Gas debit transaction,-115.24,Utilities,Professional,TD,CAD
2024-10-01,Payroll Deposit,Direct deposit from Payroll Deposit,4256.79,Income,Professional,TD,CAD
2024-10-02,Mortgage Payment,TD card transaction at Mortgage Payment,-1964.91,Housing,Professional,TD,CAD
2024-10-04,Payroll Deposit,Payroll Deposit income deposit,6781.71,Income,Professional,TD,CAD
2024-10-04,Tim Hortons,Coffee payment - Tim Hortons,-14.02,Coffee,Professional,TD,CAD
2024-10-10,Hydro One,Hydro One purchase,-142.68,Utilities,Professional,TD,CAD
2024-10-11,Payroll Deposit,Direct deposit from Payroll Deposit,3847.92,Income,Professional,TD,CAD
2024-10-15,Spotify,Spotify purchase,-43.67,Subscriptions,Professional,TD,CAD
2024-10-16,Costco,Groceries payment - Costco,-222.32,Groceries,Professional,TD,CAD
2024-10-17,Starbucks,Starbucks debit transaction,-12.62,Coffee,Professional,TD,CAD
2024-10-18,The Keg,The Keg purchase,-66.15,Dining,Professional,TD,CAD
2024-10-18,Uber,TD card transaction at Uber,-128.06,Transportation,Professional,TD,CAD
2024-10-19,Client Transfer,Direct deposit from Client Transfer,6895.12,Income,Professional,TD,CAD
2024-10-20,RBC InvestEase,RBC InvestEase debit transaction,-1150.95,Savings/Investments,Professional,TD,CAD
2024-10-20,Starbucks,Starbucks debit transaction,-5.18,Coffee,Professional,TD,CAD
2024-10-20,Wealthsimple,Savings/Investments payment - Wealthsimple,-906.97,Savings/Investments,Professional,TD,CAD
2024-10-25,Sobeys,Groceries payment - Sobeys,-192.89,Groceries,Professional,TD,CAD
2024-10-26,Starbucks,Starbucks debit transaction,-7.85,Coffee,Professional,TD,CAD
2024-10-26,Starbucks,TD card transaction at Starbucks,-17.6,Coffee,Professional,TD,CAD
2024-10-31,Wealthsimple,Savings/Investments payment - Wealthsimple,-824.18,Savings/Investments,Professional,TD,CAD
2024-11-01,Client Transfer,Client Transfer income deposit,3957.32,Income,Professional,TD,CAD
2024-11-01,Costco,Costco purchase,-107.89,Groceries,Professional,TD,CAD
2024-11-02,Freshii,Freshii purchase,-120.13,Dining,Professional,TD,CAD
2024-11-02,Mortgage Payment,TD card transaction at Mortgage Payment,-2187.59,Housing,Professional,TD,CAD
2024-11-02,Petro Canada,Transportation payment - Petro Canada,-85.84,Transportation,Professional,TD,CAD
2024-11-02,Sobeys,Sobeys purchase,-197.11,Groceries,Professional,TD,CAD
2024-11-03,The Keg,The Keg debit transaction,-116.92,Dining,Professional,TD,CAD
2024-11-04,The Keg,The Keg purchase,-103.62,Dining,Professional,TD,CAD
2024-11-05,Petro Canada,Petro Canada debit transaction,-66.44,Transportation,Professional,TD,CAD
2024-11-07,Costco,Groceries payment - Costco,-87.27,Groceries,Professional,TD,CAD
2024-11-07,Sobeys,TD card transaction at Sobeys,-205.59,Groceries,Professional,TD,CAD
2024-11-08,Marriott,Marriott debit transaction,-829.84,Travel,Professional,TD,CAD
2024-11-09,Tim Hortons,Tim Hortons purchase,-16.54,Coffee,Professional,TD,CAD
2024-11-10,Marriott,Travel payment - Marriott,-216.83,Travel,Professional,TD,CAD
2024-11-11,Freshii,Dining payment - Freshii,-113.45,Dining,Professional,TD,CAD
2024-11-12,The Keg,The Keg purchase,-25.58,Dining,Professional,TD,CAD
2024-11-15,GO Transit,GO Transit debit transaction,-130.39,Transportation,Professional,TD,CAD
2024-11-15,Netflix,Netflix purchase,-53.03,Subscriptions,Professional,TD,CAD
2024-11-17,LinkedIn Premium,LinkedIn Premium debit transaction,-69.49,Subscriptions,Professional,TD,CAD
2024-11-17,Shell,Shell purchase,-61.63,Transportation,Professional,TD,CAD
2024-11-18,Uber Eats,Uber Eats debit transaction,-103.25,Dining,Professional,TD,CAD
2024-11-23,Costco,Costco purchase,-213.26,Groceries,Professional,TD,CAD
2024-11-23,Starbucks,Starbucks debit transaction,-11.69,Coffee,Professional,TD,CAD
2024-11-25,Costco,TD card transaction at Costco,-66.23,Groceries,Professional,TD,CAD
2024-11-25,Freshii,TD card transaction at Freshii,-55.03,Dining,Professional,TD,CAD
2024-11-30,Local Restaurant,Local Restaurant debit transaction,-75.86,Dining,Professional,TD,CAD
2024-12-01,Payroll Deposit,Payroll Deposit income deposit,6529.94,Income,Professional,TD,CAD
2024-12-02,Condo Rent,Condo Rent purchase,-2375.02,Housing,Professional,TD,CAD
2024-12-02,RBC InvestEase,TD card transaction at RBC InvestEase,-812.0,Savings/Investments,Professional,TD,CAD
2024-12-05,Mortgage Payment,Housing payment - Mortgage Payment,-2354.13,Housing,Professional,TD,CAD
2024-12-08,Loblaws,Loblaws debit transaction,-202.16,Groceries,Professional,TD,CAD
2024-12-10,Freshii,Freshii debit transaction,-129.49,Dining,Professional,TD,CAD
2024-12-10,Hydro One,Hydro One debit transaction,-139.09,Utilities,Professional,TD,CAD
2024-12-12,Starbucks,Starbucks debit transaction,-14.2,Coffee,Professional,TD,CAD
2024-12-13,Loblaws,Loblaws purchase,-90.98,Groceries,Professional,TD,CAD
2024-12-15,Adobe,Adobe purchase,-60.2,Subscriptions,Professional,TD,CAD
2024-12-20,Sobeys,Groceries payment - Sobeys,-147.61,Groceries,Professional,TD,CAD
2024-12-23,Enbridge Gas,Enbridge Gas purchase,-179.16,Utilities,Professional,TD,CAD
2024-12-24,Condo Rent,TD card transaction at Condo Rent,-1682.07,Housing,Professional,TD,CAD
2024-12-26,Sobeys,TD card transaction at Sobeys,-144.78,Groceries,Professional,TD,CAD
2024-12-28,Wealthsimple,Savings/Investments payment - Wealthsimple,-911.24,Savings/Investments,Professional,TD,CAD
2024-12-30,Condo Rent,Housing payment - Condo Rent,-2783.34,Housing,Professional,TD,CAD
2025-01-01,Freshii,TD card transaction at Freshii,-94.55,Dining,Professional,TD,CAD
2025-01-01,Hydro One,Utilities payment - Hydro One,-87.85,Utilities,Professional,TD,CAD
2025-01-01,Payroll Deposit,Payroll Deposit income deposit,6813.8,Income,Professional,TD,CAD
2025-01-02,Costco,Groceries payment - Costco,-212.88,Groceries,Professional,TD,CAD
2025-01-02,Mortgage Payment,Mortgage Payment purchase,-2280.54,Housing,Professional,TD,CAD
2025-01-03,The Keg,The Keg debit transaction,-64.49,Dining,Professional,TD,CAD
2025-01-08,Loblaws,Groceries payment - Loblaws,-146.06,Groceries,Professional,TD,CAD
2025-01-09,Mortgage Payment,Housing payment - Mortgage Payment,-2216.38,Housing,Professional,TD,CAD
2025-01-10,Bell Internet,TD card transaction at Bell Internet,-103.22,Utilities,Professional,TD,CAD
2025-01-12,Balzac's Coffee,TD card transaction at Balzac's Coffee,-14.78,Coffee,Professional,TD,CAD
2025-01-15,Adobe,TD card transaction at Adobe,-52.14,Subscriptions,Professional,TD,CAD
2025-01-19,Local Restaurant,Local Restaurant debit transaction,-122.01,Dining,Professional,TD,CAD
2025-01-20,Loblaws,Loblaws purchase,-62.39,Groceries,Professional,TD,CAD
2025-01-20,Payroll Deposit,Payroll Deposit income deposit,6912.17,Income,Professional,TD,CAD
2025-01-20,TFSA Transfer,TD card transaction at TFSA Transfer,-1038.44,Savings/Investments,Professional,TD,CAD
2025-01-22,Loblaws,Loblaws purchase,-133.45,Groceries,Professional,TD,CAD
2025-01-22,Starbucks,Starbucks debit transaction,-6.89,Coffee,Professional,TD,CAD
2025-01-22,Uber,Transportation payment - Uber,-166.05,Transportation,Professional,TD,CAD
2025-01-24,Condo Rent,TD card transaction at Condo Rent,-2319.79,Housing,Professional,TD,CAD
2025-01-26,Mortgage Payment,Housing payment - Mortgage Payment,-2062.89,Housing,Professional,TD,CAD
2025-01-28,GO Transit,TD card transaction at GO Transit,-138.14,Transportation,Professional,TD,CAD
2025-01-28,Sobeys,Sobeys purchase,-116.19,Groceries,Professional,TD,CAD
2025-01-30,Local Restaurant,Local Restaurant purchase,-115.52,Dining,Professional,TD,CAD
2025-01-31,GO Transit,GO Transit debit transaction,-32.05,Transportation,Professional,TD,CAD
2025-02-01,Payroll Deposit,Direct deposit from Payroll Deposit,4504.4,Income,Professional,TD,CAD
2025-02-02,Condo Rent,TD card transaction at Condo Rent,-1572.62,Housing,Professional,TD,CAD
2025-02-03,Client Transfer,Client Transfer income deposit,3561.59,Income,Professional,TD,CAD
2025-02-06,GO Transit,TD card transaction at GO Transit,-154.16,Transportation,Professional,TD,CAD
2025-02-07,Loblaws,Loblaws debit transaction,-50.11,Groceries,Professional,TD,CAD
2025-02-08,Sobeys,Groceries payment - Sobeys,-132.28,Groceries,Professional,TD,CAD
2025-02-10,Hydro One,TD card transaction at Hydro One,-209.89,Utilities,Professional,TD,CAD
2025-02-12,Uber,Uber purchase,-94.89,Transportation,Professional,TD,CAD
2025-02-13,Condo Rent,TD card transaction at Condo Rent,-2345.11,Housing,Professional,TD,CAD
2025-02-15,Costco,TD card transaction at Costco,-119.19,Groceries,Professional,TD,CAD
2025-02-15,Spotify,Subscriptions payment - Spotify,-39.94,Subscriptions,Professional,TD,CAD
2025-02-16,The Keg,The Keg purchase,-130.25,Dining,Professional,TD,CAD
2025-02-18,Wealthsimple,Savings/Investments payment - Wealthsimple,-1088.87,Savings/Investments,Professional,TD,CAD
2025-02-19,Petro Canada,Petro Canada purchase,-16.84,Transportation,Professional,TD,CAD
2025-02-19,Sobeys,Sobeys debit transaction,-114.76,Groceries,Professional,TD,CAD
2025-02-20,Wealthsimple,TD card transaction at Wealthsimple,-1017.79,Savings/Investments,Professional,TD,CAD
2025-02-21,Balzac's Coffee,Coffee payment - Balzac's Coffee,-11.92,Coffee,Professional,TD,CAD
2025-02-22,Freshii,Freshii purchase,-74.6,Dining,Professional,TD,CAD
2025-02-23,Sobeys,Groceries payment - Sobeys,-62.87,Groceries,Professional,TD,CAD
2025-02-23,Uber,Uber debit transaction,-15.92,Transportation,Professional,TD,CAD
2025-02-25,Uber,TD card transaction at Uber,-146.69,Transportation,Professional,TD,CAD
2025-02-26,Loblaws,Groceries payment - Loblaws,-66.94,Groceries,Professional,TD,CAD
2025-02-27,TFSA Transfer,TD card transaction at TFSA Transfer,-752.88,Savings/Investments,Professional,TD,CAD
2025-02-27,The Keg,The Keg debit transaction,-63.46,Dining,Professional,TD,CAD
2025-02-28,The Keg,Dining payment - The Keg,-89.82,Dining,Professional,TD,CAD
2025-03-01,Payroll Deposit,Direct deposit from Payroll Deposit,6344.22,Income,Professional,TD,CAD
2025-03-02,Condo Rent,Housing payment - Condo Rent,-2016.92,Housing,Professional,TD,CAD
2025-03-02,Mortgage Payment,TD card transaction at Mortgage Payment,-2788.71,Housing,Professional,TD,CAD
2025-03-05,Starbucks,TD card transaction at Starbucks,-6.9,Coffee,Professional,TD,CAD
2025-03-06,Loblaws,TD card transaction at Loblaws,-158.1,Groceries,Professional,TD,CAD
2025-03-06,Local Restaurant,TD card transaction at Local Restaurant,-73.25,Dining,Professional,TD,CAD
2025-03-07,GO Transit,Transportation payment - GO Transit,-57.29,Transportation,Professional,TD,CAD
2025-03-09,Sobeys,Sobeys purchase,-178.47,Groceries,Professional,TD,CAD
2025-03-10,Bell Internet,Utilities payment - Bell Internet,-161.38,Utilities,Professional,TD,CAD
2025-03-10,LinkedIn Premium,LinkedIn Premium purchase,-67.51,Subscriptions,Professional,TD,CAD
2025-03-11,The Keg,TD card transaction at The Keg,-32.52,Dining,Professional,TD,CAD
2025-03-12,Marriott,TD card transaction at Marriott,-602.57,Travel,Professional,TD,CAD
2025-03-13,The Keg,The Keg debit transaction,-141.3,Dining,Professional,TD,CAD
2025-03-18,Sobeys,Sobeys purchase,-111.34,Groceries,Professional,TD,CAD
2025-03-20,Marriott,Travel payment - Marriott,-724.46,Travel,Professional,TD,CAD
2025-03-20,Wealthsimple,TD card transaction at Wealthsimple,-943.79,Savings/Investments,Professional,TD,CAD
2025-03-22,GO Transit,GO Transit purchase,-111.67,Transportation,Professional,TD,CAD
2025-03-25,Balzac's Coffee,Coffee payment - Balzac's Coffee,-9.38,Coffee,Professional,TD,CAD
2025-03-25,Condo Rent,Condo Rent purchase,-2131.81,Housing,Professional,TD,CAD
2025-03-27,Expedia,Expedia debit transaction,-891.91,Travel,Professional,TD,CAD
2025-03-27,Loblaws,Loblaws debit transaction,-213.93,Groceries,Professional,TD,CAD
2025-03-30,Bell Internet,Utilities payment - Bell Internet,-183.45,Utilities,Professional,TD,CAD
2025-04-01,Client Transfer,Direct deposit from Client Transfer,3234.97,Income,Professional,TD,CAD
2025-04-02,Condo Rent,TD card transaction at Condo Rent,-2833.82,Housing,Professional,TD,CAD
2025-04-02,Hydro One,TD card transaction at Hydro One,-120.85,Utilities,Professional,TD,CAD
2025-04-07,Mortgage Payment,Mortgage Payment purchase,-2095.21,Housing,Professional,TD,CAD
2025-04-07,Tim Hortons,Coffee payment - Tim Hortons,-8.92,Coffee,Professional,TD,CAD
2025-04-08,Uber Eats,Dining payment - Uber Eats,-81.52,Dining,Professional,TD,CAD
2025-04-10,Bell Internet,Bell Internet purchase,-113.11,Utilities,Professional,TD,CAD
2025-04-11,Uber Eats,TD card transaction at Uber Eats,-46.73,Dining,Professional,TD,CAD
2025-04-15,Netflix,Subscriptions payment - Netflix,-46.5,Subscriptions,Professional,TD,CAD
2025-04-16,Balzac's Coffee,Balzac's Coffee debit transaction,-4.75,Coffee,Professional,TD,CAD
2025-04-16,Sobeys,Groceries payment - Sobeys,-219.42,Groceries,Professional,TD,CAD
2025-04-20,Wealthsimple,Savings/Investments payment - Wealthsimple,-157.06,Savings/Investments,Professional,TD,CAD
2025-04-22,Client Transfer,Direct deposit from Client Transfer,5992.03,Income,Professional,TD,CAD
2025-04-23,Adobe,Subscriptions payment - Adobe,-67.79,Subscriptions,Professional,TD,CAD
2025-04-24,The Keg,The Keg debit transaction,-69.99,Dining,Professional,TD,CAD
2025-04-25,GO Transit,TD card transaction at GO Transit,-40.02,Transportation,Professional,TD,CAD
2025-04-26,Tim Hortons,Tim Hortons purchase,-5.38,Coffee,Professional,TD,CAD
2025-04-27,Balzac's Coffee,TD card transaction at Balzac's Coffee,-13.31,Coffee,Professional,TD,CAD
2025-04-27,The Keg,Dining payment - The Keg,-85.57,Dining,Professional,TD,CAD
2025-04-29,Costco,Costco purchase,-225.63,Groceries,Professional,TD,CAD
2025-05-01,Client Transfer,Client Transfer income deposit,3948.83,Income,Professional,TD,CAD
2025-05-02,Condo Rent,Condo Rent purchase,-2637.39,Housing,Professional,TD,CAD
2025-05-02,Netflix,TD card transaction at Netflix,-24.91,Subscriptions,Professional,TD,CAD
2025-05-10,Enbridge Gas,Enbridge Gas purchase,-82.91,Utilities,Professional,TD,CAD
2025-05-14,Loblaws,Loblaws purchase,-198.52,Groceries,Professional,TD,CAD
2025-05-15,Netflix,Netflix debit transaction,-62.11,Subscriptions,Professional,TD,CAD
2025-05-16,Enbridge Gas,Enbridge Gas debit transaction,-108.75,Utilities,Professional,TD,CAD
2025-05-18,Air Canada,Travel payment - Air Canada,-695.32,Travel,Professional,TD,CAD
2025-05-18,Loblaws,Groceries payment - Loblaws,-99.51,Groceries,Professional,TD,CAD
2025-05-18,Local Restaurant,Local Restaurant debit transaction,-18.05,Dining,Professional,TD,CAD
2025-05-18,Payroll Deposit,Direct deposit from Payroll Deposit,5126.42,Income,Professional,TD,CAD
2025-05-20,Balzac's Coffee,Balzac's Coffee purchase,-12.75,Coffee,Professional,TD,CAD
2025-05-20,GO Transit,Transportation payment - GO Transit,-26.46,Transportation,Professional,TD,CAD
2025-05-20,Starbucks,Starbucks purchase,-16.93,Coffee,Professional,TD,CAD
2025-05-20,Wealthsimple,Wealthsimple debit transaction,-226.39,Savings/Investments,Professional,TD,CAD
2025-05-24,Freshii,TD card transaction at Freshii,-94.87,Dining,Professional,TD,CAD
2025-05-24,Freshii,Dining payment - Freshii,-154.96,Dining,Professional,TD,CAD
2025-05-26,Costco,Groceries payment - Costco,-126.14,Groceries,Professional,TD,CAD
2025-05-26,Freshii,TD card transaction at Freshii,-43.24,Dining,Professional,TD,CAD
2025-05-26,Freshii,Dining payment - Freshii,-142.38,Dining,Professional,TD,CAD
2025-05-27,Tim Hortons,Coffee payment - Tim Hortons,-18.23,Coffee,Professional,TD,CAD
2025-05-28,Loblaws,Groceries payment - Loblaws,-199.5,Groceries,Professional,TD,CAD
2025-06-01,Payroll Deposit,Payroll Deposit income deposit,7195.03,Income,Professional,TD,CAD
2025-06-02,Condo Rent,Housing payment - Condo Rent,-2128.61,Housing,Professional,TD,CAD
2025-06-03,Spotify,Spotify purchase,-62.84,Subscriptions,Professional,TD,CAD
2025-06-07,Air Canada,Air Canada debit transaction,-1068.96,Travel,Professional,TD,CAD
2025-06-10,Enbridge Gas,TD card transaction at Enbridge Gas,-186.84,Utilities,Professional,TD,CAD
2025-06-10,Tim Hortons,TD card transaction at Tim Hortons,-17.62,Coffee,Professional,TD,CAD
2025-06-11,Loblaws,Groceries payment - Loblaws,-51.59,Groceries,Professional,TD,CAD
2025-06-12,Marriott,Marriott purchase,-529.3,Travel,Professional,TD,CAD
2025-06-12,Uber,Uber debit transaction,-157.24,Transportation,Professional,TD,CAD
2025-06-14,Client Transfer,Client Transfer income deposit,5454.13,Income,Professional,TD,CAD
2025-06-15,Netflix,Netflix debit transaction,-62.35,Subscriptions,Professional,TD,CAD
2025-06-20,Balzac's Coffee,Coffee payment - Balzac's Coffee,-10.17,Coffee,Professional,TD,CAD
2025-06-20,TFSA Transfer,TFSA Transfer purchase,-923.9,Savings/Investments,Professional,TD,CAD
2025-06-23,Balzac's Coffee,Coffee payment - Balzac's Coffee,-6.31,Coffee,Professional,TD,CAD
2025-06-24,Balzac's Coffee,Balzac's Coffee debit transaction,-14.91,Coffee,Professional,TD,CAD
2025-06-24,Condo Rent,Housing payment - Condo Rent,-1995.66,Housing,Professional,TD,CAD
2025-06-26,GO Transit,Transportation payment - GO Transit,-53.42,Transportation,Professional,TD,CAD
2025-06-26,Marriott,Marriott purchase,-239.5,Travel,Professional,TD,CAD
2025-07-01,Client Transfer,Direct deposit from Client Transfer,3471.33,Income,Professional,TD,CAD
2025-07-01,Tim Hortons,Tim Hortons debit transaction,-16.27,Coffee,Professional,TD,CAD
2025-07-02,Mortgage Payment,Housing payment - Mortgage Payment,-1689.93,Housing,Professional,TD,CAD
2025-07-02,Petro Canada,Petro Canada debit transaction,-125.49,Transportation,Professional,TD,CAD
2025-07-06,Tim Hortons,Tim Hortons debit transaction,-15.79,Coffee,Professional,TD,CAD
2025-07-08,Costco,Groceries payment - Costco,-96.17,Groceries,Professional,TD,CAD
2025-07-10,Bell Internet,Bell Internet purchase,-121.71,Utilities,Professional,TD,CAD
2025-07-11,Air Canada,Air Canada purchase,-1062.89,Travel,Professional,TD,CAD
2025-07-11,Wealthsimple,Wealthsimple purchase,-1105.51,Savings/Investments,Professional,TD,CAD
2025-07-14,Mortgage Payment,Mortgage Payment purchase,-1934.84,Housing,Professional,TD,CAD
2025-07-15,Spotify,Spotify debit transaction,-72.18,Subscriptions,Professional,TD,CAD
2025-07-15,Tim Hortons,TD card transaction at Tim Hortons,-8.17,Coffee,Professional,TD,CAD
2025-07-15,Uber Eats,Uber Eats purchase,-53.0,Dining,Professional,TD,CAD
2025-07-17,Tim Hortons,Tim Hortons purchase,-14.64,Coffee,Professional,TD,CAD
2025-07-21,GO Transit,Transportation payment - GO Transit,-39.74,Transportation,Professional,TD,CAD
2025-07-22,Petro Canada,Petro Canada debit transaction,-43.33,Transportation,Professional,TD,CAD
2025-07-23,Hydro One,Hydro One debit transaction,-75.5,Utilities,Professional,TD,CAD
2025-07-26,Mortgage Payment,Housing payment - Mortgage Payment,-2394.43,Housing,Professional,TD,CAD
2025-07-26,Starbucks,Starbucks debit transaction,-18.4,Coffee,Professional,TD,CAD
2025-07-28,Condo Rent,Condo Rent debit transaction,-1536.83,Housing,Professional,TD,CAD
2025-07-29,Petro Canada,Petro Canada debit transaction,-127.27,Transportation,Professional,TD,CAD
2025-08-01,Balzac's Coffee,Balzac's Coffee purchase,-4.92,Coffee,Professional,TD,CAD
2025-08-01,Payroll Deposit,Payroll Deposit income deposit,7255.17,Income,Professional,TD,CAD
2025-08-01,Petro Canada,Petro Canada debit transaction,-102.22,Transportation,Professional,TD,CAD
2025-08-01,Shell,Shell debit transaction,-31.04,Transportation,Professional,TD,CAD
2025-08-01,Starbucks,Starbucks debit transaction,-12.97,Coffee,Professional,TD,CAD
2025-08-02,Condo Rent,Condo Rent debit transaction,-2631.54,Housing,Professional,TD,CAD
2025-08-03,Petro Canada,Petro Canada debit transaction,-20.76,Transportation,Professional,TD,CAD
2025-08-05,Mortgage Payment,Housing payment - Mortgage Payment,-2342.72,Housing,Professional,TD,CAD
2025-08-06,GO Transit,Transportation payment - GO Transit,-107.37,Transportation,Professional,TD,CAD
2025-08-10,Hydro One,TD card transaction at Hydro One,-108.51,Utilities,Professional,TD,CAD
2025-08-11,Starbucks,TD card transaction at Starbucks,-15.24,Coffee,Professional,TD,CAD
2025-08-13,Marriott,Marriott purchase,-711.82,Travel,Professional,TD,CAD
2025-08-16,Uber Eats,Dining payment - Uber Eats,-122.67,Dining,Professional,TD,CAD
2025-08-18,Freshii,TD card transaction at Freshii,-55.88,Dining,Professional,TD,CAD
2025-08-18,Starbucks,Starbucks debit transaction,-7.78,Coffee,Professional,TD,CAD
2025-08-19,Air Canada,Air Canada debit transaction,-261.12,Travel,Professional,TD,CAD
2025-08-19,Client Transfer,Client Transfer income deposit,4341.91,Income,Professional,TD,CAD
2025-08-19,Sobeys,Groceries payment - Sobeys,-178.61,Groceries,Professional,TD,CAD
2025-08-22,Uber,Transportation payment - Uber,-132.04,Transportation,Professional,TD,CAD
2025-08-23,LinkedIn Premium,Subscriptions payment - LinkedIn Premium,-30.19,Subscriptions,Professional,TD,CAD
2025-08-24,Wealthsimple,Savings/Investments payment - Wealthsimple,-757.53,Savings/Investments,Professional,TD,CAD
2025-08-26,Air Canada,Air Canada purchase,-265.49,Travel,Professional,TD,CAD
2025-08-26,Costco,Costco purchase,-58.06,Groceries,Professional,TD,CAD
2025-08-27,Client Transfer,Direct deposit from Client Transfer,3645.73,Income,Professional,TD,CAD
2025-08-28,Balzac's Coffee,Balzac's Coffee purchase,-14.25,Coffee,Professional,TD,CAD
2025-08-29,GO Transit,GO Transit debit transaction,-39.97,Transportation,Professional,TD,CAD
2025-08-30,Adobe,Adobe purchase,-45.04,Subscriptions,Professional,TD,CAD
2025-08-31,Sobeys,Sobeys purchase,-187.54,Groceries,Professional,TD,CAD
2025-09-01,Payroll Deposit,Payroll Deposit income deposit,6700.59,Income,Professional,TD,CAD
2025-09-01,The Keg,TD card transaction at The Keg,-156.87,Dining,Professional,TD,CAD
2025-09-02,Mortgage Payment,Mortgage Payment purchase,-2640.54,Housing,Professional,TD,CAD
2025-09-06,Loblaws,Loblaws debit transaction,-169.3,Groceries,Professional,TD,CAD
2025-09-09,Mortgage Payment,Housing payment - Mortgage Payment,-1920.33,Housing,Professional,TD,CAD
2025-09-10,Bell Internet,TD card transaction at Bell Internet,-77.44,Utilities,Professional,TD,CAD
2025-09-15,Adobe,Adobe purchase,-16.01,Subscriptions,Professional,TD,CAD
2025-09-15,Netflix,Netflix debit transaction,-16.87,Subscriptions,Professional,TD,CAD
2025-09-17,Costco,Groceries payment - Costco,-113.12,Groceries,Professional,TD,CAD
2025-09-20,Expedia,Travel payment - Expedia,-1092.9,Travel,Professional,TD,CAD
2025-09-20,RBC InvestEase,RBC InvestEase debit transaction,-209.52,Savings/Investments,Professional,TD,CAD
2025-09-21,Uber,Uber debit transaction,-135.12,Transportation,Professional,TD,CAD
2025-09-23,Sobeys,TD card transaction at Sobeys,-175.13,Groceries,Professional,TD,CAD
2025-09-24,Bell Internet,Bell Internet debit transaction,-172.07,Utilities,Professional,TD,CAD
2025-09-26,Condo Rent,Condo Rent purchase,-1829.3,Housing,Professional,TD,CAD
2025-09-28,Uber,Uber purchase,-15.61,Transportation,Professional,TD,CAD
2025-09-29,Adobe,Adobe purchase,-47.13,Subscriptions,Professional,TD,CAD
2025-09-29,Sobeys,Groceries payment - Sobeys,-176.5,Groceries,Professional,TD,CAD
2025-09-30,Loblaws,Loblaws purchase,-200.74,Groceries,Professional,TD,CAD
2025-10-01,Bell Internet,Bell Internet purchase,-218.0,Utilities,Professional,TD,CAD
2025-10-01,Client Transfer,Client Transfer income deposit,3580.18,Income,Professional,TD,CAD
2025-10-02,Mortgage Payment,Mortgage Payment debit transaction,-1777.13,Housing,Professional,TD,CAD
2025-10-02,Wealthsimple,Savings/Investments payment - Wealthsimple,-294.33,Savings/Investments,Professional,TD,CAD
2025-10-04,Starbucks,Starbucks purchase,-5.85,Coffee,Professional,TD,CAD
2025-10-05,GO Transit,TD card transaction at GO Transit,-39.83,Transportation,Professional,TD,CAD
2025-10-07,Sobeys,Sobeys debit transaction,-68.03,Groceries,Professional,TD,CAD
2025-10-10,Bell Internet,Bell Internet debit transaction,-62.59,Utilities,Professional,TD,CAD
2025-10-10,GO Transit,GO Transit purchase,-136.79,Transportation,Professional,TD,CAD
2025-10-10,RBC InvestEase,RBC InvestEase purchase,-493.69,Savings/Investments,Professional,TD,CAD
2025-10-11,Petro Canada,Petro Canada debit transaction,-96.71,Transportation,Professional,TD,CAD
2025-10-13,Shell,Transportation payment - Shell,-98.39,Transportation,Professional,TD,CAD
2025-10-13,Tim Hortons,Tim Hortons purchase,-6.07,Coffee,Professional,TD,CAD
2025-10-15,Spotify,TD card transaction at Spotify,-65.89,Subscriptions,Professional,TD,CAD
2025-10-15,Uber,TD card transaction at Uber,-134.71,Transportation,Professional,TD,CAD
2025-10-15,Uber Eats,Uber Eats debit transaction,-120.67,Dining,Professional,TD,CAD
2025-10-16,Client Transfer,Client Transfer income deposit,3771.89,Income,Professional,TD,CAD
2025-10-18,Payroll Deposit,Payroll Deposit income deposit,4152.85,Income,Professional,TD,CAD
2025-10-18,Petro Canada,TD card transaction at Petro Canada,-28.12,Transportation,Professional,TD,CAD
2025-10-20,RBC InvestEase,RBC InvestEase debit transaction,-307.63,Savings/Investments,Professional,TD,CAD
2025-10-20,Sobeys,Sobeys purchase,-73.31,Groceries,Professional,TD,CAD
2025-10-20,TFSA Transfer,TD card transaction at TFSA Transfer,-762.01,Savings/Investments,Professional,TD,CAD
2025-10-21,Sobeys,Sobeys debit transaction,-187.69,Groceries,Professional,TD,CAD
2025-10-22,Mortgage Payment,Mortgage Payment debit transaction,-2478.43,Housing,Professional,TD,CAD
2025-10-30,Costco,Groceries payment - Costco,-124.97,Groceries,Professional,TD,CAD
2025-11-01,Air Canada,TD card transaction at Air Canada,-1100.62,Travel,Professional,TD,CAD
2025-11-01,Payroll Deposit,Payroll Deposit income deposit,7775.01,Income,Professional,TD,CAD
2025-11-01,Starbucks,Starbucks debit transaction,-19.84,Coffee,Professional,TD,CAD
2025-11-02,Mortgage Payment,Mortgage Payment debit transaction,-2171.03,Housing,Professional,TD,CAD
2025-11-03,Enbridge Gas,Enbridge Gas debit transaction,-227.63,Utilities,Professional,TD,CAD
2025-11-08,Sobeys,Groceries payment - Sobeys,-68.14,Groceries,Professional,TD,CAD
2025-11-09,Starbucks,Starbucks purchase,-18.21,Coffee,Professional,TD,CAD
2025-11-10,Enbridge Gas,Enbridge Gas purchase,-89.1,Utilities,Professional,TD,CAD
2025-11-10,Tim Hortons,Tim Hortons debit transaction,-7.39,Coffee,Professional,TD,CAD
2025-11-14,GO Transit,Transportation payment - GO Transit,-148.19,Transportation,Professional,TD,CAD
2025-11-14,GO Transit,GO Transit debit transaction,-32.54,Transportation,Professional,TD,CAD
2025-11-15,Netflix,Netflix debit transaction,-55.58,Subscriptions,Professional,TD,CAD
2025-11-17,Shell,Shell purchase,-66.1,Transportation,Professional,TD,CAD
2025-11-18,Tim Hortons,TD card transaction at Tim Hortons,-12.63,Coffee,Professional,TD,CAD
2025-11-19,Costco,Groceries payment - Costco,-205.58,Groceries,Professional,TD,CAD
2025-11-19,TFSA Transfer,TD card transaction at TFSA Transfer,-1124.19,Savings/Investments,Professional,TD,CAD
2025-11-23,Hydro One,Hydro One purchase,-119.92,Utilities,Professional,TD,CAD
2025-11-23,Sobeys,TD card transaction at Sobeys,-70.0,Groceries,Professional,TD,CAD
2025-11-26,Sobeys,Sobeys purchase,-202.05,Groceries,Professional,TD,CAD
2025-11-28,Shell,Shell debit transaction,-142.79,Transportation,Professional,TD,CAD
2025-12-01,Client Transfer,Client Transfer income deposit,4895.4,Income,Professional,TD,CAD
2025-12-02,Condo Rent,Condo Rent debit transaction,-1537.3,Housing,Professional,TD,CAD
2025-12-03,Costco,TD card transaction at Costco,-131.35,Groceries,Professional,TD,CAD
2025-12-15,GO Transit,Transportation payment - GO Transit,-55.63,Transportation,Professional,TD,CAD
2025-12-15,Netflix,Netflix purchase,-62.8,Subscriptions,Professional,TD,CAD
2025-12-16,GO Transit,GO Transit debit transaction,-78.96,Transportation,Professional,TD,CAD
2025-12-16,Loblaws,Loblaws purchase,-195.62,Groceries,Professional,TD,CAD
2025-12-20,Air Canada,Air Canada debit transaction,-183.28,Travel,Professional,TD,CAD
2025-12-20,Marriott,Travel payment - Marriott,-456.55,Travel,Professional,TD,CAD
2025-12-20,RBC InvestEase,RBC InvestEase purchase,-305.54,Savings/Investments,Professional,TD,CAD
2025-12-23,Marriott,Marriott purchase,-620.53,Travel,Professional,TD,CAD
2025-12-25,Costco,TD card transaction at Costco,-117.53,Groceries,Professional,TD,CAD
2025-12-25,Uber Eats,Uber Eats purchase,-131.21,Dining,Professional,TD,CAD
2025-12-27,Loblaws,Loblaws debit transaction,-229.43,Groceries,Professional,TD,CAD
2025-12-27,Starbucks,TD card transaction at Starbucks,-11.39,Coffee,Professional,TD,CAD
2025-12-28,Shell,Transportation payment - Shell,-80.15,Transportation,Professional,TD,CAD
2026-01-01,Client Transfer,Direct deposit from Client Transfer,4994.66,Income,Professional,TD,CAD
2026-01-01,Starbucks,Starbucks purchase,-5.73,Coffee,Professional,TD,CAD
2026-01-02,Mortgage Payment,Mortgage Payment debit transaction,-2394.03,Housing,Professional,TD,CAD
2026-01-06,Starbucks,TD card transaction at Starbucks,-11.11,Coffee,Professional,TD,CAD
2026-01-10,Balzac's Coffee,TD card transaction at Balzac's Coffee,-19.32,Coffee,Professional,TD,CAD
2026-01-10,Hydro One,Hydro One purchase,-243.5,Utilities,Professional,TD,CAD
2026-01-12,Petro Canada,Transportation payment - Petro Canada,-148.89,Transportation,Professional,TD,CAD
2026-01-15,Adobe,TD card transaction at Adobe,-71.62,Subscriptions,Professional,TD,CAD
2026-01-15,Freshii,Freshii debit transaction,-159.18,Dining,Professional,TD,CAD
2026-01-15,GO Transit,TD card transaction at GO Transit,-165.85,Transportation,Professional,TD,CAD
2026-01-17,Balzac's Coffee,Coffee payment - Balzac's Coffee,-11.7,Coffee,Professional,TD,CAD
2026-01-18,Tim Hortons,Tim Hortons debit transaction,-7.13,Coffee,Professional,TD,CAD
2026-01-20,Wealthsimple,Wealthsimple purchase,-855.34,Savings/Investments,Professional,TD,CAD
2026-01-21,Balzac's Coffee,Balzac's Coffee debit transaction,-14.58,Coffee,Professional,TD,CAD
2026-01-23,Loblaws,Loblaws purchase,-63.0,Groceries,Professional,TD,CAD
2026-01-24,Sobeys,Sobeys purchase,-156.41,Groceries,Professional,TD,CAD
2026-01-24,Uber,Transportation payment - Uber,-66.06,Transportation,Professional,TD,CAD
2026-01-27,Costco,TD card transaction at Costco,-149.01,Groceries,Professional,TD,CAD
2026-01-30,Payroll Deposit,Payroll Deposit income deposit,3726.86,Income,Professional,TD,CAD
2026-02-01,Client Transfer,Client Transfer income deposit,4865.33,Income,Professional,TD,CAD
2026-02-02,Mortgage Payment,Mortgage Payment debit transaction,-2647.51,Housing,Professional,TD,CAD
2026-02-02,Sobeys,Groceries payment - Sobeys,-94.62,Groceries,Professional,TD,CAD
2026-02-03,TFSA Transfer,Savings/Investments payment - TFSA Transfer,-1172.63,Savings/Investments,Professional,TD,CAD
2026-02-05,Starbucks,Starbucks debit transaction,-6.47,Coffee,Professional,TD,CAD
2026-02-06,Air Canada,Travel payment - Air Canada,-456.62,Travel,Professional,TD,CAD
2026-02-08,Balzac's Coffee,TD card transaction at Balzac's Coffee,-15.49,Coffee,Professional,TD,CAD
2026-02-08,Petro Canada,Petro Canada purchase,-52.28,Transportation,Professional,TD,CAD
2026-02-09,Netflix,Netflix purchase,-51.97,Subscriptions,Professional,TD,CAD
2026-02-09,Wealthsimple,Savings/Investments payment - Wealthsimple,-1182.47,Savings/Investments,Professional,TD,CAD
2026-02-10,Enbridge Gas,Enbridge Gas purchase,-189.29,Utilities,Professional,TD,CAD
2026-02-12,Costco,TD card transaction at Costco,-172.18,Groceries,Professional,TD,CAD
2026-02-12,Starbucks,Coffee payment - Starbucks,-5.48,Coffee,Professional,TD,CAD
2026-02-13,Starbucks,Coffee payment - Starbucks,-11.11,Coffee,Professional,TD,CAD
2026-02-14,Bell Internet,Bell Internet purchase,-213.42,Utilities,Professional,TD,CAD
2026-02-15,Spotify,Spotify purchase,-35.13,Subscriptions,Professional,TD,CAD
2026-02-15,Uber Eats,Dining payment - Uber Eats,-145.97,Dining,Professional,TD,CAD
2026-02-16,Netflix,Netflix debit transaction,-51.78,Subscriptions,Professional,TD,CAD
2026-02-18,Spotify,Subscriptions payment - Spotify,-49.56,Subscriptions,Professional,TD,CAD
2026-02-19,Uber,Transportation payment - Uber,-69.2,Transportation,Professional,TD,CAD
2026-02-21,Freshii,Freshii debit transaction,-87.48,Dining,Professional,TD,CAD
2026-02-21,Uber,Uber debit transaction,-22.67,Transportation,Professional,TD,CAD
2026-02-22,Spotify,Spotify purchase,-11.95,Subscriptions,Professional,TD,CAD
2026-02-24,Loblaws,Loblaws debit transaction,-214.62,Groceries,Professional,TD,CAD
2026-02-25,Freshii,Dining payment - Freshii,-114.87,Dining,Professional,TD,CAD
2026-02-25,Local Restaurant,Local Restaurant debit transaction,-52.49,Dining,Professional,TD,CAD
2026-03-01,Loblaws,Loblaws purchase,-212.28,Groceries,Professional,TD,CAD
2026-03-01,Payroll Deposit,Payroll Deposit income deposit,6070.99,Income,Professional,TD,CAD
2026-03-02,Mortgage Payment,Mortgage Payment debit transaction,-2401.11,Housing,Professional,TD,CAD
2026-03-05,Petro Canada,Petro Canada purchase,-138.63,Transportation,Professional,TD,CAD
2026-03-08,Expedia,Expedia debit transaction,-452.33,Travel,Professional,TD,CAD
2026-03-09,Starbucks,TD card transaction at Starbucks,-8.07,Coffee,Professional,TD,CAD
2026-03-10,Bell Internet,Utilities payment - Bell Internet,-251.87,Utilities,Professional,TD,CAD
2026-03-14,Tim Hortons,Tim Hortons purchase,-5.42,Coffee,Professional,TD,CAD
2026-03-15,LinkedIn Premium,LinkedIn Premium debit transaction,-26.5,Subscriptions,Professional,TD,CAD
2026-03-15,Mortgage Payment,Mortgage Payment debit transaction,-1681.27,Housing,Professional,TD,CAD
2026-03-15,The Keg,The Keg purchase,-20.21,Dining,Professional,TD,CAD
2026-03-16,Shell,Shell debit transaction,-144.33,Transportation,Professional,TD,CAD
2026-03-16,Tim Hortons,TD card transaction at Tim Hortons,-12.23,Coffee,Professional,TD,CAD
2026-03-17,Air Canada,Air Canada debit transaction,-377.33,Travel,Professional,TD,CAD
2026-03-20,Wealthsimple,Savings/Investments payment - Wealthsimple,-896.0,Savings/Investments,Professional,TD,CAD
2026-03-23,Freshii,Freshii purchase,-85.47,Dining,Professional,TD,CAD
2026-03-23,LinkedIn Premium,LinkedIn Premium purchase,-34.81,Subscriptions,Professional,TD,CAD
2026-03-24,Wealthsimple,Savings/Investments payment - Wealthsimple,-320.64,Savings/Investments,Professional,TD,CAD
2026-03-26,Costco,Costco purchase,-145.37,Groceries,Professional,TD,CAD
2026-03-26,Petro Canada,Transportation payment - Petro Canada,-168.13,Transportation,Professional,TD,CAD
2026-03-27,Air Canada,Air Canada debit transaction,-759.78,Travel,Professional,TD,CAD
2026-03-27,Client Transfer,Client Transfer income deposit,7489.17,Income,Professional,TD,CAD
2026-03-27,Starbucks,Coffee payment - Starbucks,-9.53,Coffee,Professional,TD,CAD
2026-03-29,Mortgage Payment,TD card transaction at Mortgage Payment,-2433.39,Housing,Professional,TD,CAD
2026-03-29,Uber,Uber purchase,-60.36,Transportation,Professional,TD,CAD
2026-03-31,Balzac's Coffee,TD card transaction at Balzac's Coffee,-8.19,Coffee,Professional,TD,CAD
2026-04-01,Payroll Deposit,Direct deposit from Payroll Deposit,7732.52,Income,Professional,TD,CAD
2026-04-01,Starbucks,Coffee payment - Starbucks,-17.92,Coffee,Professional,TD,CAD
2026-04-02,Condo Rent,Housing payment - Condo Rent,-2500.81,Housing,Professional,TD,CAD
2026-04-06,Starbucks,Starbucks debit transaction,-6.81,Coffee,Professional,TD,CAD
2026-04-07,Costco,Costco debit transaction,-145.83,Groceries,Professional,TD,CAD
2026-04-08,Bell Internet,Bell Internet debit transaction,-108.45,Utilities,Professional,TD,CAD
2026-04-10,Bell Internet,Bell Internet purchase,-222.66,Utilities,Professional,TD,CAD
2026-04-10,GO Transit,GO Transit purchase,-156.93,Transportation,Professional,TD,CAD
2026-04-12,Condo Rent,Condo Rent purchase,-1871.97,Housing,Professional,TD,CAD
2026-04-13,Sobeys,Sobeys debit transaction,-229.02,Groceries,Professional,TD,CAD
2026-04-15,Local Restaurant,Dining payment - Local Restaurant,-71.88,Dining,Professional,TD,CAD
2026-04-15,Spotify,Spotify debit transaction,-30.47,Subscriptions,Professional,TD,CAD
2026-04-18,RBC InvestEase,TD card transaction at RBC InvestEase,-498.93,Savings/Investments,Professional,TD,CAD
2026-04-20,TFSA Transfer,TD card transaction at TFSA Transfer,-1023.66,Savings/Investments,Professional,TD,CAD
2026-04-21,Uber,Uber purchase,-105.16,Transportation,Professional,TD,CAD
2026-04-23,Hydro One,Hydro One purchase,-92.09,Utilities,Professional,TD,CAD
2026-04-26,Air Canada,Air Canada debit transaction,-1136.24,Travel,Professional,TD,CAD
2026-04-26,GO Transit,Transportation payment - GO Transit,-55.67,Transportation,Professional,TD,CAD
2026-04-26,Tim Hortons,Coffee payment - Tim Hortons,-14.65,Coffee,Professional,TD,CAD
2026-04-27,Client Transfer,Client Transfer income deposit,3507.65,Income,Professional,TD,CAD
2026-04-27,GO Transit,GO Transit debit transaction,-78.21,Transportation,Professional,TD,CAD
2026-04-29,Freshii,Freshii debit transaction,-120.26,Dining,Professional,TD,CAD
2026-04-29,Loblaws,TD card transaction at Loblaws,-69.66,Groceries,Professional,TD,CAD
2026-04-29,Uber,TD card transaction at Uber,-158.71,Transportation,Professional,TD,CAD
2026-04-30,Costco,Costco purchase,-183.78,Groceries,Professional,TD,CAD
2026-04-30,Costco,Costco debit transaction,-77.72,Groceries,Professional,TD,CAD
2026-05-01,Payroll Deposit,Direct deposit from Payroll Deposit,5302.4,Income,Professional,TD,CAD
2026-05-02,Balzac's Coffee,Coffee payment - Balzac's Coffee,-10.93,Coffee,Professional,TD,CAD
2026-05-02,GO Transit,TD card transaction at GO Transit,-114.81,Transportation,Professional,TD,CAD
2026-05-02,Mortgage Payment,Mortgage Payment purchase,-1603.36,Housing,Professional,TD,CAD
2026-05-04,Shell,Transportation payment - Shell,-109.03,Transportation,Professional,TD,CAD
2026-05-04,Uber,Transportation payment - Uber,-96.88,Transportation,Professional,TD,CAD
2026-05-10,Uber,Uber purchase,-139.63,Transportation,Professional,TD,CAD
2026-05-12,Sobeys,TD card transaction at Sobeys,-228.97,Groceries,Professional,TD,CAD
2026-05-12,Tim Hortons,Tim Hortons purchase,-12.57,Coffee,Professional,TD,CAD
2026-05-13,Client Transfer,Direct deposit from Client Transfer,3213.27,Income,Professional,TD,CAD
2026-05-13,Loblaws,Loblaws purchase,-212.82,Groceries,Professional,TD,CAD
2026-05-16,Expedia,TD card transaction at Expedia,-979.75,Travel,Professional,TD,CAD
2026-05-19,Costco,Groceries payment - Costco,-130.32,Groceries,Professional,TD,CAD
2026-05-20,TFSA Transfer,Savings/Investments payment - TFSA Transfer,-194.06,Savings/Investments,Professional,TD,CAD
2026-05-28,Mortgage Payment,Mortgage Payment purchase,-2420.3,Housing,Professional,TD,CAD
2026-05-28,Shell,Shell purchase,-124.02,Transportation,Professional,TD,CAD
2026-05-30,Uber Eats,Uber Eats debit transaction,-49.1,Dining,Professional,TD,CAD
2026-06-01,Payroll Deposit,Payroll Deposit income deposit,5130.58,Income,Professional,TD,CAD
2026-06-02,Condo Rent,Housing payment - Condo Rent,-2755.51,Housing,Professional,TD,CAD
2026-06-06,RBC InvestEase,RBC InvestEase debit transaction,-530.89,Savings/Investments,Professional,TD,CAD
2026-06-08,GO Transit,GO Transit purchase,-112.68,Transportation,Professional,TD,CAD
2026-06-10,Bell Internet,Bell Internet debit transaction,-80.93,Utilities,Professional,TD,CAD
2026-06-11,Sobeys,Sobeys purchase,-52.09,Groceries,Professional,TD,CAD
2026-06-15,Adobe,Subscriptions payment - Adobe,-65.2,Subscriptions,Professional,TD,CAD
2026-06-15,Costco,Costco purchase,-147.95,Groceries,Professional,TD,CAD
2026-06-17,Tim Hortons,Coffee payment - Tim Hortons,-16.51,Coffee,Professional,TD,CAD
2026-06-18,Loblaws,Groceries payment - Loblaws,-76.06,Groceries,Professional,TD,CAD
2026-06-20,TFSA Transfer,TFSA Transfer debit transaction,-549.15,Savings/Investments,Professional,TD,CAD
2026-06-26,Freshii,Dining payment - Freshii,-43.65,Dining,Professional,TD,CAD
2026-06-29,Loblaws,TD card transaction at Loblaws,-86.63,Groceries,Professional,TD,CAD
2026-07-01,Payroll Deposit,Payroll Deposit income deposit,7498.81,Income,Professional,TD,CAD
2026-07-02,Condo Rent,Condo Rent purchase,-2682.89,Housing,Professional,TD,CAD
2026-07-03,Costco,Costco debit transaction,-140.21,Groceries,Professional,TD,CAD
2026-07-03,GO Transit,Transportation payment - GO Transit,-46.69,Transportation,Professional,TD,CAD
2026-07-03,Tim Hortons,Coffee payment - Tim Hortons,-19.04,Coffee,Professional,TD,CAD
2026-07-04,The Keg,TD card transaction at The Keg,-114.7,Dining,Professional,TD,CAD
2026-07-09,Tim Hortons,Tim Hortons debit transaction,-6.6,Coffee,Professional,TD,CAD
2026-07-10,Enbridge Gas,Utilities payment - Enbridge Gas,-225.25,Utilities,Professional,TD,CAD
2026-07-11,Loblaws,TD card transaction at Loblaws,-234.45,Groceries,Professional,TD,CAD
2026-07-12,Hydro One,Utilities payment - Hydro One,-258.18,Utilities,Professional,TD,CAD
2026-07-13,Bell Internet,TD card transaction at Bell Internet,-228.07,Utilities,Professional,TD,CAD
2026-07-13,Client Transfer,Direct deposit from Client Transfer,6350.35,Income,Professional,TD,CAD
2026-07-15,Adobe,Subscriptions payment - Adobe,-27.88,Subscriptions,Professional,TD,CAD
2026-07-15,Sobeys,Groceries payment - Sobeys,-134.1,Groceries,Professional,TD,CAD
2026-07-16,Freshii,Freshii purchase,-63.29,Dining,Professional,TD,CAD
2026-07-16,Uber Eats,Uber Eats purchase,-89.15,Dining,Professional,TD,CAD
2026-07-17,Freshii,Freshii purchase,-81.8,Dining,Professional,TD,CAD
2026-07-17,TFSA Transfer,TD card transaction at TFSA Transfer,-405.12,Savings/Investments,Professional,TD,CAD
2026-07-20,Hydro One,Hydro One debit transaction,-121.23,Utilities,Professional,TD,CAD
2026-07-20,Loblaws,Loblaws debit transaction,-197.89,Groceries,Professional,TD,CAD
2026-07-20,Wealthsimple,Wealthsimple debit transaction,-1018.64,Savings/Investments,Professional,TD,CAD
2026-07-24,Freshii,TD card transaction at Freshii,-55.83,Dining,Professional,TD,CAD
2026-07-29,Condo Rent,Housing payment - Condo Rent,-1863.67,Housing,Professional,TD,CAD
2026-07-30,Mortgage Payment,Housing payment - Mortgage Payment,-2847.19,Housing,Professional,TD,CAD
2026-08-01,Payroll Deposit,Direct deposit from Payroll Deposit,7429.89,Income,Professional,TD,CAD
2026-08-02,Condo Rent,TD card transaction at Condo Rent,-1818.38,Housing,Professional,TD,CAD
2026-08-02,Sobeys,Sobeys purchase,-139.67,Groceries,Professional,TD,CAD
2026-08-02,Starbucks,TD card transaction at Starbucks,-19.09,Coffee,Professional,TD,CAD
2026-08-09,Mortgage Payment,Mortgage Payment debit transaction,-2523.6,Housing,Professional,TD,CAD
2026-08-10,Enbridge Gas,Enbridge Gas purchase,-223.27,Utilities,Professional,TD,CAD
2026-08-11,Uber Eats,Uber Eats debit transaction,-78.69,Dining,Professional,TD,CAD
2026-08-12,Balzac's Coffee,Balzac's Coffee purchase,-13.77,Coffee,Professional,TD,CAD
2026-08-12,LinkedIn Premium,Subscriptions payment - LinkedIn Premium,-68.7,Subscriptions,Professional,TD,CAD
2026-08-13,Starbucks,TD card transaction at Starbucks,-4.1,Coffee,Professional,TD,CAD
2026-08-15,GO Transit,GO Transit purchase,-139.93,Transportation,Professional,TD,CAD
2026-08-15,Netflix,Netflix purchase,-72.2,Subscriptions,Professional,TD,CAD
2026-08-15,Starbucks,Coffee payment - Starbucks,-6.11,Coffee,Professional,TD,CAD
2026-08-20,TFSA Transfer,TFSA Transfer purchase,-1071.12,Savings/Investments,Professional,TD,CAD
2026-08-22,Tim Hortons,Tim Hortons debit transaction,-5.92,Coffee,Professional,TD,CAD
2026-08-23,Balzac's Coffee,Balzac's Coffee purchase,-5.46,Coffee,Professional,TD,CAD
2026-08-23,Loblaws,Groceries payment - Loblaws,-91.87,Groceries,Professional,TD,CAD
2026-08-25,Mortgage Payment,Housing payment - Mortgage Payment,-2782.59,Housing,Professional,TD,CAD
2026-08-31,Costco,Costco debit transaction,-76.38,Groceries,Professional,TD,CAD
2026-08-31,Petro Canada,Petro Canada purchase,-72.54,Transportation,Professional,TD,CAD
2026-09-01,Client Transfer,Client Transfer income deposit,4244.22,Income,Professional,TD,CAD
2026-09-02,Mortgage Payment,Housing payment - Mortgage Payment,-1771.26,Housing,Professional,TD,CAD
2026-09-02,Tim Hortons,Tim Hortons debit transaction,-9.63,Coffee,Professional,TD,CAD
2026-09-03,Balzac's Coffee,Balzac's Coffee debit transaction,-18.43,Coffee,Professional,TD,CAD
2026-09-03,Costco,Costco debit transaction,-235.59,Groceries,Professional,TD,CAD
2026-09-03,Payroll Deposit,Payroll Deposit income deposit,4743.14,Income,Professional,TD,CAD
2026-09-07,Freshii,TD card transaction at Freshii,-80.17,Dining,Professional,TD,CAD
2026-09-07,Payroll Deposit,Payroll Deposit income deposit,5668.61,Income,Professional,TD,CAD
2026-09-08,Costco,Costco debit transaction,-194.74,Groceries,Professional,TD,CAD
2026-09-10,Bell Internet,TD card transaction at Bell Internet,-237.65,Utilities,Professional,TD,CAD
2026-09-11,Marriott,Marriott purchase,-601.16,Travel,Professional,TD,CAD
2026-09-11,The Keg,The Keg debit transaction,-77.74,Dining,Professional,TD,CAD
2026-09-12,Loblaws,Loblaws debit transaction,-161.06,Groceries,Professional,TD,CAD
2026-09-13,Uber Eats,TD card transaction at Uber Eats,-157.02,Dining,Professional,TD,CAD
2026-09-15,Adobe,Adobe debit transaction,-30.66,Subscriptions,Professional,TD,CAD
2026-09-16,Bell Internet,Utilities payment - Bell Internet,-60.74,Utilities,Professional,TD,CAD
2026-09-16,Loblaws,Loblaws purchase,-125.62,Groceries,Professional,TD,CAD
2026-09-19,Loblaws,Loblaws debit transaction,-213.71,Groceries,Professional,TD,CAD
2026-09-19,Wealthsimple,Savings/Investments payment - Wealthsimple,-908.93,Savings/Investments,Professional,TD,CAD
2026-09-20,TFSA Transfer,TD card transaction at TFSA Transfer,-576.19,Savings/Investments,Professional,TD,CAD
2026-09-22,The Keg,The Keg debit transaction,-27.76,Dining,Professional,TD,CAD
2026-09-23,Bell Internet,TD card transaction at Bell Internet,-109.64,Utilities,Professional,TD,CAD
2026-09-25,Balzac's Coffee,Balzac's Coffee purchase,-4.57,Coffee,Professional,TD,CAD
2026-09-27,Loblaws,TD card transaction at Loblaws,-224.35,Groceries,Professional,TD,CAD
2026-09-29,Enbridge Gas,TD card transaction at Enbridge Gas,-253.61,Utilities,Professional,TD,CAD
2026-10-01,Client Transfer,Direct deposit from Client Transfer,5009.98,Income,Professional,TD,CAD
2026-10-02,Condo Rent,Condo Rent debit transaction,-1959.95,Housing,Professional,TD,CAD
2026-10-02,Starbucks,Coffee payment - Starbucks,-14.06,Coffee,Professional,TD,CAD
2026-10-03,Loblaws,TD card transaction at Loblaws,-232.38,Groceries,Professional,TD,CAD
2026-10-03,Payroll Deposit,Payroll Deposit income deposit,6340.13,Income,Professional,TD,CAD
2026-10-04,Balzac's Coffee,Balzac's Coffee debit transaction,-5.6,Coffee,Professional,TD,CAD
2026-10-07,Sobeys,Sobeys debit transaction,-187.19,Groceries,Professional,TD,CAD
2026-10-10,Client Transfer,Client Transfer income deposit,4582.31,Income,Professional,TD,CAD
2026-10-10,Enbridge Gas,Utilities payment - Enbridge Gas,-66.07,Utilities,Professional,TD,CAD
2026-10-13,GO Transit,TD card transaction at GO Transit,-157.26,Transportation,Professional,TD,CAD
2026-10-14,Client Transfer,Direct deposit from Client Transfer,6225.81,Income,Professional,TD,CAD
2026-10-15,Spotify,Spotify purchase,-68.04,Subscriptions,Professional,TD,CAD
2026-10-16,Balzac's Coffee,Balzac's Coffee debit transaction,-16.86,Coffee,Professional,TD,CAD
2026-10-18,Adobe,Subscriptions payment - Adobe,-31.01,Subscriptions,Professional,TD,CAD
2026-10-20,Sobeys,Sobeys purchase,-150.46,Groceries,Professional,TD,CAD
2026-10-20,Wealthsimple,Savings/Investments payment - Wealthsimple,-1096.17,Savings/Investments,Professional,TD,CAD
2026-10-23,Bell Internet,Bell Internet debit transaction,-198.73,Utilities,Professional,TD,CAD
2026-10-24,Tim Hortons,Tim Hortons purchase,-14.66,Coffee,Professional,TD,CAD
2026-10-25,Local Restaurant,Dining payment - Local Restaurant,-31.46,Dining,Professional,TD,CAD
2026-10-27,Shell,TD card transaction at Shell,-122.38,Transportation,Professional,TD,CAD
2026-10-30,Client Transfer,Client Transfer income deposit,5537.01,Income,Professional,TD,CAD
2026-11-01,Balzac's Coffee,Coffee payment - Balzac's Coffee,-16.75,Coffee,Professional,TD,CAD
2026-11-01,Client Transfer,Direct deposit from Client Transfer,3248.65,Income,Professional,TD,CAD
2026-11-02,GO Transit,GO Transit purchase,-167.25,Transportation,Professional,TD,CAD
2026-11-02,Mortgage Payment,TD card transaction at Mortgage Payment,-2116.22,Housing,Professional,TD,CAD
2026-11-05,The Keg,The Keg purchase,-53.78,Dining,Professional,TD,CAD
2026-11-06,Tim Hortons,Tim Hortons debit transaction,-5.05,Coffee,Professional,TD,CAD
2026-11-10,Enbridge Gas,Enbridge Gas purchase,-144.8,Utilities,Professional,TD,CAD
2026-11-11,Petro Canada,Transportation payment - Petro Canada,-41.75,Transportation,Professional,TD,CAD
2026-11-11,Sobeys,Sobeys purchase,-110.77,Groceries,Professional,TD,CAD
2026-11-15,Spotify,TD card transaction at Spotify,-60.24,Subscriptions,Professional,TD,CAD
2026-11-15,Uber,Uber purchase,-159.06,Transportation,Professional,TD,CAD
2026-11-17,Starbucks,Starbucks purchase,-12.54,Coffee,Professional,TD,CAD
2026-11-20,TFSA Transfer,TFSA Transfer purchase,-153.15,Savings/Investments,Professional,TD,CAD
2026-11-21,Shell,Shell purchase,-156.33,Transportation,Professional,TD,CAD
2026-11-24,Balzac's Coffee,Balzac's Coffee purchase,-6.04,Coffee,Professional,TD,CAD
2026-11-25,GO Transit,Transportation payment - GO Transit,-123.26,Transportation,Professional,TD,CAD
2026-12-01,Payroll Deposit,Payroll Deposit income deposit,3409.79,Income,Professional,TD,CAD
2026-12-02,Condo Rent,Condo Rent debit transaction,-2427.1,Housing,Professional,TD,CAD
2026-12-02,Wealthsimple,TD card transaction at Wealthsimple,-1113.03,Savings/Investments,Professional,TD,CAD
2026-12-03,Freshii,Dining payment - Freshii,-55.44,Dining,Professional,TD,CAD
2026-12-03,Sobeys,TD card transaction at Sobeys,-167.24,Groceries,Professional,TD,CAD
2026-12-05,Starbucks,Coffee payment - Starbucks,-9.92,Coffee,Professional,TD,CAD
2026-12-08,Air Canada,Travel payment - Air Canada,-491.29,Travel,Professional,TD,CAD
2026-12-08,Uber Eats,Uber Eats purchase,-29.17,Dining,Professional,TD,CAD
2026-12-10,Enbridge Gas,TD card transaction at Enbridge Gas,-174.12,Utilities,Professional,TD,CAD
2026-12-12,Expedia,Expedia purchase,-198.71,Travel,Professional,TD,CAD
2026-12-13,Air Canada,TD card transaction at Air Canada,-395.51,Travel,Professional,TD,CAD
2026-12-13,Tim Hortons,Tim Hortons purchase,-4.53,Coffee,Professional,TD,CAD
2026-12-15,Spotify,Spotify purchase,-10.18,Subscriptions,Professional,TD,CAD
2026-12-15,Starbucks,Coffee payment - Starbucks,-9.75,Coffee,Professional,TD,CAD
2026-12-19,Wealthsimple,TD card transaction at Wealthsimple,-747.42,Savings/Investments,Professional,TD,CAD
2026-12-20,Netflix,Subscriptions payment - Netflix,-19.59,Subscriptions,Professional,TD,CAD
2026-12-20,RBC InvestEase,RBC InvestEase debit transaction,-500.88,Savings/Investments,Professional,TD,CAD
2026-12-21,Uber Eats,Uber Eats purchase,-74.49,Dining,Professional,TD,CAD
2026-12-22,Tim Hortons,TD card transaction at Tim Hortons,-6.34,Coffee,Professional,TD,CAD
2026-12-23,Local Restaurant,Dining payment - Local Restaurant,-85.81,Dining,Professional,TD,CAD
2026-12-25,Shell,TD card transaction at Shell,-161.62,Transportation,Professional,TD,CAD
2026-12-25,Uber Eats,Uber Eats debit transaction,-159.45,Dining,Professional,TD,CAD
2026-12-26,Client Transfer,Direct deposit from Client Transfer,7500.55,Income,Professional,TD,CAD
2026-12-29,Loblaws,Loblaws debit transaction,-232.17,Groceries,Professional,TD,CAD
2026-12-31,Balzac's Coffee,Balzac's Coffee debit transaction,-5.91,Coffee,Professional,TD,CAD
2026-12-31,Local Restaurant,Local Restaurant purchase,-28.46,Dining,Professional,TD,CAD
2026-12-31,Sobeys,Sobeys debit transaction,-238.14,Groceries,Professional,TD,CAD
2024-01-01,Payroll Deposit,Payroll Deposit income deposit,956.11,Income,Student,RBC,CAD
2024-01-04,Tim Hortons,Tim Hortons purchase,-9.32,Coffee,Student,RBC,CAD
2024-01-07,Uniqlo,RBC card transaction at Uniqlo,-144.53,Shopping,Student,RBC,CAD
2024-01-07,Uniqlo,RBC card transaction at Uniqlo,-129.84,Shopping,Student,RBC,CAD
2024-01-08,H&M,Shopping payment - H&M,-216.89,Shopping,Student,RBC,CAD
2024-01-08,Lyft,RBC card transaction at Lyft,-83.79,Transportation,Student,RBC,CAD
2024-01-08,Metro,Metro purchase,-75.25,Groceries,Student,RBC,CAD
2024-01-09,Tim Hortons,Tim Hortons debit transaction,-7.01,Coffee,Student,RBC,CAD
2024-01-09,Walmart Grocery,Walmart Grocery debit transaction,-118.73,Groceries,Student,RBC,CAD
2024-01-10,Scholarship Payment,Scholarship Payment income deposit,1118.55,Income,Student,RBC,CAD
2024-01-15,Amazon Prime,Amazon Prime purchase,-12.4,Subscriptions,Student,RBC,CAD
2024-01-15,Netflix,Subscriptions payment - Netflix,-11.89,Subscriptions,Student,RBC,CAD
2024-01-15,Starbucks,RBC card transaction at Starbucks,-15.33,Coffee,Student,RBC,CAD
2024-01-19,Apple Store,RBC card transaction at Apple Store,-113.88,Shopping,Student,RBC,CAD
2024-01-24,Coursera,Coursera purchase,-151.96,Education,Student,RBC,CAD
2024-01-24,Second Cup,RBC card transaction at Second Cup,-10.41,Coffee,Student,RBC,CAD
2024-01-25,Starbucks,Starbucks debit transaction,-13.77,Coffee,Student,RBC,CAD
2024-01-26,Chipotle,Chipotle purchase,-42.84,Dining,Student,RBC,CAD
2024-01-27,Chipotle,RBC card transaction at Chipotle,-35.98,Dining,Student,RBC,CAD
2024-01-30,Uber Eats,Dining payment - Uber Eats,-13.55,Dining,Student,RBC,CAD
2024-01-31,Amazon Prime,RBC card transaction at Amazon Prime,-16.41,Subscriptions,Student,RBC,CAD
2024-02-01,Scholarship Payment,Scholarship Payment income deposit,911.88,Income,Student,RBC,CAD
2024-02-08,Metro,Metro purchase,-100.11,Groceries,Student,RBC,CAD
2024-02-09,No Frills,No Frills debit transaction,-87.83,Groceries,Student,RBC,CAD
2024-02-09,No Frills,No Frills purchase,-39.52,Groceries,Student,RBC,CAD
2024-02-09,Starbucks,Starbucks debit transaction,-7.45,Coffee,Student,RBC,CAD
2024-02-12,Best Buy,RBC card transaction at Best Buy,-42.98,Shopping,Student,RBC,CAD
2024-02-13,Apple Store,Shopping payment - Apple Store,-34.82,Shopping,Student,RBC,CAD
2024-02-13,Spotify,Spotify purchase,-21.53,Subscriptions,Student,RBC,CAD
2024-02-13,Uber,Transportation payment - Uber,-46.39,Transportation,Student,RBC,CAD
2024-02-15,Campus Bookstore,Campus Bookstore purchase,-164.26,Education,Student,RBC,CAD
2024-02-15,Pizza Pizza,RBC card transaction at Pizza Pizza,-41.49,Dining,Student,RBC,CAD
2024-02-17,Starbucks,Coffee payment - Starbucks,-5.27,Coffee,Student,RBC,CAD
2024-02-18,Second Cup,RBC card transaction at Second Cup,-14.46,Coffee,Student,RBC,CAD
2024-02-21,Coursera,Coursera debit transaction,-139.84,Education,Student,RBC,CAD
2024-02-21,Subway,Subway debit transaction,-45.64,Dining,Student,RBC,CAD
2024-02-22,Subway,Subway purchase,-15.93,Dining,Student,RBC,CAD
2024-02-22,Tim Hortons,RBC card transaction at Tim Hortons,-11.62,Coffee,Student,RBC,CAD
2024-02-24,Pearson Education,RBC card transaction at Pearson Education,-199.53,Education,Student,RBC,CAD
2024-02-29,Tim Hortons,Coffee payment - Tim Hortons,-9.07,Coffee,Student,RBC,CAD
2024-02-29,Walmart Grocery,RBC card transaction at Walmart Grocery,-39.69,Groceries,Student,RBC,CAD
2024-02-29,Walmart Grocery,Walmart Grocery purchase,-49.51,Groceries,Student,RBC,CAD
2024-03-01,Payroll Deposit,Payroll Deposit income deposit,1610.75,Income,Student,RBC,CAD
2024-03-06,Pearson Education,Education payment - Pearson Education,-25.7,Education,Student,RBC,CAD
2024-03-09,Uber Eats,RBC card transaction at Uber Eats,-51.47,Dining,Student,RBC,CAD
2024-03-10,Second Cup,Second Cup purchase,-11.73,Coffee,Student,RBC,CAD
2024-03-12,Metro,Metro debit transaction,-73.02,Groceries,Student,RBC,CAD
2024-03-13,Netflix,Netflix debit transaction,-15.0,Subscriptions,Student,RBC,CAD
2024-03-15,Netflix,Netflix debit transaction,-17.24,Subscriptions,Student,RBC,CAD
2024-03-17,Campus Bookstore,Campus Bookstore purchase,-212.16,Education,Student,RBC,CAD
2024-03-18,Metro,Metro purchase,-33.97,Groceries,Student,RBC,CAD
2024-03-19,H&M,Shopping payment - H&M,-146.96,Shopping,Student,RBC,CAD
2024-03-23,Pearson Education,RBC card transaction at Pearson Education,-219.24,Education,Student,RBC,CAD
2024-03-24,Netflix,Netflix purchase,-9.28,Subscriptions,Student,RBC,CAD
2024-03-24,Uber Eats,Dining payment - Uber Eats,-46.72,Dining,Student,RBC,CAD
2024-03-25,Apple Store,Apple Store debit transaction,-192.03,Shopping,Student,RBC,CAD
2024-03-26,Campus Bookstore,RBC card transaction at Campus Bookstore,-152.93,Education,Student,RBC,CAD
2024-03-26,Payroll Deposit,Payroll Deposit income deposit,756.48,Income,Student,RBC,CAD
2024-03-26,Presto,Presto debit transaction,-8.63,Transportation,Student,RBC,CAD
2024-03-28,Presto,Presto debit transaction,-49.44,Transportation,Student,RBC,CAD
2024-03-29,Coursera,RBC card transaction at Coursera,-233.96,Education,Student,RBC,CAD
2024-03-29,Tim Hortons,RBC card transaction at Tim Hortons,-7.35,Coffee,Student,RBC,CAD
2024-03-30,Second Cup,RBC card transaction at Second Cup,-15.57,Coffee,Student,RBC,CAD
2024-03-30,Walmart Grocery,Walmart Grocery purchase,-79.09,Groceries,Student,RBC,CAD
2024-03-31,H&M,H&M purchase,-70.5,Shopping,Student,RBC,CAD
2024-04-01,Scholarship Payment,Direct deposit from Scholarship Payment,1811.14,Income,Student,RBC,CAD
2024-04-03,Starbucks,Starbucks purchase,-7.21,Coffee,Student,RBC,CAD
2024-04-04,Subway,Subway purchase,-39.65,Dining,Student,RBC,CAD
2024-04-08,Pizza Pizza,Dining payment - Pizza Pizza,-46.34,Dining,Student,RBC,CAD
2024-04-10,Payroll Deposit,Direct deposit from Payroll Deposit,1609.19,Income,Student,RBC,CAD
2024-04-10,Uber Eats,Uber Eats debit transaction,-26.24,Dining,Student,RBC,CAD
2024-04-11,Metro,Metro purchase,-78.01,Groceries,Student,RBC,CAD
2024-04-13,H&M,Shopping payment - H&M,-41.33,Shopping,Student,RBC,CAD
2024-04-13,Presto,RBC card transaction at Presto,-68.65,Transportation,Student,RBC,CAD
2024-04-14,Chipotle,Dining payment - Chipotle,-31.02,Dining,Student,RBC,CAD
2024-04-15,Apple Store,Apple Store purchase,-30.12,Shopping,Student,RBC,CAD
2024-04-15,H&M,H&M debit transaction,-194.9,Shopping,Student,RBC,CAD
2024-04-15,Netflix,Netflix debit transaction,-15.51,Subscriptions,Student,RBC,CAD
2024-04-15,Uniqlo,Uniqlo debit transaction,-96.72,Shopping,Student,RBC,CAD
2024-04-15,Walmart Grocery,Walmart Grocery purchase,-43.29,Groceries,Student,RBC,CAD
2024-04-18,Subway,Subway debit transaction,-42.55,Dining,Student,RBC,CAD
2024-04-21,Lyft,Lyft purchase,-55.1,Transportation,Student,RBC,CAD
2024-04-22,No Frills,RBC card transaction at No Frills,-62.69,Groceries,Student,RBC,CAD
2024-04-24,Metro,Groceries payment - Metro,-46.2,Groceries,Student,RBC,CAD
2024-04-24,Starbucks,Coffee payment - Starbucks,-10.84,Coffee,Student,RBC,CAD
2024-04-27,Second Cup,Second Cup debit transaction,-8.6,Coffee,Student,RBC,CAD
2024-04-28,Starbucks,RBC card transaction at Starbucks,-4.99,Coffee,Student,RBC,CAD
2024-05-01,Lyft,Lyft purchase,-21.77,Transportation,Student,RBC,CAD
2024-05-02,Best Buy,Best Buy purchase,-190.27,Shopping,Student,RBC,CAD
2024-05-07,Uber,Transportation payment - Uber,-77.0,Transportation,Student,RBC,CAD
2024-05-08,Payroll Deposit,Payroll Deposit income deposit,1514.73,Income,Student,RBC,CAD
2024-05-13,Best Buy,Best Buy purchase,-208.32,Shopping,Student,RBC,CAD
2024-05-13,Presto,Presto purchase,-83.8,Transportation,Student,RBC,CAD
2024-05-15,Netflix,Netflix purchase,-18.47,Subscriptions,Student,RBC,CAD
2024-05-19,Best Buy,Best Buy purchase,-143.88,Shopping,Student,RBC,CAD
2024-05-20,Apple Store,Apple Store purchase,-155.04,Shopping,Student,RBC,CAD
2024-05-21,Lyft,Transportation payment - Lyft,-59.61,Transportation,Student,RBC,CAD
2024-05-22,Scholarship Payment,Direct deposit from Scholarship Payment,742.33,Income,Student,RBC,CAD
2024-05-24,Pizza Pizza,RBC card transaction at Pizza Pizza,-46.19,Dining,Student,RBC,CAD
2024-05-24,Uber Eats,RBC card transaction at Uber Eats,-47.69,Dining,Student,RBC,CAD
2024-05-25,Metro,Groceries payment - Metro,-52.67,Groceries,Student,RBC,CAD
2024-05-25,Scholarship Payment,Direct deposit from Scholarship Payment,1408.83,Income,Student,RBC,CAD
2024-05-30,Uber,Transportation payment - Uber,-26.39,Transportation,Student,RBC,CAD
2024-05-31,Lyft,Transportation payment - Lyft,-15.69,Transportation,Student,RBC,CAD
2024-06-01,Metro,Groceries payment - Metro,-81.36,Groceries,Student,RBC,CAD
2024-06-01,Scholarship Payment,Scholarship Payment income deposit,905.32,Income,Student,RBC,CAD
2024-06-03,Amazon Prime,Subscriptions payment - Amazon Prime,-8.19,Subscriptions,Student,RBC,CAD
2024-06-04,Chipotle,Chipotle purchase,-32.38,Dining,Student,RBC,CAD
2024-06-04,Walmart Grocery,Walmart Grocery purchase,-72.84,Groceries,Student,RBC,CAD
2024-06-09,Walmart Grocery,Walmart Grocery debit transaction,-113.19,Groceries,Student,RBC,CAD
2024-06-10,H&M,H&M debit transaction,-163.52,Shopping,Student,RBC,CAD
2024-06-10,Tim Hortons,Tim Hortons debit transaction,-10.13,Coffee,Student,RBC,CAD
2024-06-14,Campus Bookstore,Education payment - Campus Bookstore,-86.97,Education,Student,RBC,CAD
2024-06-15,Netflix,RBC card transaction at Netflix,-9.62,Subscriptions,Student,RBC,CAD
2024-06-17,Uniqlo,Uniqlo purchase,-110.4,Shopping,Student,RBC,CAD
2024-06-19,Amazon Prime,RBC card transaction at Amazon Prime,-21.9,Subscriptions,Student,RBC,CAD
2024-06-19,Apple Store,Shopping payment - Apple Store,-134.68,Shopping,Student,RBC,CAD
2024-06-22,Best Buy,RBC card transaction at Best Buy,-121.08,Shopping,Student,RBC,CAD
2024-06-22,Metro,RBC card transaction at Metro,-64.64,Groceries,Student,RBC,CAD
2024-06-22,Pearson Education,RBC card transaction at Pearson Education,-150.68,Education,Student,RBC,CAD
2024-06-23,Second Cup,RBC card transaction at Second Cup,-12.56,Coffee,Student,RBC,CAD
2024-06-27,Lyft,RBC card transaction at Lyft,-79.4,Transportation,Student,RBC,CAD
2024-06-27,Tim Hortons,Coffee payment - Tim Hortons,-9.58,Coffee,Student,RBC,CAD
2024-06-28,Spotify,Spotify debit transaction,-21.73,Subscriptions,Student,RBC,CAD
2024-07-01,Payroll Deposit,Direct deposit from Payroll Deposit,1442.86,Income,Student,RBC,CAD
2024-07-03,Metro,Metro debit transaction,-73.65,Groceries,Student,RBC,CAD
2024-07-04,Pearson Education,RBC card transaction at Pearson Education,-170.82,Education,Student,RBC,CAD
2024-07-05,Tim Hortons,Tim Hortons purchase,-8.32,Coffee,Student,RBC,CAD
2024-07-06,Presto,RBC card transaction at Presto,-67.16,Transportation,Student,RBC,CAD
2024-07-08,Second Cup,Coffee payment - Second Cup,-4.61,Coffee,Student,RBC,CAD
2024-07-09,Presto,Presto debit transaction,-82.39,Transportation,Student,RBC,CAD
2024-07-11,Pearson Education,RBC card transaction at Pearson Education,-105.47,Education,Student,RBC,CAD
2024-07-15,Amazon Prime,Amazon Prime debit transaction,-11.74,Subscriptions,Student,RBC,CAD
2024-07-15,Second Cup,Coffee payment - Second Cup,-8.16,Coffee,Student,RBC,CAD
2024-07-15,Tim Hortons,RBC card transaction at Tim Hortons,-6.2,Coffee,Student,RBC,CAD
2024-07-18,No Frills,Groceries payment - No Frills,-75.21,Groceries,Student,RBC,CAD
2024-07-19,Campus Bookstore,Education payment - Campus Bookstore,-137.65,Education,Student,RBC,CAD
2024-07-20,Coursera,Coursera debit transaction,-132.0,Education,Student,RBC,CAD
2024-07-21,Metro,RBC card transaction at Metro,-34.48,Groceries,Student,RBC,CAD
2024-07-22,Uniqlo,Uniqlo debit transaction,-119.07,Shopping,Student,RBC,CAD
2024-07-25,Chipotle,Dining payment - Chipotle,-53.82,Dining,Student,RBC,CAD
2024-07-26,Presto,Presto debit transaction,-75.28,Transportation,Student,RBC,CAD
2024-07-28,Presto,Presto purchase,-56.93,Transportation,Student,RBC,CAD
2024-07-28,Presto,Presto purchase,-38.77,Transportation,Student,RBC,CAD
2024-07-28,Subway,Subway purchase,-37.4,Dining,Student,RBC,CAD
2024-07-29,Starbucks,RBC card transaction at Starbucks,-6.94,Coffee,Student,RBC,CAD
2024-08-01,Payroll Deposit,Payroll Deposit income deposit,928.04,Income,Student,RBC,CAD
2024-08-02,Tim Hortons,Tim Hortons purchase,-12.35,Coffee,Student,RBC,CAD
2024-08-02,Uber,Transportation payment - Uber,-3.14,Transportation,Student,RBC,CAD
2024-08-03,Pizza Pizza,Pizza Pizza purchase,-50.02,Dining,Student,RBC,CAD
2024-08-03,Walmart Grocery,Walmart Grocery purchase,-102.84,Groceries,Student,RBC,CAD
2024-08-04,Scholarship Payment,Direct deposit from Scholarship Payment,943.5,Income,Student,RBC,CAD
2024-08-04,Starbucks,RBC card transaction at Starbucks,-6.5,Coffee,Student,RBC,CAD
2024-08-07,Presto,RBC card transaction at Presto,-68.42,Transportation,Student,RBC,CAD
2024-08-08,Metro,Metro purchase,-85.32,Groceries,Student,RBC,CAD
2024-08-11,No Frills,RBC card transaction at No Frills,-106.16,Groceries,Student,RBC,CAD
2024-08-12,Apple Store,Shopping payment - Apple Store,-86.66,Shopping,Student,RBC,CAD
2024-08-12,No Frills,Groceries payment - No Frills,-87.31,Groceries,Student,RBC,CAD
2024-08-12,No Frills,Groceries payment - No Frills,-77.91,Groceries,Student,RBC,CAD
2024-08-15,Amazon Prime,RBC card transaction at Amazon Prime,-16.72,Subscriptions,Student,RBC,CAD
2024-08-18,Best Buy,Shopping payment - Best Buy,-89.02,Shopping,Student,RBC,CAD
2024-08-18,Chipotle,RBC card transaction at Chipotle,-29.15,Dining,Student,RBC,CAD
2024-08-21,Metro,RBC card transaction at Metro,-64.88,Groceries,Student,RBC,CAD
2024-08-21,Second Cup,Coffee payment - Second Cup,-10.27,Coffee,Student,RBC,CAD
2024-08-22,Lyft,Lyft debit transaction,-32.87,Transportation,Student,RBC,CAD
2024-08-24,Tim Hortons,RBC card transaction at Tim Hortons,-10.11,Coffee,Student,RBC,CAD
2024-08-27,Walmart Grocery,RBC card transaction at Walmart Grocery,-26.99,Groceries,Student,RBC,CAD
2024-08-28,Payroll Deposit,Payroll Deposit income deposit,1182.84,Income,Student,RBC,CAD
2024-09-01,Lyft,Lyft purchase,-66.83,Transportation,Student,RBC,CAD
2024-09-01,Scholarship Payment,Scholarship Payment income deposit,1483.62,Income,Student,RBC,CAD
2024-09-05,Coursera,Coursera debit transaction,-115.4,Education,Student,RBC,CAD
2024-09-06,Presto,Transportation payment - Presto,-7.12,Transportation,Student,RBC,CAD
2024-09-08,Uber Eats,Dining payment - Uber Eats,-37.51,Dining,Student,RBC,CAD
2024-09-13,Lyft,RBC card transaction at Lyft,-54.4,Transportation,Student,RBC,CAD
2024-09-13,Pearson Education,Pearson Education purchase,-90.33,Education,Student,RBC,CAD
2024-09-13,Uber,Uber debit transaction,-15.1,Transportation,Student,RBC,CAD
2024-09-14,Metro,Metro debit transaction,-35.34,Groceries,Student,RBC,CAD
2024-09-15,Amazon Prime,RBC card transaction at Amazon Prime,-21.3,Subscriptions,Student,RBC,CAD
2024-09-15,No Frills,Groceries payment - No Frills,-86.91,Groceries,Student,RBC,CAD
2024-09-15,Uber Eats,Dining payment - Uber Eats,-49.88,Dining,Student,RBC,CAD
2024-09-16,Walmart Grocery,Walmart Grocery debit transaction,-85.2,Groceries,Student,RBC,CAD
2024-09-17,No Frills,RBC card transaction at No Frills,-27.53,Groceries,Student,RBC,CAD
2024-09-19,Payroll Deposit,Payroll Deposit income deposit,1737.13,Income,Student,RBC,CAD
2024-09-21,Metro,Metro purchase,-72.12,Groceries,Student,RBC,CAD
2024-09-22,Pearson Education,Pearson Education debit transaction,-157.34,Education,Student,RBC,CAD
2024-09-25,Starbucks,Coffee payment - Starbucks,-12.49,Coffee,Student,RBC,CAD
2024-09-26,Subway,Subway debit transaction,-16.63,Dining,Student,RBC,CAD
2024-09-30,Apple Store,Shopping payment - Apple Store,-23.07,Shopping,Student,RBC,CAD
2024-09-30,Lyft,RBC card transaction at Lyft,-71.1,Transportation,Student,RBC,CAD
2024-09-30,Presto,Presto purchase,-40.43,Transportation,Student,RBC,CAD
2024-10-01,Scholarship Payment,Scholarship Payment income deposit,1771.51,Income,Student,RBC,CAD
2024-10-02,Metro,Metro purchase,-45.75,Groceries,Student,RBC,CAD
2024-10-02,Scholarship Payment,Direct deposit from Scholarship Payment,1238.13,Income,Student,RBC,CAD
2024-10-03,Apple Store,Apple Store debit transaction,-146.23,Shopping,Student,RBC,CAD
2024-10-05,Pearson Education,Pearson Education purchase,-52.13,Education,Student,RBC,CAD
2024-10-05,Starbucks,Starbucks debit transaction,-9.36,Coffee,Student,RBC,CAD
2024-10-11,Presto,Presto purchase,-17.29,Transportation,Student,RBC,CAD
2024-10-12,Apple Store,Apple Store debit transaction,-38.03,Shopping,Student,RBC,CAD
2024-10-13,Lyft,Transportation payment - Lyft,-3.48,Transportation,Student,RBC,CAD
2024-10-14,Pizza Pizza,Pizza Pizza purchase,-19.31,Dining,Student,RBC,CAD
2024-10-14,Uber Eats,Dining payment - Uber Eats,-24.89,Dining,Student,RBC,CAD
2024-10-15,Spotify,Subscriptions payment - Spotify,-15.54,Subscriptions,Student,RBC,CAD
2024-10-15,Spotify,Subscriptions payment - Spotify,-11.82,Subscriptions,Student,RBC,CAD
2024-10-16,Walmart Grocery,Walmart Grocery debit transaction,-46.01,Groceries,Student,RBC,CAD
2024-10-17,Presto,Presto debit transaction,-15.69,Transportation,Student,RBC,CAD
2024-10-17,Uber,RBC card transaction at Uber,-40.2,Transportation,Student,RBC,CAD
2024-10-20,Chipotle,Chipotle purchase,-49.75,Dining,Student,RBC,CAD
2024-10-20,Spotify,Spotify purchase,-16.53,Subscriptions,Student,RBC,CAD
2024-10-23,Chipotle,Dining payment - Chipotle,-39.24,Dining,Student,RBC,CAD
2024-10-23,Metro,RBC card transaction at Metro,-41.92,Groceries,Student,RBC,CAD
2024-10-23,Uber,RBC card transaction at Uber,-48.57,Transportation,Student,RBC,CAD
2024-10-27,Metro,RBC card transaction at Metro,-96.11,Groceries,Student,RBC,CAD
2024-11-01,Payroll Deposit,Payroll Deposit income deposit,924.28,Income,Student,RBC,CAD
2024-11-01,Walmart Grocery,Groceries payment - Walmart Grocery,-78.37,Groceries,Student,RBC,CAD
2024-11-04,No Frills,Groceries payment - No Frills,-80.8,Groceries,Student,RBC,CAD
2024-11-04,Scholarship Payment,Scholarship Payment income deposit,1092.0,Income,Student,RBC,CAD
2024-11-05,Best Buy,Shopping payment - Best Buy,-153.89,Shopping,Student,RBC,CAD
2024-11-05,No Frills,No Frills purchase,-65.89,Groceries,Student,RBC,CAD
2024-11-07,Apple Store,Apple Store purchase,-30.12,Shopping,Student,RBC,CAD
2024-11-07,Campus Bookstore,RBC card transaction at Campus Bookstore,-166.99,Education,Student,RBC,CAD
2024-11-07,Presto,RBC card transaction at Presto,-58.58,Transportation,Student,RBC,CAD
2024-11-08,Presto,Transportation payment - Presto,-5.05,Transportation,Student,RBC,CAD
2024-11-08,Uber,Uber purchase,-67.06,Transportation,Student,RBC,CAD
2024-11-09,Pizza Pizza,Pizza Pizza purchase,-31.16,Dining,Student,RBC,CAD
2024-11-11,Pizza Pizza,Pizza Pizza debit transaction,-30.46,Dining,Student,RBC,CAD
2024-11-13,Uber Eats,RBC card transaction at Uber Eats,-10.36,Dining,Student,RBC,CAD
2024-11-14,H&M,H&M purchase,-47.96,Shopping,Student,RBC,CAD
2024-11-14,Second Cup,Second Cup debit transaction,-16.14,Coffee,Student,RBC,CAD
2024-11-15,Best Buy,RBC card transaction at Best Buy,-173.38,Shopping,Student,RBC,CAD
2024-11-15,Netflix,Netflix debit transaction,-10.79,Subscriptions,Student,RBC,CAD
2024-11-19,Tim Hortons,Tim Hortons debit transaction,-9.95,Coffee,Student,RBC,CAD
2024-11-22,Walmart Grocery,Groceries payment - Walmart Grocery,-91.87,Groceries,Student,RBC,CAD
2024-11-25,Chipotle,Dining payment - Chipotle,-22.52,Dining,Student,RBC,CAD
2024-11-30,No Frills,No Frills debit transaction,-118.03,Groceries,Student,RBC,CAD
2024-12-01,Payroll Deposit,Direct deposit from Payroll Deposit,1855.9,Income,Student,RBC,CAD
2024-12-03,Subway,Dining payment - Subway,-54.03,Dining,Student,RBC,CAD
2024-12-04,Netflix,Netflix debit transaction,-14.02,Subscriptions,Student,RBC,CAD
2024-12-07,Starbucks,RBC card transaction at Starbucks,-5.67,Coffee,Student,RBC,CAD
2024-12-10,No Frills,RBC card transaction at No Frills,-60.38,Groceries,Student,RBC,CAD
2024-12-10,Tim Hortons,Coffee payment - Tim Hortons,-5.0,Coffee,Student,RBC,CAD
2024-12-11,Spotify,Spotify debit transaction,-12.66,Subscriptions,Student,RBC,CAD
2024-12-12,Uber Eats,Uber Eats debit transaction,-29.95,Dining,Student,RBC,CAD
2024-12-14,Chipotle,Chipotle debit transaction,-19.04,Dining,Student,RBC,CAD
2024-12-14,Payroll Deposit,Direct deposit from Payroll Deposit,1582.08,Income,Student,RBC,CAD
2024-12-15,Spotify,Subscriptions payment - Spotify,-12.71,Subscriptions,Student,RBC,CAD
2024-12-15,Uber,RBC card transaction at Uber,-28.14,Transportation,Student,RBC,CAD
2024-12-16,Pizza Pizza,Pizza Pizza purchase,-11.3,Dining,Student,RBC,CAD
2024-12-17,Uber Eats,RBC card transaction at Uber Eats,-10.57,Dining,Student,RBC,CAD
2024-12-18,Uber Eats,Uber Eats debit transaction,-22.34,Dining,Student,RBC,CAD
2024-12-19,Lyft,RBC card transaction at Lyft,-29.43,Transportation,Student,RBC,CAD
2024-12-19,Pearson Education,Education payment - Pearson Education,-110.28,Education,Student,RBC,CAD
2024-12-20,Spotify,Subscriptions payment - Spotify,-12.08,Subscriptions,Student,RBC,CAD
2024-12-21,Chipotle,Dining payment - Chipotle,-41.83,Dining,Student,RBC,CAD
2024-12-23,Walmart Grocery,Walmart Grocery debit transaction,-28.39,Groceries,Student,RBC,CAD
2024-12-26,Lyft,Transportation payment - Lyft,-41.12,Transportation,Student,RBC,CAD
2024-12-26,Second Cup,Second Cup purchase,-8.86,Coffee,Student,RBC,CAD
2024-12-27,Pizza Pizza,Dining payment - Pizza Pizza,-14.75,Dining,Student,RBC,CAD
2024-12-27,Presto,Presto purchase,-25.87,Transportation,Student,RBC,CAD
2024-12-30,Pearson Education,Education payment - Pearson Education,-40.8,Education,Student,RBC,CAD
2024-12-31,Scholarship Payment,Direct deposit from Scholarship Payment,1447.34,Income,Student,RBC,CAD
2025-01-01,Scholarship Payment,Scholarship Payment income deposit,1559.22,Income,Student,RBC,CAD
2025-01-05,Metro,RBC card transaction at Metro,-38.12,Groceries,Student,RBC,CAD
2025-01-05,Walmart Grocery,Walmart Grocery purchase,-36.07,Groceries,Student,RBC,CAD
2025-01-07,Uber,Uber debit transaction,-81.89,Transportation,Student,RBC,CAD
2025-01-10,Uber Eats,Dining payment - Uber Eats,-30.34,Dining,Student,RBC,CAD
2025-01-11,Second Cup,Second Cup debit transaction,-10.16,Coffee,Student,RBC,CAD
2025-01-12,Uber Eats,RBC card transaction at Uber Eats,-13.45,Dining,Student,RBC,CAD
2025-01-15,Netflix,Netflix purchase,-14.31,Subscriptions,Student,RBC,CAD
2025-01-15,Tim Hortons,RBC card transaction at Tim Hortons,-15.15,Coffee,Student,RBC,CAD
2025-01-17,Chipotle,Dining payment - Chipotle,-46.28,Dining,Student,RBC,CAD
2025-01-18,No Frills,Groceries payment - No Frills,-116.71,Groceries,Student,RBC,CAD
2025-01-20,H&M,Shopping payment - H&M,-151.86,Shopping,Student,RBC,CAD
2025-01-20,Uber Eats,Dining payment - Uber Eats,-30.82,Dining,Student,RBC,CAD
2025-01-21,Second Cup,RBC card transaction at Second Cup,-16.1,Coffee,Student,RBC,CAD
2025-01-24,Spotify,Spotify debit transaction,-16.1,Subscriptions,Student,RBC,CAD
2025-01-25,Coursera,Coursera purchase,-113.66,Education,Student,RBC,CAD
2025-01-25,Tim Hortons,Coffee payment - Tim Hortons,-13.54,Coffee,Student,RBC,CAD
2025-01-30,H&M,H&M purchase,-156.89,Shopping,Student,RBC,CAD
2025-01-30,Uber,Uber debit transaction,-29.37,Transportation,Student,RBC,CAD
2025-02-01,Payroll Deposit,Direct deposit from Payroll Deposit,698.93,Income,Student,RBC,CAD
2025-02-03,Uber,Uber debit transaction,-78.17,Transportation,Student,RBC,CAD
2025-02-03,Uber,Uber purchase,-80.32,Transportation,Student,RBC,CAD
2025-02-04,Chipotle,Dining payment - Chipotle,-22.79,Dining,Student,RBC,CAD
2025-02-05,Tim Hortons,RBC card transaction at Tim Hortons,-4.09,Coffee,Student,RBC,CAD
2025-02-10,Scholarship Payment,Scholarship Payment income deposit,1800.68,Income,Student,RBC,CAD
2025-02-12,Tim Hortons,RBC card transaction at Tim Hortons,-9.42,Coffee,Student,RBC,CAD
2025-02-14,Presto,Presto debit transaction,-71.77,Transportation,Student,RBC,CAD
2025-02-15,Netflix,RBC card transaction at Netflix,-15.82,Subscriptions,Student,RBC,CAD
2025-02-17,Lyft,Lyft purchase,-21.84,Transportation,Student,RBC,CAD
2025-02-17,Metro,Metro debit transaction,-42.58,Groceries,Student,RBC,CAD
2025-02-21,Uber,Transportation payment - Uber,-13.57,Transportation,Student,RBC,CAD
2025-02-22,Tim Hortons,Tim Hortons purchase,-15.05,Coffee,Student,RBC,CAD
2025-03-01,Payroll Deposit,Direct deposit from Payroll Deposit,1457.53,Income,Student,RBC,CAD
2025-03-01,Second Cup,RBC card transaction at Second Cup,-11.75,Coffee,Student,RBC,CAD
2025-03-03,Metro,RBC card transaction at Metro,-104.13,Groceries,Student,RBC,CAD
2025-03-06,Amazon Prime,Subscriptions payment - Amazon Prime,-13.54,Subscriptions,Student,RBC,CAD
2025-03-06,No Frills,No Frills debit transaction,-52.86,Groceries,Student,RBC,CAD
2025-03-07,No Frills,No Frills debit transaction,-120.0,Groceries,Student,RBC,CAD
2025-03-07,Spotify,RBC card transaction at Spotify,-11.22,Subscriptions,Student,RBC,CAD
2025-03-10,Apple Store,Apple Store purchase,-172.62,Shopping,Student,RBC,CAD
2025-03-11,Second Cup,Second Cup debit transaction,-12.36,Coffee,Student,RBC,CAD
2025-03-13,Pearson Education,Pearson Education debit transaction,-184.03,Education,Student,RBC,CAD
2025-03-15,Amazon Prime,Amazon Prime debit transaction,-20.22,Subscriptions,Student,RBC,CAD
2025-03-15,H&M,H&M debit transaction,-186.21,Shopping,Student,RBC,CAD
2025-03-15,Lyft,Transportation payment - Lyft,-66.09,Transportation,Student,RBC,CAD
2025-03-16,Starbucks,Starbucks debit transaction,-10.37,Coffee,Student,RBC,CAD
2025-03-17,Starbucks,RBC card transaction at Starbucks,-7.28,Coffee,Student,RBC,CAD
2025-03-17,Uber,Transportation payment - Uber,-82.23,Transportation,Student,RBC,CAD
2025-03-18,H&M,H&M purchase,-162.28,Shopping,Student,RBC,CAD
2025-03-18,Presto,Presto debit transaction,-28.38,Transportation,Student,RBC,CAD
2025-03-22,Chipotle,Chipotle debit transaction,-53.63,Dining,Student,RBC,CAD
2025-03-24,Amazon Prime,Amazon Prime debit transaction,-19.69,Subscriptions,Student,RBC,CAD
2025-03-24,Subway,Dining payment - Subway,-11.97,Dining,Student,RBC,CAD
2025-03-25,Second Cup,Coffee payment - Second Cup,-17.0,Coffee,Student,RBC,CAD
2025-03-29,Uber,Uber debit transaction,-33.16,Transportation,Student,RBC,CAD
2025-03-30,Uber Eats,RBC card transaction at Uber Eats,-10.7,Dining,Student,RBC,CAD
2025-03-31,Apple Store,Apple Store debit transaction,-183.34,Shopping,Student,RBC,CAD
2025-04-01,Payroll Deposit,Payroll Deposit income deposit,716.57,Income,Student,RBC,CAD
2025-04-04,Presto,Transportation payment - Presto,-51.93,Transportation,Student,RBC,CAD
2025-04-05,Starbucks,Starbucks purchase,-8.02,Coffee,Student,RBC,CAD
2025-04-08,Chipotle,RBC card transaction at Chipotle,-15.48,Dining,Student,RBC,CAD
2025-04-08,No Frills,No Frills purchase,-50.51,Groceries,Student,RBC,CAD
2025-04-09,No Frills,No Frills debit transaction,-51.69,Groceries,Student,RBC,CAD
2025-04-12,H&M,RBC card transaction at H&M,-102.79,Shopping,Student,RBC,CAD
2025-04-14,Uber,Uber purchase,-53.41,Transportation,Student,RBC,CAD
2025-04-15,Amazon Prime,RBC card transaction at Amazon Prime,-8.95,Subscriptions,Student,RBC,CAD
2025-04-15,Tim Hortons,Tim Hortons purchase,-16.68,Coffee,Student,RBC,CAD
2025-04-17,Pearson Education,Pearson Education debit transaction,-120.84,Education,Student,RBC,CAD
2025-04-17,Walmart Grocery,Walmart Grocery debit transaction,-74.29,Groceries,Student,RBC,CAD
2025-04-18,Subway,Dining payment - Subway,-15.0,Dining,Student,RBC,CAD
2025-04-18,Tim Hortons,RBC card transaction at Tim Hortons,-14.86,Coffee,Student,RBC,CAD
2025-04-19,Presto,Transportation payment - Presto,-18.36,Transportation,Student,RBC,CAD
2025-04-21,Presto,Presto debit transaction,-61.92,Transportation,Student,RBC,CAD
2025-04-23,Tim Hortons,Tim Hortons debit transaction,-14.62,Coffee,Student,RBC,CAD
2025-04-24,Uber,Transportation payment - Uber,-51.69,Transportation,Student,RBC,CAD
2025-05-01,Payroll Deposit,Payroll Deposit income deposit,1741.66,Income,Student,RBC,CAD
2025-05-02,Metro,Metro debit transaction,-108.35,Groceries,Student,RBC,CAD
2025-05-04,Coursera,RBC card transaction at Coursera,-53.68,Education,Student,RBC,CAD
2025-05-04,H&M,H&M debit transaction,-37.46,Shopping,Student,RBC,CAD
2025-05-09,Pearson Education,Pearson Education purchase,-101.78,Education,Student,RBC,CAD
2025-05-11,Apple Store,RBC card transaction at Apple Store,-81.3,Shopping,Student,RBC,CAD
2025-05-12,Campus Bookstore,Campus Bookstore debit transaction,-182.58,Education,Student,RBC,CAD
2025-05-14,Chipotle,Dining payment - Chipotle,-43.45,Dining,Student,RBC,CAD
2025-05-15,Netflix,Subscriptions payment - Netflix,-17.69,Subscriptions,Student,RBC,CAD
2025-05-16,Chipotle,Chipotle debit transaction,-12.85,Dining,Student,RBC,CAD
2025-05-16,Walmart Grocery,Walmart Grocery debit transaction,-100.77,Groceries,Student,RBC,CAD
2025-05-18,Best Buy,RBC card transaction at Best Buy,-84.24,Shopping,Student,RBC,CAD
2025-05-18,Pearson Education,RBC card transaction at Pearson Education,-199.9,Education,Student,RBC,CAD
2025-05-21,Uber Eats,RBC card transaction at Uber Eats,-41.17,Dining,Student,RBC,CAD
2025-05-23,Metro,Groceries payment - Metro,-21.77,Groceries,Student,RBC,CAD
2025-05-24,Apple Store,Shopping payment - Apple Store,-35.79,Shopping,Student,RBC,CAD
2025-05-25,Uber Eats,Uber Eats debit transaction,-22.87,Dining,Student,RBC,CAD
2025-05-26,Chipotle,Dining payment - Chipotle,-13.56,Dining,Student,RBC,CAD
2025-05-27,Tim Hortons,Tim Hortons purchase,-15.47,Coffee,Student,RBC,CAD
2025-05-28,Uber Eats,RBC card transaction at Uber Eats,-22.29,Dining,Student,RBC,CAD
2025-05-30,No Frills,RBC card transaction at No Frills,-70.57,Groceries,Student,RBC,CAD
2025-06-01,Scholarship Payment,Direct deposit from Scholarship Payment,1512.21,Income,Student,RBC,CAD
2025-06-01,Uber Eats,Uber Eats debit transaction,-32.46,Dining,Student,RBC,CAD
2025-06-02,Second Cup,Second Cup debit transaction,-13.51,Coffee,Student,RBC,CAD
2025-06-03,Metro,Groceries payment - Metro,-55.06,Groceries,Student,RBC,CAD
2025-06-03,Pearson Education,Pearson Education debit transaction,-36.08,Education,Student,RBC,CAD
2025-06-03,Uber,RBC card transaction at Uber,-57.76,Transportation,Student,RBC,CAD
2025-06-03,Uniqlo,RBC card transaction at Uniqlo,-28.94,Shopping,Student,RBC,CAD
2025-06-04,Pizza Pizza,Pizza Pizza debit transaction,-36.65,Dining,Student,RBC,CAD
2025-06-04,Walmart Grocery,Walmart Grocery debit transaction,-119.27,Groceries,Student,RBC,CAD
2025-06-05,Starbucks,Starbucks purchase,-7.3,Coffee,Student,RBC,CAD
2025-06-06,Tim Hortons,Coffee payment - Tim Hortons,-17.56,Coffee,Student,RBC,CAD
2025-06-07,Uber,Uber purchase,-14.13,Transportation,Student,RBC,CAD
2025-06-11,Pizza Pizza,RBC card transaction at Pizza Pizza,-21.23,Dining,Student,RBC,CAD
2025-06-12,Second Cup,RBC card transaction at Second Cup,-9.36,Coffee,Student,RBC,CAD
2025-06-12,Tim Hortons,Coffee payment - Tim Hortons,-14.68,Coffee,Student,RBC,CAD
2025-06-14,Walmart Grocery,RBC card transaction at Walmart Grocery,-83.23,Groceries,Student,RBC,CAD
2025-06-15,Amazon Prime,RBC card transaction at Amazon Prime,-20.48,Subscriptions,Student,RBC,CAD
2025-06-15,Presto,Presto debit transaction,-76.69,Transportation,Student,RBC,CAD
2025-06-20,Presto,RBC card transaction at Presto,-59.91,Transportation,Student,RBC,CAD
2025-06-21,Campus Bookstore,Campus Bookstore purchase,-170.58,Education,Student,RBC,CAD
2025-06-22,Walmart Grocery,Walmart Grocery debit transaction,-115.18,Groceries,Student,RBC,CAD
2025-06-23,Scholarship Payment,Direct deposit from Scholarship Payment,1326.45,Income,Student,RBC,CAD
2025-06-26,Scholarship Payment,Scholarship Payment income deposit,782.43,Income,Student,RBC,CAD
2025-06-30,Pizza Pizza,Pizza Pizza purchase,-21.78,Dining,Student,RBC,CAD
2025-07-01,Payroll Deposit,Payroll Deposit income deposit,1285.94,Income,Student,RBC,CAD
2025-07-05,Chipotle,Chipotle debit transaction,-44.55,Dining,Student,RBC,CAD
2025-07-06,Presto,RBC card transaction at Presto,-79.65,Transportation,Student,RBC,CAD
2025-07-07,Uber,RBC card transaction at Uber,-13.26,Transportation,Student,RBC,CAD
2025-07-08,Campus Bookstore,Education payment - Campus Bookstore,-30.65,Education,Student,RBC,CAD
2025-07-10,Spotify,Subscriptions payment - Spotify,-18.96,Subscriptions,Student,RBC,CAD
2025-07-10,Starbucks,Coffee payment - Starbucks,-17.99,Coffee,Student,RBC,CAD
2025-07-12,Presto,RBC card transaction at Presto,-72.37,Transportation,Student,RBC,CAD
2025-07-13,Scholarship Payment,Direct deposit from Scholarship Payment,1556.05,Income,Student,RBC,CAD
2025-07-13,Spotify,Spotify purchase,-17.56,Subscriptions,Student,RBC,CAD
2025-07-14,Lyft,Lyft debit transaction,-27.59,Transportation,Student,RBC,CAD
2025-07-14,Lyft,Lyft debit transaction,-58.73,Transportation,Student,RBC,CAD
2025-07-14,Subway,Subway purchase,-47.41,Dining,Student,RBC,CAD
2025-07-15,Amazon Prime,Amazon Prime purchase,-15.04,Subscriptions,Student,RBC,CAD
2025-07-19,Coursera,RBC card transaction at Coursera,-125.49,Education,Student,RBC,CAD
2025-07-21,Chipotle,Chipotle purchase,-30.25,Dining,Student,RBC,CAD
2025-07-22,Best Buy,RBC card transaction at Best Buy,-188.51,Shopping,Student,RBC,CAD
2025-07-26,Walmart Grocery,Groceries payment - Walmart Grocery,-25.54,Groceries,Student,RBC,CAD
2025-07-27,Apple Store,Apple Store purchase,-36.24,Shopping,Student,RBC,CAD
2025-07-27,Pizza Pizza,Pizza Pizza purchase,-15.64,Dining,Student,RBC,CAD
2025-07-31,Lyft,Transportation payment - Lyft,-22.01,Transportation,Student,RBC,CAD
2025-08-01,Scholarship Payment,Direct deposit from Scholarship Payment,1608.7,Income,Student,RBC,CAD
2025-08-02,Payroll Deposit,Payroll Deposit income deposit,1161.08,Income,Student,RBC,CAD
2025-08-02,Walmart Grocery,Walmart Grocery debit transaction,-62.84,Groceries,Student,RBC,CAD
2025-08-05,Amazon Prime,RBC card transaction at Amazon Prime,-11.39,Subscriptions,Student,RBC,CAD
2025-08-05,Apple Store,Shopping payment - Apple Store,-111.36,Shopping,Student,RBC,CAD
2025-08-06,Uniqlo,RBC card transaction at Uniqlo,-53.85,Shopping,Student,RBC,CAD
2025-08-08,Walmart Grocery,Walmart Grocery debit transaction,-48.68,Groceries,Student,RBC,CAD
2025-08-10,Payroll Deposit,Direct deposit from Payroll Deposit,1156.77,Income,Student,RBC,CAD
2025-08-10,Uber Eats,Dining payment - Uber Eats,-48.89,Dining,Student,RBC,CAD
2025-08-11,Metro,Metro debit transaction,-18.7,Groceries,Student,RBC,CAD
2025-08-11,Second Cup,RBC card transaction at Second Cup,-17.66,Coffee,Student,RBC,CAD
2025-08-11,Uber Eats,Uber Eats debit transaction,-30.99,Dining,Student,RBC,CAD
2025-08-12,Starbucks,Starbucks debit transaction,-7.86,Coffee,Student,RBC,CAD
2025-08-13,Walmart Grocery,RBC card transaction at Walmart Grocery,-64.26,Groceries,Student,RBC,CAD
2025-08-15,Chipotle,Chipotle debit transaction,-16.34,Dining,Student,RBC,CAD
2025-08-15,Lyft,Lyft purchase,-68.83,Transportation,Student,RBC,CAD
2025-08-15,Netflix,Netflix purchase,-21.23,Subscriptions,Student,RBC,CAD
2025-08-16,No Frills,No Frills debit transaction,-100.08,Groceries,Student,RBC,CAD
2025-08-16,Presto,Transportation payment - Presto,-43.9,Transportation,Student,RBC,CAD
2025-08-18,Walmart Grocery,RBC card transaction at Walmart Grocery,-83.47,Groceries,Student,RBC,CAD
2025-08-20,Tim Hortons,Tim Hortons debit transaction,-8.38,Coffee,Student,RBC,CAD
2025-08-22,Scholarship Payment,Scholarship Payment income deposit,1314.92,Income,Student,RBC,CAD
2025-08-25,Netflix,RBC card transaction at Netflix,-21.36,Subscriptions,Student,RBC,CAD
2025-08-28,Metro,Groceries payment - Metro,-83.78,Groceries,Student,RBC,CAD
2025-08-30,Coursera,Coursera debit transaction,-174.56,Education,Student,RBC,CAD
2025-08-30,Uber,RBC card transaction at Uber,-18.57,Transportation,Student,RBC,CAD
2025-09-01,Walmart Grocery,Groceries payment - Walmart Grocery,-114.18,Groceries,Student,RBC,CAD
2025-09-02,Campus Bookstore,RBC card transaction at Campus Bookstore,-131.4,Education,Student,RBC,CAD
2025-09-02,Uber Eats,Uber Eats purchase,-16.17,Dining,Student,RBC,CAD
2025-09-03,No Frills,Groceries payment - No Frills,-69.43,Groceries,Student,RBC,CAD
2025-09-03,Pearson Education,RBC card transaction at Pearson Education,-210.7,Education,Student,RBC,CAD
2025-09-04,Lyft,Transportation payment - Lyft,-50.86,Transportation,Student,RBC,CAD
2025-09-05,Second Cup,Second Cup debit transaction,-8.59,Coffee,Student,RBC,CAD
2025-09-05,Uniqlo,Uniqlo debit transaction,-26.31,Shopping,Student,RBC,CAD
2025-09-06,Chipotle,Dining payment - Chipotle,-54.58,Dining,Student,RBC,CAD
2025-09-06,Second Cup,Coffee payment - Second Cup,-6.37,Coffee,Student,RBC,CAD
2025-09-08,Walmart Grocery,Groceries payment - Walmart Grocery,-48.65,Groceries,Student,RBC,CAD
2025-09-11,Lyft,Transportation payment - Lyft,-61.12,Transportation,Student,RBC,CAD
2025-09-12,No Frills,No Frills purchase,-58.86,Groceries,Student,RBC,CAD
2025-09-13,Starbucks,RBC card transaction at Starbucks,-15.13,Coffee,Student,RBC,CAD
2025-09-15,Amazon Prime,Amazon Prime purchase,-16.36,Subscriptions,Student,RBC,CAD
2025-09-16,Best Buy,RBC card transaction at Best Buy,-115.23,Shopping,Student,RBC,CAD
2025-09-16,Spotify,Spotify purchase,-16.91,Subscriptions,Student,RBC,CAD
2025-09-16,Uber,Uber purchase,-33.21,Transportation,Student,RBC,CAD
2025-09-17,Uniqlo,Shopping payment - Uniqlo,-128.73,Shopping,Student,RBC,CAD
2025-09-18,Payroll Deposit,Payroll Deposit income deposit,664.81,Income,Student,RBC,CAD
2025-09-18,Spotify,Subscriptions payment - Spotify,-9.45,Subscriptions,Student,RBC,CAD
2025-09-18,Tim Hortons,RBC card transaction at Tim Hortons,-14.57,Coffee,Student,RBC,CAD
2025-09-18,Walmart Grocery,Walmart Grocery debit transaction,-54.98,Groceries,Student,RBC,CAD
2025-09-19,Apple Store,Shopping payment - Apple Store,-54.1,Shopping,Student,RBC,CAD
2025-09-20,Lyft,Lyft purchase,-11.97,Transportation,Student,RBC,CAD
2025-09-20,Subway,Subway debit transaction,-24.76,Dining,Student,RBC,CAD
2025-09-21,Best Buy,Best Buy purchase,-124.79,Shopping,Student,RBC,CAD
2025-09-21,Spotify,RBC card transaction at Spotify,-12.32,Subscriptions,Student,RBC,CAD
2025-09-21,Tim Hortons,RBC card transaction at Tim Hortons,-7.6,Coffee,Student,RBC,CAD
2025-09-22,Coursera,Education payment - Coursera,-86.44,Education,Student,RBC,CAD
2025-09-22,Second Cup,Second Cup purchase,-5.8,Coffee,Student,RBC,CAD
2025-09-26,Chipotle,Dining payment - Chipotle,-33.37,Dining,Student,RBC,CAD
2025-09-28,Campus Bookstore,Campus Bookstore purchase,-117.65,Education,Student,RBC,CAD
2025-10-01,Payroll Deposit,Direct deposit from Payroll Deposit,673.67,Income,Student,RBC,CAD
2025-10-02,Campus Bookstore,Education payment - Campus Bookstore,-153.52,Education,Student,RBC,CAD
2025-10-04,Presto,Presto purchase,-70.96,Transportation,Student,RBC,CAD
2025-10-05,Amazon Prime,RBC card transaction at Amazon Prime,-12.49,Subscriptions,Student,RBC,CAD
2025-10-05,Walmart Grocery,Walmart Grocery debit transaction,-75.21,Groceries,Student,RBC,CAD
2025-10-08,Spotify,Spotify debit transaction,-12.2,Subscriptions,Student,RBC,CAD
2025-10-08,Subway,Dining payment - Subway,-40.47,Dining,Student,RBC,CAD
2025-10-09,Subway,RBC card transaction at Subway,-20.12,Dining,Student,RBC,CAD
2025-10-10,Netflix,Netflix debit transaction,-17.98,Subscriptions,Student,RBC,CAD
2025-10-13,Spotify,RBC card transaction at Spotify,-14.16,Subscriptions,Student,RBC,CAD
2025-10-15,Spotify,Spotify debit transaction,-17.66,Subscriptions,Student,RBC,CAD
2025-10-18,Chipotle,RBC card transaction at Chipotle,-40.41,Dining,Student,RBC,CAD
2025-10-20,Amazon Prime,Amazon Prime purchase,-20.23,Subscriptions,Student,RBC,CAD
2025-10-20,Chipotle,Dining payment - Chipotle,-18.65,Dining,Student,RBC,CAD
2025-10-23,Pearson Education,Pearson Education debit transaction,-113.23,Education,Student,RBC,CAD
2025-10-25,Lyft,RBC card transaction at Lyft,-22.43,Transportation,Student,RBC,CAD
2025-10-26,Pizza Pizza,Pizza Pizza debit transaction,-24.66,Dining,Student,RBC,CAD
2025-10-30,Coursera,Education payment - Coursera,-212.66,Education,Student,RBC,CAD
2025-10-31,Chipotle,Chipotle debit transaction,-30.68,Dining,Student,RBC,CAD
2025-10-31,Lyft,Transportation payment - Lyft,-82.45,Transportation,Student,RBC,CAD
2025-11-01,Scholarship Payment,Scholarship Payment income deposit,802.34,Income,Student,RBC,CAD
2025-11-01,Subway,Subway debit transaction,-28.31,Dining,Student,RBC,CAD
2025-11-07,Apple Store,Shopping payment - Apple Store,-38.19,Shopping,Student,RBC,CAD
2025-11-07,Metro,RBC card transaction at Metro,-113.17,Groceries,Student,RBC,CAD
2025-11-09,Presto,Transportation payment - Presto,-43.23,Transportation,Student,RBC,CAD
2025-11-11,Chipotle,RBC card transaction at Chipotle,-39.07,Dining,Student,RBC,CAD
2025-11-12,Second Cup,Second Cup debit transaction,-13.06,Coffee,Student,RBC,CAD
2025-11-14,Campus Bookstore,Campus Bookstore purchase,-76.74,Education,Student,RBC,CAD
2025-11-15,Amazon Prime,Amazon Prime debit transaction,-15.49,Subscriptions,Student,RBC,CAD
2025-11-16,Pizza Pizza,Pizza Pizza debit transaction,-44.02,Dining,Student,RBC,CAD
2025-11-19,Spotify,Spotify debit transaction,-12.83,Subscriptions,Student,RBC,CAD
2025-11-20,Starbucks,Starbucks debit transaction,-7.39,Coffee,Student,RBC,CAD
2025-11-21,No Frills,RBC card transaction at No Frills,-94.23,Groceries,Student,RBC,CAD
2025-11-22,Payroll Deposit,Payroll Deposit income deposit,1344.81,Income,Student,RBC,CAD
2025-11-22,Scholarship Payment,Scholarship Payment income deposit,1632.26,Income,Student,RBC,CAD
2025-11-23,Chipotle,Dining payment - Chipotle,-14.52,Dining,Student,RBC,CAD
2025-11-23,No Frills,No Frills purchase,-53.33,Groceries,Student,RBC,CAD
2025-11-25,Coursera,Coursera purchase,-45.1,Education,Student,RBC,CAD
2025-11-25,No Frills,No Frills debit transaction,-47.63,Groceries,Student,RBC,CAD
2025-11-25,Starbucks,Starbucks purchase,-11.36,Coffee,Student,RBC,CAD
2025-11-26,Scholarship Payment,Scholarship Payment income deposit,1554.1,Income,Student,RBC,CAD
2025-11-29,Second Cup,Second Cup debit transaction,-12.93,Coffee,Student,RBC,CAD
2025-11-30,Uber Eats,RBC card transaction at Uber Eats,-26.54,Dining,Student,RBC,CAD
2025-12-01,Metro,RBC card transaction at Metro,-75.93,Groceries,Student,RBC,CAD
2025-12-01,Payroll Deposit,Payroll Deposit income deposit,1752.81,Income,Student,RBC,CAD
2025-12-02,Payroll Deposit,Payroll Deposit income deposit,1198.7,Income,Student,RBC,CAD
2025-12-05,Campus Bookstore,RBC card transaction at Campus Bookstore,-92.06,Education,Student,RBC,CAD
2025-12-05,Starbucks,Starbucks purchase,-7.06,Coffee,Student,RBC,CAD
2025-12-05,Uber,Uber purchase,-44.07,Transportation,Student,RBC,CAD
2025-12-07,Tim Hortons,Tim Hortons purchase,-8.63,Coffee,Student,RBC,CAD
2025-12-15,Amazon Prime,RBC card transaction at Amazon Prime,-9.21,Subscriptions,Student,RBC,CAD
2025-12-15,Second Cup,RBC card transaction at Second Cup,-14.06,Coffee,Student,RBC,CAD
2025-12-18,Uber,Transportation payment - Uber,-65.1,Transportation,Student,RBC,CAD
2025-12-18,Walmart Grocery,Groceries payment - Walmart Grocery,-108.7,Groceries,Student,RBC,CAD
2025-12-21,Walmart Grocery,Groceries payment - Walmart Grocery,-56.2,Groceries,Student,RBC,CAD
2025-12-22,Second Cup,Second Cup debit transaction,-6.46,Coffee,Student,RBC,CAD
2025-12-22,Second Cup,Second Cup debit transaction,-10.71,Coffee,Student,RBC,CAD
2025-12-24,Starbucks,RBC card transaction at Starbucks,-15.07,Coffee,Student,RBC,CAD
2025-12-26,Pearson Education,Education payment - Pearson Education,-65.06,Education,Student,RBC,CAD
2025-12-30,Metro,RBC card transaction at Metro,-47.03,Groceries,Student,RBC,CAD
2026-01-01,Campus Bookstore,Campus Bookstore debit transaction,-167.62,Education,Student,RBC,CAD
2026-01-01,Payroll Deposit,Payroll Deposit income deposit,1390.25,Income,Student,RBC,CAD
2026-01-02,Coursera,Education payment - Coursera,-119.22,Education,Student,RBC,CAD
2026-01-04,Chipotle,Chipotle debit transaction,-23.74,Dining,Student,RBC,CAD
2026-01-04,Second Cup,RBC card transaction at Second Cup,-8.93,Coffee,Student,RBC,CAD
2026-01-06,Walmart Grocery,RBC card transaction at Walmart Grocery,-51.25,Groceries,Student,RBC,CAD
2026-01-11,Second Cup,Coffee payment - Second Cup,-12.56,Coffee,Student,RBC,CAD
2026-01-12,Best Buy,Best Buy purchase,-105.52,Shopping,Student,RBC,CAD
2026-01-13,Lyft,Transportation payment - Lyft,-51.91,Transportation,Student,RBC,CAD
2026-01-13,Lyft,Transportation payment - Lyft,-18.23,Transportation,Student,RBC,CAD
2026-01-13,Pearson Education,Pearson Education purchase,-60.03,Education,Student,RBC,CAD
2026-01-15,Amazon Prime,Amazon Prime debit transaction,-15.77,Subscriptions,Student,RBC,CAD
2026-01-17,Uber,Uber debit transaction,-48.14,Transportation,Student,RBC,CAD
2026-01-18,Subway,Dining payment - Subway,-50.97,Dining,Student,RBC,CAD
2026-01-25,No Frills,No Frills purchase,-76.89,Groceries,Student,RBC,CAD
2026-01-26,Pizza Pizza,Dining payment - Pizza Pizza,-15.06,Dining,Student,RBC,CAD
2026-01-28,Amazon Prime,Amazon Prime purchase,-14.64,Subscriptions,Student,RBC,CAD
2026-01-28,Second Cup,Coffee payment - Second Cup,-11.39,Coffee,Student,RBC,CAD
2026-01-30,Chipotle,Chipotle purchase,-40.24,Dining,Student,RBC,CAD
2026-01-30,Pearson Education,Pearson Education purchase,-191.01,Education,Student,RBC,CAD
2026-02-01,Amazon Prime,RBC card transaction at Amazon Prime,-15.86,Subscriptions,Student,RBC,CAD
2026-02-01,Scholarship Payment,Scholarship Payment income deposit,1424.26,Income,Student,RBC,CAD
2026-02-02,Lyft,Lyft debit transaction,-43.38,Transportation,Student,RBC,CAD
2026-02-04,Uniqlo,Uniqlo debit transaction,-79.54,Shopping,Student,RBC,CAD
2026-02-05,No Frills,Groceries payment - No Frills,-82.62,Groceries,Student,RBC,CAD
2026-02-10,Subway,Subway purchase,-22.37,Dining,Student,RBC,CAD
2026-02-11,Coursera,Education payment - Coursera,-176.47,Education,Student,RBC,CAD
2026-02-12,Payroll Deposit,Direct deposit from Payroll Deposit,1118.99,Income,Student,RBC,CAD
2026-02-13,Apple Store,Shopping payment - Apple Store,-27.17,Shopping,Student,RBC,CAD
2026-02-14,Payroll Deposit,Payroll Deposit income deposit,1652.83,Income,Student,RBC,CAD
2026-02-14,Tim Hortons,Coffee payment - Tim Hortons,-10.84,Coffee,Student,RBC,CAD
2026-02-15,Apple Store,RBC card transaction at Apple Store,-89.72,Shopping,Student,RBC,CAD
2026-02-15,Spotify,Spotify purchase,-18.64,Subscriptions,Student,RBC,CAD
2026-02-16,No Frills,No Frills debit transaction,-93.57,Groceries,Student,RBC,CAD
2026-02-16,Pizza Pizza,Pizza Pizza purchase,-48.99,Dining,Student,RBC,CAD
2026-02-18,Tim Hortons,Coffee payment - Tim Hortons,-9.73,Coffee,Student,RBC,CAD
2026-02-19,Presto,Presto purchase,-24.97,Transportation,Student,RBC,CAD
2026-02-19,Uber,Transportation payment - Uber,-48.08,Transportation,Student,RBC,CAD
2026-02-22,Amazon Prime,Amazon Prime purchase,-11.39,Subscriptions,Student,RBC,CAD
2026-02-25,Payroll Deposit,Payroll Deposit income deposit,866.1,Income,Student,RBC,CAD
2026-02-26,Pearson Education,Pearson Education purchase,-132.01,Education,Student,RBC,CAD
2026-02-27,Subway,Subway purchase,-23.42,Dining,Student,RBC,CAD
2026-03-01,Scholarship Payment,Direct deposit from Scholarship Payment,1619.54,Income,Student,RBC,CAD
2026-03-03,Uniqlo,Shopping payment - Uniqlo,-84.13,Shopping,Student,RBC,CAD
2026-03-04,Uber,Transportation payment - Uber,-44.27,Transportation,Student,RBC,CAD
2026-03-08,Starbucks,Starbucks debit transaction,-13.96,Coffee,Student,RBC,CAD
2026-03-09,Starbucks,Starbucks debit transaction,-13.82,Coffee,Student,RBC,CAD
2026-03-13,Uber Eats,RBC card transaction at Uber Eats,-41.26,Dining,Student,RBC,CAD
2026-03-15,Spotify,RBC card transaction at Spotify,-16.15,Subscriptions,Student,RBC,CAD
2026-03-19,Campus Bookstore,RBC card transaction at Campus Bookstore,-139.44,Education,Student,RBC,CAD
2026-03-20,Amazon Prime,Subscriptions payment - Amazon Prime,-10.2,Subscriptions,Student,RBC,CAD
2026-03-20,Coursera,Education payment - Coursera,-60.69,Education,Student,RBC,CAD
2026-03-20,Pizza Pizza,Dining payment - Pizza Pizza,-11.75,Dining,Student,RBC,CAD
2026-03-20,Walmart Grocery,Walmart Grocery purchase,-40.82,Groceries,Student,RBC,CAD
2026-03-21,Second Cup,RBC card transaction at Second Cup,-12.79,Coffee,Student,RBC,CAD
2026-03-23,No Frills,RBC card transaction at No Frills,-47.51,Groceries,Student,RBC,CAD
2026-03-25,Starbucks,Coffee payment - Starbucks,-10.85,Coffee,Student,RBC,CAD
2026-03-25,Uber Eats,Uber Eats purchase,-13.86,Dining,Student,RBC,CAD
2026-03-26,Campus Bookstore,Campus Bookstore debit transaction,-199.91,Education,Student,RBC,CAD
2026-03-27,Uber,RBC card transaction at Uber,-64.41,Transportation,Student,RBC,CAD
2026-03-31,No Frills,No Frills purchase,-31.83,Groceries,Student,RBC,CAD
2026-03-31,Uniqlo,Shopping payment - Uniqlo,-137.38,Shopping,Student,RBC,CAD
2026-04-01,H&M,H&M purchase,-154.33,Shopping,Student,RBC,CAD
2026-04-01,Payroll Deposit,Payroll Deposit income deposit,1443.55,Income,Student,RBC,CAD
2026-04-01,Uber,Uber purchase,-60.04,Transportation,Student,RBC,CAD
2026-04-02,Lyft,Transportation payment - Lyft,-78.51,Transportation,Student,RBC,CAD
2026-04-02,Starbucks,Coffee payment - Starbucks,-4.71,Coffee,Student,RBC,CAD
2026-04-03,Spotify,Subscriptions payment - Spotify,-14.22,Subscriptions,Student,RBC,CAD
2026-04-03,Tim Hortons,RBC card transaction at Tim Hortons,-7.51,Coffee,Student,RBC,CAD
2026-04-03,Uber,Uber debit transaction,-34.41,Transportation,Student,RBC,CAD
2026-04-04,Pizza Pizza,Pizza Pizza purchase,-19.31,Dining,Student,RBC,CAD
2026-04-04,Starbucks,Starbucks debit transaction,-10.18,Coffee,Student,RBC,CAD
2026-04-05,Apple Store,RBC card transaction at Apple Store,-214.84,Shopping,Student,RBC,CAD
2026-04-05,Metro,Metro purchase,-61.18,Groceries,Student,RBC,CAD
2026-04-05,Presto,Presto debit transaction,-45.59,Transportation,Student,RBC,CAD
2026-04-05,Walmart Grocery,Groceries payment - Walmart Grocery,-98.41,Groceries,Student,RBC,CAD
2026-04-07,Pearson Education,Education payment - Pearson Education,-174.9,Education,Student,RBC,CAD
2026-04-08,Netflix,Netflix debit transaction,-10.96,Subscriptions,Student,RBC,CAD
2026-04-09,Lyft,RBC card transaction at Lyft,-70.53,Transportation,Student,RBC,CAD
2026-04-11,Metro,Groceries payment - Metro,-118.69,Groceries,Student,RBC,CAD
2026-04-13,Uber Eats,RBC card transaction at Uber Eats,-42.67,Dining,Student,RBC,CAD
2026-04-14,Metro,Metro debit transaction,-68.46,Groceries,Student,RBC,CAD
2026-04-14,Starbucks,Starbucks debit transaction,-17.94,Coffee,Student,RBC,CAD
2026-04-14,Subway,Subway purchase,-41.67,Dining,Student,RBC,CAD
2026-04-15,H&M,RBC card transaction at H&M,-155.44,Shopping,Student,RBC,CAD
2026-04-15,Netflix,Netflix purchase,-12.39,Subscriptions,Student,RBC,CAD
2026-04-17,Pearson Education,Pearson Education purchase,-211.51,Education,Student,RBC,CAD
2026-04-23,Subway,Subway purchase,-25.77,Dining,Student,RBC,CAD
2026-04-25,Walmart Grocery,Walmart Grocery purchase,-22.69,Groceries,Student,RBC,CAD
2026-04-27,No Frills,RBC card transaction at No Frills,-52.45,Groceries,Student,RBC,CAD
2026-04-28,Presto,Transportation payment - Presto,-59.91,Transportation,Student,RBC,CAD
2026-04-29,Starbucks,RBC card transaction at Starbucks,-6.23,Coffee,Student,RBC,CAD
2026-05-01,Campus Bookstore,RBC card transaction at Campus Bookstore,-81.14,Education,Student,RBC,CAD
2026-05-01,Payroll Deposit,Direct deposit from Payroll Deposit,735.51,Income,Student,RBC,CAD
2026-05-03,Tim Hortons,Coffee payment - Tim Hortons,-16.64,Coffee,Student,RBC,CAD
2026-05-07,Scholarship Payment,Direct deposit from Scholarship Payment,1370.35,Income,Student,RBC,CAD
2026-05-08,Chipotle,Chipotle purchase,-12.23,Dining,Student,RBC,CAD
2026-05-09,Chipotle,RBC card transaction at Chipotle,-18.48,Dining,Student,RBC,CAD
2026-05-09,Scholarship Payment,Scholarship Payment income deposit,1155.75,Income,Student,RBC,CAD
2026-05-09,Subway,Subway purchase,-21.17,Dining,Student,RBC,CAD
2026-05-12,Metro,RBC card transaction at Metro,-61.45,Groceries,Student,RBC,CAD
2026-05-12,No Frills,No Frills debit transaction,-82.06,Groceries,Student,RBC,CAD
2026-05-14,Amazon Prime,Amazon Prime purchase,-20.19,Subscriptions,Student,RBC,CAD
2026-05-14,Second Cup,RBC card transaction at Second Cup,-9.2,Coffee,Student,RBC,CAD
2026-05-15,Amazon Prime,Amazon Prime purchase,-15.4,Subscriptions,Student,RBC,CAD
2026-05-15,Apple Store,Shopping payment - Apple Store,-72.68,Shopping,Student,RBC,CAD
2026-05-15,H&M,H&M purchase,-39.96,Shopping,Student,RBC,CAD
2026-05-16,Coursera,Coursera debit transaction,-69.18,Education,Student,RBC,CAD
2026-05-16,Presto,Transportation payment - Presto,-12.24,Transportation,Student,RBC,CAD
2026-05-17,Presto,Presto debit transaction,-64.32,Transportation,Student,RBC,CAD
2026-05-19,Starbucks,Coffee payment - Starbucks,-8.92,Coffee,Student,RBC,CAD
2026-05-20,Netflix,Netflix debit transaction,-10.63,Subscriptions,Student,RBC,CAD
2026-05-21,Uber,Uber purchase,-67.27,Transportation,Student,RBC,CAD
2026-05-24,H&M,Shopping payment - H&M,-141.0,Shopping,Student,RBC,CAD
2026-05-25,Chipotle,Chipotle purchase,-48.16,Dining,Student,RBC,CAD
2026-05-29,Starbucks,Starbucks purchase,-5.96,Coffee,Student,RBC,CAD
2026-05-30,Metro,Groceries payment - Metro,-80.84,Groceries,Student,RBC,CAD
2026-06-01,Metro,Metro purchase,-19.41,Groceries,Student,RBC,CAD
2026-06-01,Second Cup,RBC card transaction at Second Cup,-14.6,Coffee,Student,RBC,CAD
2026-06-02,Metro,Metro purchase,-114.77,Groceries,Student,RBC,CAD
2026-06-03,Tim Hortons,Tim Hortons debit transaction,-17.64,Coffee,Student,RBC,CAD
2026-06-06,Campus Bookstore,Education payment - Campus Bookstore,-59.59,Education,Student,RBC,CAD
2026-06-12,Starbucks,RBC card transaction at Starbucks,-11.67,Coffee,Student,RBC,CAD
2026-06-15,Netflix,Subscriptions payment - Netflix,-9.62,Subscriptions,Student,RBC,CAD
2026-06-17,No Frills,RBC card transaction at No Frills,-82.11,Groceries,Student,RBC,CAD
2026-06-17,Second Cup,Second Cup purchase,-10.06,Coffee,Student,RBC,CAD
2026-06-18,No Frills,No Frills debit transaction,-95.8,Groceries,Student,RBC,CAD
2026-06-18,Second Cup,Second Cup debit transaction,-7.88,Coffee,Student,RBC,CAD
2026-06-18,Starbucks,RBC card transaction at Starbucks,-9.47,Coffee,Student,RBC,CAD
2026-06-21,Walmart Grocery,Walmart Grocery purchase,-40.67,Groceries,Student,RBC,CAD
2026-06-22,Tim Hortons,Coffee payment - Tim Hortons,-6.08,Coffee,Student,RBC,CAD
2026-06-23,Chipotle,Dining payment - Chipotle,-42.85,Dining,Student,RBC,CAD
2026-06-23,Tim Hortons,Coffee payment - Tim Hortons,-5.15,Coffee,Student,RBC,CAD
2026-06-24,Payroll Deposit,Direct deposit from Payroll Deposit,1507.9,Income,Student,RBC,CAD
2026-06-27,Presto,RBC card transaction at Presto,-28.5,Transportation,Student,RBC,CAD
2026-06-27,Uber Eats,RBC card transaction at Uber Eats,-18.23,Dining,Student,RBC,CAD
2026-06-28,Best Buy,Best Buy debit transaction,-175.79,Shopping,Student,RBC,CAD
2026-06-29,Netflix,Subscriptions payment - Netflix,-13.17,Subscriptions,Student,RBC,CAD
2026-06-29,No Frills,Groceries payment - No Frills,-115.42,Groceries,Student,RBC,CAD
2026-07-01,Payroll Deposit,Direct deposit from Payroll Deposit,665.83,Income,Student,RBC,CAD
2026-07-11,Metro,Groceries payment - Metro,-45.74,Groceries,Student,RBC,CAD
2026-07-12,Metro,Metro debit transaction,-94.48,Groceries,Student,RBC,CAD
2026-07-15,Netflix,Netflix purchase,-11.42,Subscriptions,Student,RBC,CAD
2026-07-15,Tim Hortons,RBC card transaction at Tim Hortons,-4.78,Coffee,Student,RBC,CAD
2026-07-16,Campus Bookstore,RBC card transaction at Campus Bookstore,-137.45,Education,Student,RBC,CAD
2026-07-16,Netflix,Subscriptions payment - Netflix,-12.92,Subscriptions,Student,RBC,CAD
2026-07-18,Campus Bookstore,Education payment - Campus Bookstore,-143.69,Education,Student,RBC,CAD
2026-07-22,Metro,RBC card transaction at Metro,-69.42,Groceries,Student,RBC,CAD
2026-07-22,Scholarship Payment,Direct deposit from Scholarship Payment,1478.1,Income,Student,RBC,CAD
2026-07-24,Lyft,Lyft purchase,-21.73,Transportation,Student,RBC,CAD
2026-07-24,No Frills,No Frills purchase,-96.69,Groceries,Student,RBC,CAD
2026-07-25,Lyft,Lyft debit transaction,-48.4,Transportation,Student,RBC,CAD
2026-07-25,Uber,Uber purchase,-76.33,Transportation,Student,RBC,CAD
2026-07-27,Subway,Subway purchase,-33.02,Dining,Student,RBC,CAD
2026-07-29,Chipotle,Dining payment - Chipotle,-48.32,Dining,Student,RBC,CAD
2026-07-31,Amazon Prime,Subscriptions payment - Amazon Prime,-16.02,Subscriptions,Student,RBC,CAD
2026-08-01,Payroll Deposit,Direct deposit from Payroll Deposit,1813.95,Income,Student,RBC,CAD
2026-08-04,Lyft,Lyft purchase,-65.26,Transportation,Student,RBC,CAD
2026-08-04,No Frills,Groceries payment - No Frills,-62.95,Groceries,Student,RBC,CAD
2026-08-06,Metro,Metro debit transaction,-100.04,Groceries,Student,RBC,CAD
2026-08-07,Campus Bookstore,Education payment - Campus Bookstore,-184.3,Education,Student,RBC,CAD
2026-08-09,Spotify,Subscriptions payment - Spotify,-17.66,Subscriptions,Student,RBC,CAD
2026-08-11,Metro,Metro debit transaction,-60.46,Groceries,Student,RBC,CAD
2026-08-11,Payroll Deposit,Payroll Deposit income deposit,1545.82,Income,Student,RBC,CAD
2026-08-11,Walmart Grocery,RBC card transaction at Walmart Grocery,-102.25,Groceries,Student,RBC,CAD
2026-08-12,No Frills,No Frills debit transaction,-34.82,Groceries,Student,RBC,CAD
2026-08-12,Walmart Grocery,Walmart Grocery purchase,-69.21,Groceries,Student,RBC,CAD
2026-08-13,Spotify,Spotify purchase,-8.53,Subscriptions,Student,RBC,CAD
2026-08-15,Apple Store,RBC card transaction at Apple Store,-43.74,Shopping,Student,RBC,CAD
2026-08-15,Lyft,Lyft purchase,-33.25,Transportation,Student,RBC,CAD
2026-08-15,Netflix,Netflix debit transaction,-10.11,Subscriptions,Student,RBC,CAD
2026-08-15,Presto,RBC card transaction at Presto,-51.52,Transportation,Student,RBC,CAD
2026-08-19,Uber,RBC card transaction at Uber,-63.65,Transportation,Student,RBC,CAD
2026-08-25,Uber,RBC card transaction at Uber,-29.84,Transportation,Student,RBC,CAD
2026-08-26,Netflix,Netflix debit transaction,-10.28,Subscriptions,Student,RBC,CAD
2026-08-27,Netflix,Netflix debit transaction,-18.04,Subscriptions,Student,RBC,CAD
2026-08-28,Uber Eats,Uber Eats purchase,-23.88,Dining,Student,RBC,CAD
2026-08-29,Spotify,RBC card transaction at Spotify,-9.28,Subscriptions,Student,RBC,CAD
2026-09-01,Scholarship Payment,Direct deposit from Scholarship Payment,1838.74,Income,Student,RBC,CAD
2026-09-03,Presto,Presto debit transaction,-69.22,Transportation,Student,RBC,CAD
2026-09-04,Walmart Grocery,Walmart Grocery debit transaction,-83.0,Groceries,Student,RBC,CAD
2026-09-05,Campus Bookstore,RBC card transaction at Campus Bookstore,-45.0,Education,Student,RBC,CAD
2026-09-07,Tim Hortons,RBC card transaction at Tim Hortons,-13.85,Coffee,Student,RBC,CAD
2026-09-08,Chipotle,Chipotle purchase,-52.46,Dining,Student,RBC,CAD
2026-09-08,Coursera,Education payment - Coursera,-130.79,Education,Student,RBC,CAD
2026-09-10,H&M,H&M debit transaction,-188.13,Shopping,Student,RBC,CAD
2026-09-14,Uber,Uber purchase,-46.95,Transportation,Student,RBC,CAD
2026-09-15,Netflix,Netflix purchase,-17.96,Subscriptions,Student,RBC,CAD
2026-09-15,Presto,RBC card transaction at Presto,-40.99,Transportation,Student,RBC,CAD
2026-09-22,Tim Hortons,Tim Hortons debit transaction,-7.31,Coffee,Student,RBC,CAD
2026-09-23,Pizza Pizza,RBC card transaction at Pizza Pizza,-24.31,Dining,Student,RBC,CAD
2026-09-24,Coursera,RBC card transaction at Coursera,-47.35,Education,Student,RBC,CAD
2026-09-25,Subway,Subway purchase,-16.99,Dining,Student,RBC,CAD
2026-09-26,Presto,Presto debit transaction,-8.38,Transportation,Student,RBC,CAD
2026-09-27,Uber,Uber purchase,-20.63,Transportation,Student,RBC,CAD
2026-09-29,Campus Bookstore,Education payment - Campus Bookstore,-175.68,Education,Student,RBC,CAD
2026-09-29,Netflix,Netflix purchase,-10.43,Subscriptions,Student,RBC,CAD
2026-09-29,Pearson Education,RBC card transaction at Pearson Education,-213.75,Education,Student,RBC,CAD
2026-09-30,Payroll Deposit,Payroll Deposit income deposit,1698.52,Income,Student,RBC,CAD
2026-10-01,Payroll Deposit,Payroll Deposit income deposit,975.21,Income,Student,RBC,CAD
2026-10-01,Uber,Transportation payment - Uber,-59.02,Transportation,Student,RBC,CAD
2026-10-02,Pizza Pizza,Pizza Pizza debit transaction,-51.59,Dining,Student,RBC,CAD
2026-10-02,Uber Eats,Uber Eats purchase,-39.41,Dining,Student,RBC,CAD
2026-10-03,Starbucks,Starbucks debit transaction,-16.63,Coffee,Student,RBC,CAD
2026-10-07,Uniqlo,Uniqlo debit transaction,-146.15,Shopping,Student,RBC,CAD
2026-10-09,Uber,Transportation payment - Uber,-75.44,Transportation,Student,RBC,CAD
2026-10-12,No Frills,No Frills purchase,-77.4,Groceries,Student,RBC,CAD
2026-10-12,Presto,Presto debit transaction,-77.48,Transportation,Student,RBC,CAD
2026-10-13,Apple Store,RBC card transaction at Apple Store,-115.94,Shopping,Student,RBC,CAD
2026-10-13,Best Buy,RBC card transaction at Best Buy,-142.27,Shopping,Student,RBC,CAD
2026-10-13,Starbucks,RBC card transaction at Starbucks,-13.53,Coffee,Student,RBC,CAD
2026-10-15,Amazon Prime,Subscriptions payment - Amazon Prime,-8.85,Subscriptions,Student,RBC,CAD
2026-10-18,No Frills,No Frills debit transaction,-27.66,Groceries,Student,RBC,CAD
2026-10-19,Metro,Metro purchase,-112.34,Groceries,Student,RBC,CAD
2026-10-20,Presto,Presto debit transaction,-56.08,Transportation,Student,RBC,CAD
2026-10-26,Metro,Metro debit transaction,-30.39,Groceries,Student,RBC,CAD
2026-10-27,Metro,Metro debit transaction,-31.33,Groceries,Student,RBC,CAD
2026-10-29,Uber Eats,RBC card transaction at Uber Eats,-15.51,Dining,Student,RBC,CAD
2026-10-31,Payroll Deposit,Payroll Deposit income deposit,1762.64,Income,Student,RBC,CAD
2026-11-01,Scholarship Payment,Scholarship Payment income deposit,1135.48,Income,Student,RBC,CAD
2026-11-01,Second Cup,RBC card transaction at Second Cup,-17.27,Coffee,Student,RBC,CAD
2026-11-01,Starbucks,Starbucks debit transaction,-7.17,Coffee,Student,RBC,CAD
2026-11-02,Pearson Education,Education payment - Pearson Education,-138.83,Education,Student,RBC,CAD
2026-11-04,Chipotle,Dining payment - Chipotle,-12.87,Dining,Student,RBC,CAD
2026-11-05,Netflix,RBC card transaction at Netflix,-12.48,Subscriptions,Student,RBC,CAD
2026-11-05,Second Cup,Second Cup debit transaction,-15.71,Coffee,Student,RBC,CAD
2026-11-06,H&M,RBC card transaction at H&M,-146.9,Shopping,Student,RBC,CAD
2026-11-06,Metro,Metro debit transaction,-78.44,Groceries,Student,RBC,CAD
2026-11-07,Lyft,Lyft debit transaction,-30.94,Transportation,Student,RBC,CAD
2026-11-08,Coursera,Coursera purchase,-217.59,Education,Student,RBC,CAD
2026-11-08,Coursera,Coursera debit transaction,-46.53,Education,Student,RBC,CAD
2026-11-08,Starbucks,Starbucks debit transaction,-7.77,Coffee,Student,RBC,CAD
2026-11-11,Pearson Education,Pearson Education purchase,-176.48,Education,Student,RBC,CAD
2026-11-15,Second Cup,RBC card transaction at Second Cup,-9.09,Coffee,Student,RBC,CAD
2026-11-15,Spotify,Spotify purchase,-13.23,Subscriptions,Student,RBC,CAD
2026-11-16,Coursera,Coursera debit transaction,-229.13,Education,Student,RBC,CAD
2026-11-16,Pizza Pizza,Dining payment - Pizza Pizza,-11.69,Dining,Student,RBC,CAD
2026-11-18,Tim Hortons,RBC card transaction at Tim Hortons,-6.46,Coffee,Student,RBC,CAD
2026-11-19,Metro,Groceries payment - Metro,-54.19,Groceries,Student,RBC,CAD
2026-11-19,Presto,Presto debit transaction,-66.5,Transportation,Student,RBC,CAD
2026-11-19,Uniqlo,Uniqlo debit transaction,-212.77,Shopping,Student,RBC,CAD
2026-11-20,Subway,Subway debit transaction,-10.9,Dining,Student,RBC,CAD
2026-11-21,Coursera,RBC card transaction at Coursera,-121.03,Education,Student,RBC,CAD
2026-11-27,Walmart Grocery,Walmart Grocery purchase,-95.93,Groceries,Student,RBC,CAD
2026-11-29,Uniqlo,Uniqlo debit transaction,-42.61,Shopping,Student,RBC,CAD
2026-11-30,Payroll Deposit,Direct deposit from Payroll Deposit,1281.96,Income,Student,RBC,CAD
2026-11-30,Presto,RBC card transaction at Presto,-7.88,Transportation,Student,RBC,CAD
2026-12-01,Payroll Deposit,Payroll Deposit income deposit,1027.21,Income,Student,RBC,CAD
2026-12-01,Second Cup,Coffee payment - Second Cup,-15.91,Coffee,Student,RBC,CAD
2026-12-04,Coursera,RBC card transaction at Coursera,-163.53,Education,Student,RBC,CAD
2026-12-04,Payroll Deposit,Payroll Deposit income deposit,1205.39,Income,Student,RBC,CAD
2026-12-12,Best Buy,RBC card transaction at Best Buy,-53.58,Shopping,Student,RBC,CAD
2026-12-15,Amazon Prime,Amazon Prime purchase,-21.11,Subscriptions,Student,RBC,CAD
2026-12-17,Pizza Pizza,RBC card transaction at Pizza Pizza,-29.51,Dining,Student,RBC,CAD
2026-12-19,Best Buy,Best Buy debit transaction,-166.1,Shopping,Student,RBC,CAD
2026-12-20,Subway,RBC card transaction at Subway,-51.45,Dining,Student,RBC,CAD
2026-12-21,Pearson Education,RBC card transaction at Pearson Education,-62.45,Education,Student,RBC,CAD
2026-12-22,Starbucks,Starbucks debit transaction,-9.3,Coffee,Student,RBC,CAD
2026-12-23,Second Cup,RBC card transaction at Second Cup,-5.78,Coffee,Student,RBC,CAD
2026-12-31,Coursera,Education payment - Coursera,-195.25,Education,Student,RBC,CAD
2024-01-01,Metro,Metro purchase,-48.4,Groceries,Student,Scotiabank,CAD
2024-01-01,Payroll Deposit,Payroll Deposit income deposit,830.04,Income,Student,Scotiabank,CAD
2024-01-03,Pizza Pizza,Dining payment - Pizza Pizza,-11.3,Dining,Student,Scotiabank,CAD
2024-01-04,No Frills,No Frills purchase,-96.92,Groceries,Student,Scotiabank,CAD
2024-01-08,Starbucks,Starbucks debit transaction,-10.9,Coffee,Student,Scotiabank,CAD
2024-01-08,Uber Eats,Uber Eats debit transaction,-23.71,Dining,Student,Scotiabank,CAD
2024-01-09,No Frills,Groceries payment - No Frills,-114.04,Groceries,Student,Scotiabank,CAD
2024-01-09,Uber Eats,Uber Eats purchase,-24.33,Dining,Student,Scotiabank,CAD
2024-01-10,Campus Bookstore,Education payment - Campus Bookstore,-170.9,Education,Student,Scotiabank,CAD
2024-01-11,Metro,Metro debit transaction,-60.11,Groceries,Student,Scotiabank,CAD
2024-01-15,Amazon Prime,Amazon Prime debit transaction,-18.95,Subscriptions,Student,Scotiabank,CAD
2024-01-17,Lyft,Lyft debit transaction,-67.2,Transportation,Student,Scotiabank,CAD
2024-01-19,Scholarship Payment,Direct deposit from Scholarship Payment,1708.9,Income,Student,Scotiabank,CAD
2024-01-20,Payroll Deposit,Direct deposit from Payroll Deposit,1036.06,Income,Student,Scotiabank,CAD
2024-01-28,Starbucks,Scotiabank card transaction at Starbucks,-10.88,Coffee,Student,Scotiabank,CAD
2024-01-30,Pearson Education,Pearson Education purchase,-107.74,Education,Student,Scotiabank,CAD
2024-01-30,Subway,Subway purchase,-22.11,Dining,Student,Scotiabank,CAD
2024-02-01,Scholarship Payment,Direct deposit from Scholarship Payment,651.25,Income,Student,Scotiabank,CAD
2024-02-04,Campus Bookstore,Education payment - Campus Bookstore,-162.9,Education,Student,Scotiabank,CAD
2024-02-06,Walmart Grocery,Walmart Grocery purchase,-24.14,Groceries,Student,Scotiabank,CAD
2024-02-07,Pearson Education,Pearson Education purchase,-161.39,Education,Student,Scotiabank,CAD
2024-02-09,No Frills,Scotiabank card transaction at No Frills,-103.63,Groceries,Student,Scotiabank,CAD
2024-02-11,Lyft,Scotiabank card transaction at Lyft,-83.33,Transportation,Student,Scotiabank,CAD
2024-02-11,Pearson Education,Pearson Education purchase,-150.91,Education,Student,Scotiabank,CAD
2024-02-11,Uber,Uber debit transaction,-40.7,Transportation,Student,Scotiabank,CAD
2024-02-12,Metro,Groceries payment - Metro,-36.32,Groceries,Student,Scotiabank,CAD
2024-02-12,No Frills,No Frills debit transaction,-77.69,Groceries,Student,Scotiabank,CAD
2024-02-15,Lyft,Scotiabank card transaction at Lyft,-23.17,Transportation,Student,Scotiabank,CAD
2024-02-15,Netflix,Netflix debit transaction,-17.05,Subscriptions,Student,Scotiabank,CAD
2024-02-15,Walmart Grocery,Walmart Grocery debit transaction,-36.94,Groceries,Student,Scotiabank,CAD
2024-02-18,Uniqlo,Shopping payment - Uniqlo,-172.49,Shopping,Student,Scotiabank,CAD
2024-02-20,No Frills,Scotiabank card transaction at No Frills,-118.1,Groceries,Student,Scotiabank,CAD
2024-02-22,Uniqlo,Uniqlo purchase,-90.6,Shopping,Student,Scotiabank,CAD
2024-02-24,Starbucks,Starbucks purchase,-8.21,Coffee,Student,Scotiabank,CAD
2024-02-24,Subway,Scotiabank card transaction at Subway,-49.52,Dining,Student,Scotiabank,CAD
2024-02-25,Metro,Metro purchase,-83.73,Groceries,Student,Scotiabank,CAD
2024-02-26,Apple Store,Apple Store purchase,-127.73,Shopping,Student,Scotiabank,CAD
2024-02-29,Apple Store,Apple Store purchase,-154.54,Shopping,Student,Scotiabank,CAD
2024-03-01,Amazon Prime,Amazon Prime purchase,-20.17,Subscriptions,Student,Scotiabank,CAD
2024-03-01,Scholarship Payment,Scholarship Payment income deposit,871.48,Income,Student,Scotiabank,CAD
2024-03-01,Second Cup,Scotiabank card transaction at Second Cup,-13.53,Coffee,Student,Scotiabank,CAD
2024-03-01,Subway,Subway debit transaction,-54.29,Dining,Student,Scotiabank,CAD
2024-03-03,Coursera,Scotiabank card transaction at Coursera,-43.43,Education,Student,Scotiabank,CAD
2024-03-03,Metro,Metro debit transaction,-78.45,Groceries,Student,Scotiabank,CAD
2024-03-07,H&M,H&M debit transaction,-180.87,Shopping,Student,Scotiabank,CAD
2024-03-08,Subway,Dining payment - Subway,-53.53,Dining,Student,Scotiabank,CAD
2024-03-09,Best Buy,Best Buy debit transaction,-196.2,Shopping,Student,Scotiabank,CAD
2024-03-09,Uber Eats,Dining payment - Uber Eats,-50.7,Dining,Student,Scotiabank,CAD
2024-03-11,Netflix,Netflix purchase,-19.9,Subscriptions,Student,Scotiabank,CAD
2024-03-12,Second Cup,Second Cup debit transaction,-5.26,Coffee,Student,Scotiabank,CAD
2024-03-13,Coursera,Education payment - Coursera,-171.08,Education,Student,Scotiabank,CAD
2024-03-13,Coursera,Education payment - Coursera,-239.99,Education,Student,Scotiabank,CAD
2024-03-15,Amazon Prime,Amazon Prime debit transaction,-8.92,Subscriptions,Student,Scotiabank,CAD
2024-03-15,Metro,Scotiabank card transaction at Metro,-113.5,Groceries,Student,Scotiabank,CAD
2024-03-19,Uber,Transportation payment - Uber,-16.98,Transportation,Student,Scotiabank,CAD
2024-03-27,Tim Hortons,Coffee payment - Tim Hortons,-7.54,Coffee,Student,Scotiabank,CAD
2024-03-30,Coursera,Education payment - Coursera,-44.44,Education,Student,Scotiabank,CAD
2024-04-01,Scholarship Payment,Direct deposit from Scholarship Payment,1709.58,Income,Student,Scotiabank,CAD
2024-04-02,Metro,Scotiabank card transaction at Metro,-111.68,Groceries,Student,Scotiabank,CAD
2024-04-05,H&M,Shopping payment - H&M,-60.88,Shopping,Student,Scotiabank,CAD
2024-04-06,Starbucks,Scotiabank card transaction at Starbucks,-8.35,Coffee,Student,Scotiabank,CAD
2024-04-07,Uber,Uber purchase,-77.34,Transportation,Student,Scotiabank,CAD
2024-04-08,Uber,Uber purchase,-41.83,Transportation,Student,Scotiabank,CAD
2024-04-09,Netflix,Netflix purchase,-12.07,Subscriptions,Student,Scotiabank,CAD
2024-04-09,Payroll Deposit,Payroll Deposit income deposit,1200.91,Income,Student,Scotiabank,CAD
2024-04-11,Metro,Metro purchase,-107.77,Groceries,Student,Scotiabank,CAD
2024-04-12,No Frills,No Frills purchase,-108.15,Groceries,Student,Scotiabank,CAD
2024-04-12,Uber,Transportation payment - Uber,-34.03,Transportation,Student,Scotiabank,CAD
2024-04-14,Pearson Education,Education payment - Pearson Education,-83.92,Education,Student,Scotiabank,CAD
2024-04-14,Second Cup,Second Cup purchase,-16.84,Coffee,Student,Scotiabank,CAD
2024-04-15,Amazon Prime,Subscriptions payment - Amazon Prime,-18.7,Subscriptions,Student,Scotiabank,CAD
2024-04-15,Walmart Grocery,Scotiabank card transaction at Walmart Grocery,-18.53,Groceries,Student,Scotiabank,CAD
2024-04-16,Uber Eats,Dining payment - Uber Eats,-46.36,Dining,Student,Scotiabank,CAD
2024-04-18,Coursera,Education payment - Coursera,-25.42,Education,Student,Scotiabank,CAD
2024-04-21,Pearson Education,Pearson Education purchase,-208.58,Education,Student,Scotiabank,CAD
2024-04-26,Lyft,Lyft debit transaction,-80.37,Transportation,Student,Scotiabank,CAD
2024-04-27,Uber,Uber purchase,-70.37,Transportation,Student,Scotiabank,CAD
2024-05-01,Payroll Deposit,Direct deposit from Payroll Deposit,1795.89,Income,Student,Scotiabank,CAD
2024-05-02,Metro,Groceries payment - Metro,-23.59,Groceries,Student,Scotiabank,CAD
2024-05-04,Starbucks,Starbucks purchase,-11.83,Coffee,Student,Scotiabank,CAD
2024-05-11,Presto,Presto purchase,-45.71,Transportation,Student,Scotiabank,CAD
2024-05-11,Uber Eats,Uber Eats purchase,-30.43,Dining,Student,Scotiabank,CAD
2024-05-15,Netflix,Netflix debit transaction,-14.57,Subscriptions,Student,Scotiabank,CAD
2024-05-19,Chipotle,Chipotle debit transaction,-14.86,Dining,Student,Scotiabank,CAD
2024-05-19,Tim Hortons,Coffee payment - Tim Hortons,-17.55,Coffee,Student,Scotiabank,CAD
2024-05-19,Uber,Transportation payment - Uber,-45.08,Transportation,Student,Scotiabank,CAD
2024-05-20,Uber Eats,Uber Eats purchase,-36.68,Dining,Student,Scotiabank,CAD
2024-05-22,Second Cup,Coffee payment - Second Cup,-17.32,Coffee,Student,Scotiabank,CAD
2024-05-23,Tim Hortons,Coffee payment - Tim Hortons,-4.82,Coffee,Student,Scotiabank,CAD
2024-05-24,Uber,Transportation payment - Uber,-18.25,Transportation,Student,Scotiabank,CAD
2024-05-25,Amazon Prime,Amazon Prime purchase,-11.21,Subscriptions,Student,Scotiabank,CAD
2024-05-25,Lyft,Scotiabank card transaction at Lyft,-28.52,Transportation,Student,Scotiabank,CAD
2024-05-25,Second Cup,Coffee payment - Second Cup,-7.26,Coffee,Student,Scotiabank,CAD
2024-05-26,Presto,Presto purchase,-7.96,Transportation,Student,Scotiabank,CAD
2024-05-26,Second Cup,Second Cup purchase,-10.35,Coffee,Student,Scotiabank,CAD
2024-05-28,Tim Hortons,Coffee payment - Tim Hortons,-9.62,Coffee,Student,Scotiabank,CAD
2024-05-28,Uber Eats,Dining payment - Uber Eats,-38.4,Dining,Student,Scotiabank,CAD
2024-05-29,Subway,Subway debit transaction,-38.68,Dining,Student,Scotiabank,CAD
2024-06-01,H&M,H&M purchase,-48.48,Shopping,Student,Scotiabank,CAD
2024-06-01,Payroll Deposit,Direct deposit from Payroll Deposit,721.65,Income,Student,Scotiabank,CAD
2024-06-05,Apple Store,Shopping payment - Apple Store,-59.14,Shopping,Student,Scotiabank,CAD
2024-06-05,Coursera,Scotiabank card transaction at Coursera,-230.12,Education,Student,Scotiabank,CAD
2024-06-06,Amazon Prime,Subscriptions payment - Amazon Prime,-16.82,Subscriptions,Student,Scotiabank,CAD
2024-06-06,Metro,Metro debit transaction,-38.2,Groceries,Student,Scotiabank,CAD
2024-06-07,Uber,Transportation payment - Uber,-18.11,Transportation,Student,Scotiabank,CAD
2024-06-11,Starbucks,Starbucks debit transaction,-13.35,Coffee,Student,Scotiabank,CAD
2024-06-12,No Frills,No Frills debit transaction,-117.6,Groceries,Student,Scotiabank,CAD
2024-06-14,Chipotle,Scotiabank card transaction at Chipotle,-17.3,Dining,Student,Scotiabank,CAD
2024-06-15,Subway,Dining payment - Subway,-33.17,Dining,Student,Scotiabank,CAD
2024-06-16,Presto,Scotiabank card transaction at Presto,-69.2,Transportation,Student,Scotiabank,CAD
2024-06-21,Uber Eats,Uber Eats debit transaction,-41.19,Dining,Student,Scotiabank,CAD
2024-06-23,Second Cup,Coffee payment - Second Cup,-12.4,Coffee,Student,Scotiabank,CAD
2024-06-24,Campus Bookstore,Campus Bookstore debit transaction,-185.09,Education,Student,Scotiabank,CAD
2024-06-26,Scholarship Payment,Direct deposit from Scholarship Payment,653.86,Income,Student,Scotiabank,CAD
2024-06-26,Spotify,Spotify debit transaction,-15.28,Subscriptions,Student,Scotiabank,CAD
2024-06-29,Payroll Deposit,Payroll Deposit income deposit,1607.89,Income,Student,Scotiabank,CAD
2024-06-29,Pizza Pizza,Pizza Pizza purchase,-32.32,Dining,Student,Scotiabank,CAD
2024-07-01,Scholarship Payment,Direct deposit from Scholarship Payment,1869.14,Income,Student,Scotiabank,CAD
2024-07-01,Starbucks,Coffee payment - Starbucks,-8.42,Coffee,Student,Scotiabank,CAD
2024-07-04,Starbucks,Starbucks debit transaction,-16.36,Coffee,Student,Scotiabank,CAD
2024-07-06,Campus Bookstore,Scotiabank card transaction at Campus Bookstore,-220.79,Education,Student,Scotiabank,CAD
2024-07-08,Campus Bookstore,Scotiabank card transaction at Campus Bookstore,-179.55,Education,Student,Scotiabank,CAD
2024-07-10,Metro,Groceries payment - Metro,-42.5,Groceries,Student,Scotiabank,CAD
2024-07-13,H&M,H&M purchase,-125.57,Shopping,Student,Scotiabank,CAD
2024-07-14,Apple Store,Apple Store purchase,-171.77,Shopping,Student,Scotiabank,CAD
2024-07-15,Netflix,Scotiabank card transaction at Netflix,-11.46,Subscriptions,Student,Scotiabank,CAD
2024-07-18,Subway,Dining payment - Subway,-41.25,Dining,Student,Scotiabank,CAD
2024-07-19,Lyft,Lyft debit transaction,-73.06,Transportation,Student,Scotiabank,CAD
2024-07-20,Chipotle,Dining payment - Chipotle,-53.96,Dining,Student,Scotiabank,CAD
2024-07-21,Amazon Prime,Scotiabank card transaction at Amazon Prime,-18.26,Subscriptions,Student,Scotiabank,CAD
2024-07-21,No Frills,No Frills purchase,-52.52,Groceries,Student,Scotiabank,CAD
2024-07-26,Second Cup,Coffee payment - Second Cup,-16.3,Coffee,Student,Scotiabank,CAD
2024-07-28,Pearson Education,Pearson Education debit transaction,-63.39,Education,Student,Scotiabank,CAD
2024-07-31,Metro,Scotiabank card transaction at Metro,-96.67,Groceries,Student,Scotiabank,CAD
2024-08-01,Payroll Deposit,Payroll Deposit income deposit,911.55,Income,Student,Scotiabank,CAD
2024-08-02,Lyft,Transportation payment - Lyft,-45.01,Transportation,Student,Scotiabank,CAD
2024-08-03,Lyft,Scotiabank card transaction at Lyft,-4.45,Transportation,Student,Scotiabank,CAD
2024-08-03,Tim Hortons,Scotiabank card transaction at Tim Hortons,-9.58,Coffee,Student,Scotiabank,CAD
2024-08-04,Best Buy,Best Buy purchase,-34.27,Shopping,Student,Scotiabank,CAD
2024-08-06,Pearson Education,Scotiabank card transaction at Pearson Education,-178.18,Education,Student,Scotiabank,CAD
2024-08-09,Best Buy,Best Buy purchase,-91.82,Shopping,Student,Scotiabank,CAD
2024-08-10,Apple Store,Apple Store purchase,-177.17,Shopping,Student,Scotiabank,CAD
2024-08-10,H&M,Shopping payment - H&M,-132.43,Shopping,Student,Scotiabank,CAD
2024-08-10,Tim Hortons,Tim Hortons debit transaction,-13.14,Coffee,Student,Scotiabank,CAD
2024-08-13,Walmart Grocery,Walmart Grocery purchase,-39.13,Groceries,Student,Scotiabank,CAD
2024-08-14,No Frills,Groceries payment - No Frills,-76.28,Groceries,Student,Scotiabank,CAD
2024-08-14,No Frills,Groceries payment - No Frills,-95.55,Groceries,Student,Scotiabank,CAD
2024-08-14,Uber,Transportation payment - Uber,-41.34,Transportation,Student,Scotiabank,CAD
2024-08-15,Metro,Metro debit transaction,-58.38,Groceries,Student,Scotiabank,CAD
2024-08-15,Spotify,Scotiabank card transaction at Spotify,-11.82,Subscriptions,Student,Scotiabank,CAD
2024-08-18,Apple Store,Apple Store debit transaction,-86.75,Shopping,Student,Scotiabank,CAD
2024-08-20,Coursera,Coursera purchase,-61.0,Education,Student,Scotiabank,CAD
2024-08-22,Apple Store,Apple Store debit transaction,-68.67,Shopping,Student,Scotiabank,CAD
2024-08-22,Subway,Dining payment - Subway,-16.63,Dining,Student,Scotiabank,CAD
2024-08-23,Coursera,Education payment - Coursera,-178.86,Education,Student,Scotiabank,CAD
2024-08-24,Payroll Deposit,Payroll Deposit income deposit,1023.88,Income,Student,Scotiabank,CAD
2024-08-25,Pearson Education,Scotiabank card transaction at Pearson Education,-132.2,Education,Student,Scotiabank,CAD
2024-08-25,Subway,Subway purchase,-23.28,Dining,Student,Scotiabank,CAD
2024-09-01,Scholarship Payment,Scholarship Payment income deposit,1581.51,Income,Student,Scotiabank,CAD
2024-09-02,Best Buy,Shopping payment - Best Buy,-25.37,Shopping,Student,Scotiabank,CAD
2024-09-03,H&M,H&M debit transaction,-40.86,Shopping,Student,Scotiabank,CAD
2024-09-03,Starbucks,Coffee payment - Starbucks,-14.15,Coffee,Student,Scotiabank,CAD
2024-09-08,Starbucks,Starbucks debit transaction,-10.64,Coffee,Student,Scotiabank,CAD
2024-09-08,Uber,Transportation payment - Uber,-37.91,Transportation,Student,Scotiabank,CAD
2024-09-10,Subway,Subway purchase,-32.49,Dining,Student,Scotiabank,CAD
2024-09-11,Apple Store,Shopping payment - Apple Store,-147.8,Shopping,Student,Scotiabank,CAD
2024-09-11,Pizza Pizza,Pizza Pizza purchase,-24.09,Dining,Student,Scotiabank,CAD
2024-09-13,Metro,Scotiabank card transaction at Metro,-61.09,Groceries,Student,Scotiabank,CAD
2024-09-13,Tim Hortons,Tim Hortons purchase,-10.61,Coffee,Student,Scotiabank,CAD
2024-09-14,Subway,Dining payment - Subway,-19.43,Dining,Student,Scotiabank,CAD
2024-09-15,Spotify,Subscriptions payment - Spotify,-21.72,Subscriptions,Student,Scotiabank,CAD
2024-09-18,Apple Store,Shopping payment - Apple Store,-57.67,Shopping,Student,Scotiabank,CAD
2024-09-19,Presto,Presto purchase,-78.62,Transportation,Student,Scotiabank,CAD
2024-09-20,Walmart Grocery,Walmart Grocery debit transaction,-119.84,Groceries,Student,Scotiabank,CAD
2024-09-21,Payroll Deposit,Payroll Deposit income deposit,1391.74,Income,Student,Scotiabank,CAD
2024-09-21,Uniqlo,Uniqlo debit transaction,-120.68,Shopping,Student,Scotiabank,CAD
2024-09-24,Subway,Subway debit transaction,-21.58,Dining,Student,Scotiabank,CAD
2024-09-24,Walmart Grocery,Scotiabank card transaction at Walmart Grocery,-18.87,Groceries,Student,Scotiabank,CAD
2024-09-25,Second Cup,Second Cup debit transaction,-16.12,Coffee,Student,Scotiabank,CAD
2024-09-25,Uber,Scotiabank card transaction at Uber,-29.74,Transportation,Student,Scotiabank,CAD
2024-09-28,Pizza Pizza,Pizza Pizza purchase,-26.86,Dining,Student,Scotiabank,CAD
2024-10-01,Scholarship Payment,Scholarship Payment income deposit,907.37,Income,Student,Scotiabank,CAD
2024-10-02,Pearson Education,Scotiabank card transaction at Pearson Education,-136.48,Education,Student,Scotiabank,CAD
2024-10-03,Netflix,Netflix purchase,-9.93,Subscriptions,Student,Scotiabank,CAD
2024-10-05,Metro,Metro debit transaction,-49.6,Groceries,Student,Scotiabank,CAD
2024-10-05,Spotify,Spotify purchase,-12.55,Subscriptions,Student,Scotiabank,CAD
2024-10-05,Starbucks,Coffee payment - Starbucks,-4.9,Coffee,Student,Scotiabank,CAD
2024-10-06,No Frills,No Frills purchase,-31.17,Groceries,Student,Scotiabank,CAD
2024-10-07,Second Cup,Coffee payment - Second Cup,-7.86,Coffee,Student,Scotiabank,CAD
2024-10-10,Pizza Pizza,Dining payment - Pizza Pizza,-43.86,Dining,Student,Scotiabank,CAD
2024-10-14,Best Buy,Best Buy debit transaction,-55.92,Shopping,Student,Scotiabank,CAD
2024-10-14,H&M,Scotiabank card transaction at H&M,-94.16,Shopping,Student,Scotiabank,CAD
2024-10-15,Amazon Prime,Amazon Prime purchase,-18.32,Subscriptions,Student,Scotiabank,CAD
2024-10-15,No Frills,No Frills debit transaction,-43.94,Groceries,Student,Scotiabank,CAD
2024-10-15,Uniqlo,Shopping payment - Uniqlo,-202.17,Shopping,Student,Scotiabank,CAD
2024-10-16,No Frills,No Frills purchase,-57.68,Groceries,Student,Scotiabank,CAD
2024-10-16,Spotify,Spotify purchase,-17.98,Subscriptions,Student,Scotiabank,CAD
2024-10-17,Scholarship Payment,Scholarship Payment income deposit,1815.16,Income,Student,Scotiabank,CAD
2024-10-19,Starbucks,Coffee payment - Starbucks,-7.83,Coffee,Student,Scotiabank,CAD
2024-10-20,Tim Hortons,Tim Hortons debit transaction,-11.36,Coffee,Student,Scotiabank,CAD
2024-10-22,Walmart Grocery,Groceries payment - Walmart Grocery,-34.2,Groceries,Student,Scotiabank,CAD
2024-10-23,Best Buy,Best Buy purchase,-98.71,Shopping,Student,Scotiabank,CAD
2024-10-23,H&M,Scotiabank card transaction at H&M,-98.22,Shopping,Student,Scotiabank,CAD
2024-10-25,Presto,Presto purchase,-55.81,Transportation,Student,Scotiabank,CAD
2024-10-26,Walmart Grocery,Walmart Grocery purchase,-31.04,Groceries,Student,Scotiabank,CAD
2024-11-01,Payroll Deposit,Direct deposit from Payroll Deposit,992.22,Income,Student,Scotiabank,CAD
2024-11-01,Second Cup,Scotiabank card transaction at Second Cup,-14.16,Coffee,Student,Scotiabank,CAD
2024-11-03,Presto,Presto debit transaction,-61.51,Transportation,Student,Scotiabank,CAD
2024-11-03,Tim Hortons,Tim Hortons purchase,-11.06,Coffee,Student,Scotiabank,CAD
2024-11-06,Apple Store,Scotiabank card transaction at Apple Store,-44.83,Shopping,Student,Scotiabank,CAD
2024-11-06,Pizza Pizza,Scotiabank card transaction at Pizza Pizza,-19.33,Dining,Student,Scotiabank,CAD
2024-11-06,Pizza Pizza,Pizza Pizza debit transaction,-29.88,Dining,Student,Scotiabank,CAD
2024-11-13,Pizza Pizza,Scotiabank card transaction at Pizza Pizza,-43.57,Dining,Student,Scotiabank,CAD
2024-11-13,Subway,Subway purchase,-10.48,Dining,Student,Scotiabank,CAD
2024-11-15,Spotify,Scotiabank card transaction at Spotify,-19.78,Subscriptions,Student,Scotiabank,CAD
2024-11-15,Uber Eats,Uber Eats purchase,-13.29,Dining,Student,Scotiabank,CAD
2024-11-18,Pearson Education,Education payment - Pearson Education,-61.13,Education,Student,Scotiabank,CAD
2024-11-19,Campus Bookstore,Scotiabank card transaction at Campus Bookstore,-200.06,Education,Student,Scotiabank,CAD
2024-11-19,Uber Eats,Uber Eats purchase,-14.36,Dining,Student,Scotiabank,CAD
2024-11-21,Spotify,Subscriptions payment - Spotify,-13.14,Subscriptions,Student,Scotiabank,CAD
2024-11-22,Amazon Prime,Amazon Prime purchase,-18.89,Subscriptions,Student,Scotiabank,CAD
2024-11-22,Uber,Transportation payment - Uber,-42.75,Transportation,Student,Scotiabank,CAD
2024-11-24,Walmart Grocery,Walmart Grocery debit transaction,-110.69,Groceries,Student,Scotiabank,CAD
2024-11-25,Uniqlo,Uniqlo purchase,-21.9,Shopping,Student,Scotiabank,CAD
2024-11-27,Starbucks,Scotiabank card transaction at Starbucks,-4.23,Coffee,Student,Scotiabank,CAD
2024-12-01,No Frills,Groceries payment - No Frills,-74.72,Groceries,Student,Scotiabank,CAD
2024-12-01,Payroll Deposit,Direct deposit from Payroll Deposit,1489.24,Income,Student,Scotiabank,CAD
2024-12-01,Walmart Grocery,Walmart Grocery purchase,-96.79,Groceries,Student,Scotiabank,CAD
2024-12-02,Coursera,Coursera debit transaction,-120.04,Education,Student,Scotiabank,CAD
2024-12-02,H&M,H&M purchase,-197.09,Shopping,Student,Scotiabank,CAD
2024-12-03,Walmart Grocery,Walmart Grocery purchase,-62.36,Groceries,Student,Scotiabank,CAD
2024-12-04,Presto,Scotiabank card transaction at Presto,-29.52,Transportation,Student,Scotiabank,CAD
2024-12-05,Amazon Prime,Scotiabank card transaction at Amazon Prime,-10.45,Subscriptions,Student,Scotiabank,CAD
2024-12-07,Presto,Presto debit transaction,-60.43,Transportation,Student,Scotiabank,CAD
2024-12-07,Subway,Subway debit transaction,-29.08,Dining,Student,Scotiabank,CAD
2024-12-08,Spotify,Spotify debit transaction,-14.69,Subscriptions,Student,Scotiabank,CAD
2024-12-08,Uber Eats,Uber Eats purchase,-45.86,Dining,Student,Scotiabank,CAD
2024-12-11,Presto,Transportation payment - Presto,-22.15,Transportation,Student,Scotiabank,CAD
2024-12-12,Spotify,Subscriptions payment - Spotify,-14.85,Subscriptions,Student,Scotiabank,CAD
2024-12-13,Apple Store,Scotiabank card transaction at Apple Store,-141.43,Shopping,Student,Scotiabank,CAD
2024-12-13,Lyft,Transportation payment - Lyft,-12.91,Transportation,Student,Scotiabank,CAD
2024-12-13,Subway,Scotiabank card transaction at Subway,-10.29,Dining,Student,Scotiabank,CAD
2024-12-13,Walmart Grocery,Walmart Grocery debit transaction,-21.47,Groceries,Student,Scotiabank,CAD
2024-12-14,Starbucks,Starbucks purchase,-17.85,Coffee,Student,Scotiabank,CAD
2024-12-15,Amazon Prime,Scotiabank card transaction at Amazon Prime,-8.17,Subscriptions,Student,Scotiabank,CAD
2024-12-15,Campus Bookstore,Scotiabank card transaction at Campus Bookstore,-63.26,Education,Student,Scotiabank,CAD
2024-12-16,Lyft,Scotiabank card transaction at Lyft,-60.11,Transportation,Student,Scotiabank,CAD
2024-12-18,Uber,Uber debit transaction,-54.22,Transportation,Student,Scotiabank,CAD
2024-12-19,Spotify,Spotify purchase,-15.26,Subscriptions,Student,Scotiabank,CAD
2024-12-20,Payroll Deposit,Payroll Deposit income deposit,1574.07,Income,Student,Scotiabank,CAD
2024-12-20,Uniqlo,Uniqlo purchase,-89.67,Shopping,Student,Scotiabank,CAD
2024-12-22,Apple Store,Scotiabank card transaction at Apple Store,-149.99,Shopping,Student,Scotiabank,CAD
2024-12-22,Lyft,Lyft purchase,-60.19,Transportation,Student,Scotiabank,CAD
2024-12-22,Subway,Subway purchase,-36.95,Dining,Student,Scotiabank,CAD
2024-12-24,Amazon Prime,Subscriptions payment - Amazon Prime,-17.15,Subscriptions,Student,Scotiabank,CAD
2024-12-24,Second Cup,Second Cup debit transaction,-12.51,Coffee,Student,Scotiabank,CAD
2024-12-24,Subway,Subway debit transaction,-11.98,Dining,Student,Scotiabank,CAD
2024-12-27,Campus Bookstore,Campus Bookstore purchase,-108.98,Education,Student,Scotiabank,CAD
2024-12-30,Chipotle,Chipotle debit transaction,-41.55,Dining,Student,Scotiabank,CAD
2024-12-30,Tim Hortons,Tim Hortons debit transaction,-6.8,Coffee,Student,Scotiabank,CAD
2025-01-01,Lyft,Lyft debit transaction,-27.65,Transportation,Student,Scotiabank,CAD
2025-01-01,Netflix,Netflix debit transaction,-19.07,Subscriptions,Student,Scotiabank,CAD
2025-01-01,Scholarship Payment,Direct deposit from Scholarship Payment,1298.63,Income,Student,Scotiabank,CAD
2025-01-02,Scholarship Payment,Scholarship Payment income deposit,766.51,Income,Student,Scotiabank,CAD
2025-01-02,Starbucks,Starbucks debit transaction,-12.05,Coffee,Student,Scotiabank,CAD
2025-01-05,Apple Store,Scotiabank card transaction at Apple Store,-129.43,Shopping,Student,Scotiabank,CAD
2025-01-08,Amazon Prime,Subscriptions payment - Amazon Prime,-10.57,Subscriptions,Student,Scotiabank,CAD
2025-01-08,Second Cup,Scotiabank card transaction at Second Cup,-5.19,Coffee,Student,Scotiabank,CAD
2025-01-10,Second Cup,Second Cup purchase,-13.01,Coffee,Student,Scotiabank,CAD
2025-01-11,Presto,Presto purchase,-61.78,Transportation,Student,Scotiabank,CAD
2025-01-15,Amazon Prime,Subscriptions payment - Amazon Prime,-17.73,Subscriptions,Student,Scotiabank,CAD
2025-01-18,Second Cup,Second Cup purchase,-11.25,Coffee,Student,Scotiabank,CAD
2025-01-18,Starbucks,Coffee payment - Starbucks,-15.21,Coffee,Student,Scotiabank,CAD
2025-01-23,Spotify,Spotify purchase,-17.28,Subscriptions,Student,Scotiabank,CAD
2025-01-28,Chipotle,Chipotle purchase,-13.81,Dining,Student,Scotiabank,CAD
2025-01-29,Lyft,Scotiabank card transaction at Lyft,-57.05,Transportation,Student,Scotiabank,CAD
2025-01-29,No Frills,No Frills debit transaction,-85.29,Groceries,Student,Scotiabank,CAD
2025-01-31,Metro,Metro purchase,-36.43,Groceries,Student,Scotiabank,CAD
2025-01-31,Uber,Uber debit transaction,-37.69,Transportation,Student,Scotiabank,CAD
2025-02-03,Uniqlo,Uniqlo debit transaction,-166.36,Shopping,Student,Scotiabank,CAD
2025-02-04,Tim Hortons,Tim Hortons purchase,-9.08,Coffee,Student,Scotiabank,CAD
2025-02-04,Walmart Grocery,Walmart Grocery purchase,-42.18,Groceries,Student,Scotiabank,CAD
2025-02-05,Metro,Scotiabank card transaction at Metro,-105.32,Groceries,Student,Scotiabank,CAD
2025-02-05,Scholarship Payment,Direct deposit from Scholarship Payment,1751.45,Income,Student,Scotiabank,CAD
2025-02-05,Tim Hortons,Coffee payment - Tim Hortons,-5.04,Coffee,Student,Scotiabank,CAD
2025-02-08,Presto,Presto purchase,-4.02,Transportation,Student,Scotiabank,CAD
2025-02-09,Subway,Scotiabank card transaction at Subway,-25.9,Dining,Student,Scotiabank,CAD
2025-02-12,Best Buy,Scotiabank card transaction at Best Buy,-113.41,Shopping,Student,Scotiabank,CAD
2025-02-13,Subway,Dining payment - Subway,-13.75,Dining,Student,Scotiabank,CAD
2025-02-13,Uber,Uber purchase,-82.05,Transportation,Student,Scotiabank,CAD
2025-02-15,Lyft,Lyft debit transaction,-75.93,Transportation,Student,Scotiabank,CAD
2025-02-15,Pearson Education,Scotiabank card transaction at Pearson Education,-61.49,Education,Student,Scotiabank,CAD
2025-02-15,Spotify,Spotify purchase,-15.44,Subscriptions,Student,Scotiabank,CAD
2025-02-18,Second Cup,Second Cup debit transaction,-12.28,Coffee,Student,Scotiabank,CAD
2025-02-18,Subway,Subway debit transaction,-13.18,Dining,Student,Scotiabank,CAD
2025-02-21,Chipotle,Chipotle debit transaction,-42.15,Dining,Student,Scotiabank,CAD
2025-02-21,Walmart Grocery,Groceries payment - Walmart Grocery,-103.99,Groceries,Student,Scotiabank,CAD
2025-02-22,Chipotle,Dining payment - Chipotle,-52.31,Dining,Student,Scotiabank,CAD
2025-02-24,Metro,Metro debit transaction,-45.29,Groceries,Student,Scotiabank,CAD
2025-02-26,H&M,Shopping payment - H&M,-72.56,Shopping,Student,Scotiabank,CAD
2025-02-27,Uber,Uber debit transaction,-28.94,Transportation,Student,Scotiabank,CAD
2025-03-01,Scholarship Payment,Direct deposit from Scholarship Payment,1103.52,Income,Student,Scotiabank,CAD
2025-03-02,Chipotle,Scotiabank card transaction at Chipotle,-41.84,Dining,Student,Scotiabank,CAD
2025-03-02,Spotify,Scotiabank card transaction at Spotify,-17.05,Subscriptions,Student,Scotiabank,CAD
2025-03-03,Chipotle,Chipotle purchase,-32.24,Dining,Student,Scotiabank,CAD
2025-03-04,Walmart Grocery,Walmart Grocery purchase,-35.42,Groceries,Student,Scotiabank,CAD
2025-03-05,Scholarship Payment,Scholarship Payment income deposit,748.44,Income,Student,Scotiabank,CAD
2025-03-13,Campus Bookstore,Campus Bookstore debit transaction,-106.41,Education,Student,Scotiabank,CAD
2025-03-14,Lyft,Lyft debit transaction,-11.17,Transportation,Student,Scotiabank,CAD
2025-03-15,Lyft,Lyft debit transaction,-38.99,Transportation,Student,Scotiabank,CAD
2025-03-15,Spotify,Subscriptions payment - Spotify,-18.79,Subscriptions,Student,Scotiabank,CAD
2025-03-16,Netflix,Netflix debit transaction,-18.47,Subscriptions,Student,Scotiabank,CAD
2025-03-16,Pizza Pizza,Pizza Pizza debit transaction,-21.66,Dining,Student,Scotiabank,CAD
2025-03-20,Pearson Education,Scotiabank card transaction at Pearson Education,-152.1,Education,Student,Scotiabank,CAD
2025-03-21,Scholarship Payment,Scholarship Payment income deposit,1448.65,Income,Student,Scotiabank,CAD
2025-03-21,Uber Eats,Uber Eats purchase,-38.73,Dining,Student,Scotiabank,CAD
2025-03-22,Subway,Subway debit transaction,-16.42,Dining,Student,Scotiabank,CAD
2025-03-23,No Frills,Scotiabank card transaction at No Frills,-74.26,Groceries,Student,Scotiabank,CAD
2025-03-26,Campus Bookstore,Campus Bookstore purchase,-62.78,Education,Student,Scotiabank,CAD
2025-03-26,Uber,Transportation payment - Uber,-44.18,Transportation,Student,Scotiabank,CAD
2025-03-27,Walmart Grocery,Groceries payment - Walmart Grocery,-27.75,Groceries,Student,Scotiabank,CAD
2025-03-28,Campus Bookstore,Campus Bookstore debit transaction,-83.83,Education,Student,Scotiabank,CAD
2025-03-29,Lyft,Lyft debit transaction,-28.03,Transportation,Student,Scotiabank,CAD
2025-03-29,Presto,Transportation payment - Presto,-79.57,Transportation,Student,Scotiabank,CAD
2025-03-31,Uber,Transportation payment - Uber,-45.69,Transportation,Student,Scotiabank,CAD
2025-03-31,Uber,Transportation payment - Uber,-22.83,Transportation,Student,Scotiabank,CAD
2025-03-31,Walmart Grocery,Scotiabank card transaction at Walmart Grocery,-63.64,Groceries,Student,Scotiabank,CAD
2025-04-01,Payroll Deposit,Direct deposit from Payroll Deposit,1831.08,Income,Student,Scotiabank,CAD
2025-04-01,Tim Hortons,Tim Hortons debit transaction,-16.75,Coffee,Student,Scotiabank,CAD
2025-04-08,Chipotle,Chipotle purchase,-37.33,Dining,Student,Scotiabank,CAD
2025-04-10,Presto,Presto debit transaction,-47.41,Transportation,Student,Scotiabank,CAD
2025-04-13,Spotify,Scotiabank card transaction at Spotify,-8.9,Subscriptions,Student,Scotiabank,CAD
2025-04-14,Uber Eats,Dining payment - Uber Eats,-27.06,Dining,Student,Scotiabank,CAD
2025-04-15,Netflix,Scotiabank card transaction at Netflix,-12.19,Subscriptions,Student,Scotiabank,CAD
2025-04-20,Netflix,Netflix purchase,-21.41,Subscriptions,Student,Scotiabank,CAD
2025-04-21,Presto,Presto debit transaction,-27.35,Transportation,Student,Scotiabank,CAD
2025-04-22,No Frills,No Frills debit transaction,-66.92,Groceries,Student,Scotiabank,CAD
2025-04-22,Subway,Subway debit transaction,-17.87,Dining,Student,Scotiabank,CAD
2025-04-24,Apple Store,Shopping payment - Apple Store,-63.49,Shopping,Student,Scotiabank,CAD
2025-04-24,Campus Bookstore,Scotiabank card transaction at Campus Bookstore,-144.14,Education,Student,Scotiabank,CAD
2025-04-24,Campus Bookstore,Campus Bookstore debit transaction,-115.34,Education,Student,Scotiabank,CAD
2025-04-24,Subway,Dining payment - Subway,-29.51,Dining,Student,Scotiabank,CAD
2025-04-25,Netflix,Subscriptions payment - Netflix,-15.72,Subscriptions,Student,Scotiabank,CAD
2025-04-27,Chipotle,Chipotle debit transaction,-33.12,Dining,Student,Scotiabank,CAD
2025-04-29,Coursera,Coursera debit transaction,-198.61,Education,Student,Scotiabank,CAD
2025-04-30,H&M,H&M purchase,-207.08,Shopping,Student,Scotiabank,CAD
2025-04-30,Uber,Uber debit transaction,-71.2,Transportation,Student,Scotiabank,CAD
2025-05-01,Metro,Scotiabank card transaction at Metro,-108.8,Groceries,Student,Scotiabank,CAD
2025-05-01,Scholarship Payment,Direct deposit from Scholarship Payment,1094.68,Income,Student,Scotiabank,CAD
2025-05-04,Chipotle,Dining payment - Chipotle,-39.53,Dining,Student,Scotiabank,CAD
2025-05-04,Tim Hortons,Coffee payment - Tim Hortons,-4.1,Coffee,Student,Scotiabank,CAD
2025-05-05,Presto,Transportation payment - Presto,-37.53,Transportation,Student,Scotiabank,CAD
2025-05-05,Scholarship Payment,Scholarship Payment income deposit,696.26,Income,Student,Scotiabank,CAD
2025-05-06,Pizza Pizza,Pizza Pizza debit transaction,-25.92,Dining,Student,Scotiabank,CAD
2025-05-07,Lyft,Lyft purchase,-18.54,Transportation,Student,Scotiabank,CAD
2025-05-09,Scholarship Payment,Direct deposit from Scholarship Payment,754.49,Income,Student,Scotiabank,CAD
2025-05-09,Second Cup,Second Cup debit transaction,-10.59,Coffee,Student,Scotiabank,CAD
2025-05-12,No Frills,Groceries payment - No Frills,-22.08,Groceries,Student,Scotiabank,CAD
2025-05-13,Metro,Scotiabank card transaction at Metro,-18.9,Groceries,Student,Scotiabank,CAD
2025-05-15,Spotify,Scotiabank card transaction at Spotify,-9.66,Subscriptions,Student,Scotiabank,CAD
2025-05-16,No Frills,No Frills debit transaction,-26.64,Groceries,Student,Scotiabank,CAD
2025-05-20,Pearson Education,Pearson Education debit transaction,-138.36,Education,Student,Scotiabank,CAD
2025-05-20,Pizza Pizza,Scotiabank card transaction at Pizza Pizza,-27.92,Dining,Student,Scotiabank,CAD
2025-05-23,Amazon Prime,Amazon Prime purchase,-21.94,Subscriptions,Student,Scotiabank,CAD
2025-05-23,Coursera,Coursera purchase,-148.4,Education,Student,Scotiabank,CAD
2025-05-29,Pizza Pizza,Pizza Pizza debit transaction,-34.14,Dining,Student,Scotiabank,CAD
2025-05-29,Presto,Scotiabank card transaction at Presto,-44.17,Transportation,Student,Scotiabank,CAD
2025-05-29,Uber,Uber purchase,-16.15,Transportation,Student,Scotiabank,CAD
2025-06-01,Payroll Deposit,Payroll Deposit income deposit,1588.86,Income,Student,Scotiabank,CAD
2025-06-04,Metro,Metro purchase,-98.86,Groceries,Student,Scotiabank,CAD
2025-06-04,Metro,Metro debit transaction,-21.01,Groceries,Student,Scotiabank,CAD
2025-06-05,Metro,Scotiabank card transaction at Metro,-69.0,Groceries,Student,Scotiabank,CAD
2025-06-07,Subway,Subway debit transaction,-20.32,Dining,Student,Scotiabank,CAD
2025-06-07,Subway,Subway purchase,-14.2,Dining,Student,Scotiabank,CAD
2025-06-07,Uber,Uber debit transaction,-37.96,Transportation,Student,Scotiabank,CAD
2025-06-08,Walmart Grocery,Walmart Grocery purchase,-87.19,Groceries,Student,Scotiabank,CAD
2025-06-12,Payroll Deposit,Payroll Deposit income deposit,1893.65,Income,Student,Scotiabank,CAD
2025-06-14,Campus Bookstore,Campus Bookstore debit transaction,-101.92,Education,Student,Scotiabank,CAD
2025-06-14,No Frills,No Frills purchase,-62.3,Groceries,Student,Scotiabank,CAD
2025-06-15,Netflix,Netflix purchase,-13.32,Subscriptions,Student,Scotiabank,CAD
2025-06-17,No Frills,Scotiabank card transaction at No Frills,-56.12,Groceries,Student,Scotiabank,CAD
2025-06-21,Spotify,Subscriptions payment - Spotify,-19.32,Subscriptions,Student,Scotiabank,CAD
2025-06-22,Starbucks,Coffee payment - Starbucks,-6.78,Coffee,Student,Scotiabank,CAD
2025-06-24,Starbucks,Starbucks debit transaction,-7.49,Coffee,Student,Scotiabank,CAD
2025-06-25,Starbucks,Coffee payment - Starbucks,-7.47,Coffee,Student,Scotiabank,CAD
2025-06-25,Uber Eats,Scotiabank card transaction at Uber Eats,-53.14,Dining,Student,Scotiabank,CAD
2025-06-28,Apple Store,Scotiabank card transaction at Apple Store,-100.19,Shopping,Student,Scotiabank,CAD
2025-06-28,Starbucks,Scotiabank card transaction at Starbucks,-17.92,Coffee,Student,Scotiabank,CAD
2025-07-01,Coursera,Coursera debit transaction,-236.43,Education,Student,Scotiabank,CAD
2025-07-01,Payroll Deposit,Direct deposit from Payroll Deposit,1070.22,Income,Student,Scotiabank,CAD
2025-07-02,Uber Eats,Scotiabank card transaction at Uber Eats,-19.54,Dining,Student,Scotiabank,CAD
2025-07-03,Pearson Education,Scotiabank card transaction at Pearson Education,-212.86,Education,Student,Scotiabank,CAD
2025-07-04,No Frills,Scotiabank card transaction at No Frills,-55.08,Groceries,Student,Scotiabank,CAD
2025-07-04,Presto,Transportation payment - Presto,-68.23,Transportation,Student,Scotiabank,CAD
2025-07-06,Pearson Education,Education payment - Pearson Education,-208.57,Education,Student,Scotiabank,CAD
2025-07-06,Uber,Scotiabank card transaction at Uber,-80.76,Transportation,Student,Scotiabank,CAD
2025-07-07,Walmart Grocery,Scotiabank card transaction at Walmart Grocery,-39.4,Groceries,Student,Scotiabank,CAD
2025-07-08,H&M,Scotiabank card transaction at H&M,-62.01,Shopping,Student,Scotiabank,CAD
2025-07-11,Amazon Prime,Scotiabank card transaction at Amazon Prime,-10.77,Subscriptions,Student,Scotiabank,CAD
2025-07-11,Payroll Deposit,Payroll Deposit income deposit,855.67,Income,Student,Scotiabank,CAD
2025-07-12,H&M,Scotiabank card transaction at H&M,-168.59,Shopping,Student,Scotiabank,CAD
2025-07-12,No Frills,No Frills debit transaction,-74.38,Groceries,Student,Scotiabank,CAD
2025-07-13,Walmart Grocery,Scotiabank card transaction at Walmart Grocery,-104.2,Groceries,Student,Scotiabank,CAD
2025-07-14,Coursera,Coursera debit transaction,-146.94,Education,Student,Scotiabank,CAD
2025-07-15,Spotify,Spotify purchase,-9.36,Subscriptions,Student,Scotiabank,CAD
2025-07-22,Chipotle,Chipotle debit transaction,-10.19,Dining,Student,Scotiabank,CAD
2025-07-24,Pizza Pizza,Scotiabank card transaction at Pizza Pizza,-29.98,Dining,Student,Scotiabank,CAD
2025-07-24,Tim Hortons,Scotiabank card transaction at Tim Hortons,-17.63,Coffee,Student,Scotiabank,CAD
2025-07-25,Second Cup,Scotiabank card transaction at Second Cup,-13.23,Coffee,Student,Scotiabank,CAD
2025-07-29,Chipotle,Chipotle purchase,-18.18,Dining,Student,Scotiabank,CAD
2025-07-29,Pearson Education,Pearson Education purchase,-132.97,Education,Student,Scotiabank,CAD
2025-07-30,Subway,Subway debit transaction,-22.23,Dining,Student,Scotiabank,CAD
2025-07-31,Coursera,Coursera debit transaction,-184.77,Education,Student,Scotiabank,CAD
2025-08-01,Payroll Deposit,Direct deposit from Payroll Deposit,1436.95,Income,Student,Scotiabank,CAD
2025-08-02,Lyft,Lyft debit transaction,-63.74,Transportation,Student,Scotiabank,CAD
2025-08-02,Scholarship Payment,Scholarship Payment income deposit,1176.55,Income,Student,Scotiabank,CAD
2025-08-06,Uber Eats,Scotiabank card transaction at Uber Eats,-41.35,Dining,Student,Scotiabank,CAD
2025-08-07,Lyft,Transportation payment - Lyft,-12.37,Transportation,Student,Scotiabank,CAD
2025-08-07,Uber,Uber purchase,-20.34,Transportation,Student,Scotiabank,CAD
2025-08-09,Amazon Prime,Amazon Prime purchase,-16.69,Subscriptions,Student,Scotiabank,CAD
2025-08-14,Starbucks,Scotiabank card transaction at Starbucks,-16.48,Coffee,Student,Scotiabank,CAD
2025-08-15,Amazon Prime,Amazon Prime purchase,-10.32,Subscriptions,Student,Scotiabank,CAD
2025-08-15,Chipotle,Chipotle purchase,-50.99,Dining,Student,Scotiabank,CAD
2025-08-16,Coursera,Scotiabank card transaction at Coursera,-165.33,Education,Student,Scotiabank,CAD
2025-08-16,Uber,Uber debit transaction,-82.18,Transportation,Student,Scotiabank,CAD
2025-08-16,Uber Eats,Dining payment - Uber Eats,-33.57,Dining,Student,Scotiabank,CAD
2025-08-17,Coursera,Coursera purchase,-168.56,Education,Student,Scotiabank,CAD
2025-08-18,Amazon Prime,Scotiabank card transaction at Amazon Prime,-20.87,Subscriptions,Student,Scotiabank,CAD
2025-08-21,Coursera,Education payment - Coursera,-114.02,Education,Student,Scotiabank,CAD
2025-08-21,H&M,H&M debit transaction,-207.97,Shopping,Student,Scotiabank,CAD
2025-08-22,Tim Hortons,Tim Hortons purchase,-8.89,Coffee,Student,Scotiabank,CAD
2025-08-23,Metro,Groceries payment - Metro,-112.4,Groceries,Student,Scotiabank,CAD
2025-08-24,Second Cup,Second Cup debit transaction,-4.61,Coffee,Student,Scotiabank,CAD
2025-08-30,Campus Bookstore,Campus Bookstore purchase,-48.02,Education,Student,Scotiabank,CAD
2025-08-31,Campus Bookstore,Campus Bookstore purchase,-100.38,Education,Student,Scotiabank,CAD
2025-08-31,Metro,Scotiabank card transaction at Metro,-48.75,Groceries,Student,Scotiabank,CAD
2025-08-31,Netflix,Netflix purchase,-10.94,Subscriptions,Student,Scotiabank,CAD
2025-09-01,Scholarship Payment,Scholarship Payment income deposit,1409.02,Income,Student,Scotiabank,CAD
2025-09-02,No Frills,No Frills debit transaction,-114.09,Groceries,Student,Scotiabank,CAD
2025-09-03,Uniqlo,Shopping payment - Uniqlo,-56.3,Shopping,Student,Scotiabank,CAD
2025-09-05,Apple Store,Shopping payment - Apple Store,-49.1,Shopping,Student,Scotiabank,CAD
2025-09-06,Payroll Deposit,Direct deposit from Payroll Deposit,1145.49,Income,Student,Scotiabank,CAD
2025-09-07,Uniqlo,Scotiabank card transaction at Uniqlo,-56.82,Shopping,Student,Scotiabank,CAD
2025-09-08,Metro,Metro purchase,-72.42,Groceries,Student,Scotiabank,CAD
2025-09-10,Metro,Scotiabank card transaction at Metro,-74.32,Groceries,Student,Scotiabank,CAD
2025-09-10,Presto,Scotiabank card transaction at Presto,-75.13,Transportation,Student,Scotiabank,CAD
2025-09-11,Chipotle,Chipotle purchase,-52.59,Dining,Student,Scotiabank,CAD
2025-09-11,Chipotle,Chipotle purchase,-38.17,Dining,Student,Scotiabank,CAD
2025-09-13,Lyft,Scotiabank card transaction at Lyft,-74.34,Transportation,Student,Scotiabank,CAD
2025-09-13,Uniqlo,Uniqlo debit transaction,-70.02,Shopping,Student,Scotiabank,CAD
2025-09-14,Uber,Scotiabank card transaction at Uber,-12.3,Transportation,Student,Scotiabank,CAD
2025-09-15,Amazon Prime,Amazon Prime debit transaction,-19.44,Subscriptions,Student,Scotiabank,CAD
2025-09-18,Presto,Presto purchase,-62.25,Transportation,Student,Scotiabank,CAD
2025-09-19,Best Buy,Shopping payment - Best Buy,-51.13,Shopping,Student,Scotiabank,CAD
2025-09-19,Campus Bookstore,Campus Bookstore debit transaction,-152.3,Education,Student,Scotiabank,CAD
2025-09-23,Walmart Grocery,Scotiabank card transaction at Walmart Grocery,-48.95,Groceries,Student,Scotiabank,CAD
2025-09-24,Best Buy,Shopping payment - Best Buy,-93.73,Shopping,Student,Scotiabank,CAD
2025-09-24,Chipotle,Chipotle debit transaction,-28.38,Dining,Student,Scotiabank,CAD
2025-09-24,Payroll Deposit,Payroll Deposit income deposit,1808.23,Income,Student,Scotiabank,CAD
2025-09-24,Presto,Scotiabank card transaction at Presto,-17.49,Transportation,Student,Scotiabank,CAD
2025-09-27,Starbucks,Starbucks debit transaction,-11.48,Coffee,Student,Scotiabank,CAD
2025-09-28,Tim Hortons,Tim Hortons purchase,-12.99,Coffee,Student,Scotiabank,CAD
2025-10-01,Campus Bookstore,Scotiabank card transaction at Campus Bookstore,-65.36,Education,Student,Scotiabank,CAD
2025-10-01,Payroll Deposit,Direct deposit from Payroll Deposit,1362.07,Income,Student,Scotiabank,CAD
2025-10-01,Presto,Presto purchase,-11.43,Transportation,Student,Scotiabank,CAD
2025-10-02,Presto,Scotiabank card transaction at Presto,-54.45,Transportation,Student,Scotiabank,CAD
2025-10-02,Tim Hortons,Coffee payment - Tim Hortons,-4.87,Coffee,Student,Scotiabank,CAD
2025-10-04,Best Buy,Scotiabank card transaction at Best Buy,-91.46,Shopping,Student,Scotiabank,CAD
2025-10-04,Starbucks,Starbucks purchase,-14.69,Coffee,Student,Scotiabank,CAD
2025-10-04,Uber,Transportation payment - Uber,-14.63,Transportation,Student,Scotiabank,CAD
2025-10-05,Uniqlo,Scotiabank card transaction at Uniqlo,-151.07,Shopping,Student,Scotiabank,CAD
2025-10-10,Metro,Metro debit transaction,-108.3,Groceries,Student,Scotiabank,CAD
2025-10-10,Presto,Scotiabank card transaction at Presto,-42.27,Transportation,Student,Scotiabank,CAD
2025-10-14,Metro,Metro debit transaction,-64.41,Groceries,Student,Scotiabank,CAD
2025-10-16,Apple Store,Apple Store debit transaction,-218.15,Shopping,Student,Scotiabank,CAD
2025-10-20,Starbucks,Starbucks purchase,-9.29,Coffee,Student,Scotiabank,CAD
2025-10-21,Netflix,Subscriptions payment - Netflix,-19.6,Subscriptions,Student,Scotiabank,CAD
2025-10-22,No Frills,No Frills debit transaction,-25.08,Groceries,Student,Scotiabank,CAD
2025-10-24,Starbucks,Starbucks debit transaction,-14.17,Coffee,Student,Scotiabank,CAD
2025-10-24,Uniqlo,Scotiabank card transaction at Uniqlo,-183.18,Shopping,Student,Scotiabank,CAD
2025-10-26,Metro,Groceries payment - Metro,-66.65,Groceries,Student,Scotiabank,CAD
2025-10-26,Tim Hortons,Scotiabank card transaction at Tim Hortons,-16.58,Coffee,Student,Scotiabank,CAD
2025-10-28,Chipotle,Chipotle purchase,-19.1,Dining,Student,Scotiabank,CAD
2025-10-28,Pearson Education,Pearson Education debit transaction,-31.49,Education,Student,Scotiabank,CAD
2025-10-30,Best Buy,Shopping payment - Best Buy,-157.35,Shopping,Student,Scotiabank,CAD
2025-10-30,Second Cup,Second Cup purchase,-5.85,Coffee,Student,Scotiabank,CAD
2025-10-31,Second Cup,Second Cup purchase,-9.18,Coffee,Student,Scotiabank,CAD
2025-10-31,Subway,Subway purchase,-45.66,Dining,Student,Scotiabank,CAD
2025-10-31,Uber Eats,Uber Eats purchase,-34.41,Dining,Student,Scotiabank,CAD
2025-11-01,Campus Bookstore,Education payment - Campus Bookstore,-47.29,Education,Student,Scotiabank,CAD
2025-11-01,Payroll Deposit,Payroll Deposit income deposit,1804.15,Income,Student,Scotiabank,CAD
2025-11-04,Apple Store,Shopping payment - Apple Store,-211.92,Shopping,Student,Scotiabank,CAD
2025-11-05,H&M,H&M purchase,-84.61,Shopping,Student,Scotiabank,CAD
2025-11-06,Best Buy,Shopping payment - Best Buy,-90.52,Shopping,Student,Scotiabank,CAD
2025-11-12,Campus Bookstore,Scotiabank card transaction at Campus Bookstore,-56.18,Education,Student,Scotiabank,CAD
2025-11-13,Netflix,Netflix debit transaction,-13.64,Subscriptions,Student,Scotiabank,CAD
2025-11-14,Metro,Scotiabank card transaction at Metro,-79.16,Groceries,Student,Scotiabank,CAD
2025-11-14,Uniqlo,Shopping payment - Uniqlo,-158.68,Shopping,Student,Scotiabank,CAD
2025-11-14,Walmart Grocery,Walmart Grocery debit transaction,-109.1,Groceries,Student,Scotiabank,CAD
2025-11-15,Netflix,Scotiabank card transaction at Netflix,-10.07,Subscriptions,Student,Scotiabank,CAD
2025-11-22,Tim Hortons,Scotiabank card transaction at Tim Hortons,-17.06,Coffee,Student,Scotiabank,CAD
2025-11-23,Uniqlo,Shopping payment - Uniqlo,-21.52,Shopping,Student,Scotiabank,CAD
2025-11-25,Netflix,Netflix debit transaction,-8.39,Subscriptions,Student,Scotiabank,CAD
2025-11-26,Second Cup,Second Cup purchase,-15.04,Coffee,Student,Scotiabank,CAD
2025-11-29,Tim Hortons,Tim Hortons purchase,-7.8,Coffee,Student,Scotiabank,CAD
2025-12-01,Scholarship Payment,Direct deposit from Scholarship Payment,1652.68,Income,Student,Scotiabank,CAD
2025-12-09,Second Cup,Coffee payment - Second Cup,-5.44,Coffee,Student,Scotiabank,CAD
2025-12-10,Starbucks,Coffee payment - Starbucks,-6.02,Coffee,Student,Scotiabank,CAD
2025-12-12,Metro,Metro purchase,-38.73,Groceries,Student,Scotiabank,CAD
2025-12-13,Best Buy,Best Buy purchase,-159.22,Shopping,Student,Scotiabank,CAD
2025-12-13,Metro,Metro purchase,-77.26,Groceries,Student,Scotiabank,CAD
2025-12-16,Second Cup,Second Cup debit transaction,-16.89,Coffee,Student,Scotiabank,CAD
2025-12-16,Walmart Grocery,Groceries payment - Walmart Grocery,-72.31,Groceries,Student,Scotiabank,CAD
2025-12-17,No Frills,No Frills debit transaction,-89.72,Groceries,Student,Scotiabank,CAD
2025-12-19,Spotify,Subscriptions payment - Spotify,-19.52,Subscriptions,Student,Scotiabank,CAD
2025-12-22,Starbucks,Starbucks debit transaction,-8.53,Coffee,Student,Scotiabank,CAD
2025-12-24,Apple Store,Apple Store debit transaction,-43.45,Shopping,Student,Scotiabank,CAD
2025-12-25,Campus Bookstore,Education payment - Campus Bookstore,-80.46,Education,Student,Scotiabank,CAD
2025-12-27,Payroll Deposit,Direct deposit from Payroll Deposit,843.2,Income,Student,Scotiabank,CAD
2025-12-30,Starbucks,Scotiabank card transaction at Starbucks,-9.05,Coffee,Student,Scotiabank,CAD
2026-01-01,Payroll Deposit,Payroll Deposit income deposit,1455.97,Income,Student,Scotiabank,CAD
2026-01-04,Uniqlo,Uniqlo debit transaction,-83.87,Shopping,Student,Scotiabank,CAD
2026-01-04,Walmart Grocery,Walmart Grocery purchase,-40.85,Groceries,Student,Scotiabank,CAD
2026-01-07,Starbucks,Scotiabank card transaction at Starbucks,-15.43,Coffee,Student,Scotiabank,CAD
2026-01-08,Chipotle,Chipotle debit transaction,-11.52,Dining,Student,Scotiabank,CAD
2026-01-09,Uber Eats,Uber Eats purchase,-14.99,Dining,Student,Scotiabank,CAD
2026-01-11,Starbucks,Coffee payment - Starbucks,-7.17,Coffee,Student,Scotiabank,CAD
2026-01-13,Metro,Scotiabank card transaction at Metro,-89.04,Groceries,Student,Scotiabank,CAD
2026-01-15,Spotify,Subscriptions payment - Spotify,-11.78,Subscriptions,Student,Scotiabank,CAD
2026-01-16,Apple Store,Apple Store purchase,-74.06,Shopping,Student,Scotiabank,CAD
2026-01-16,No Frills,No Frills purchase,-103.99,Groceries,Student,Scotiabank,CAD
2026-01-16,Payroll Deposit,Direct deposit from Payroll Deposit,1111.93,Income,Student,Scotiabank,CAD
2026-01-16,Tim Hortons,Coffee payment - Tim Hortons,-17.32,Coffee,Student,Scotiabank,CAD
2026-01-17,Coursera,Coursera debit transaction,-102.85,Education,Student,Scotiabank,CAD
2026-01-18,Metro,Scotiabank card transaction at Metro,-68.37,Groceries,Student,Scotiabank,CAD
2026-01-18,Scholarship Payment,Scholarship Payment income deposit,1821.53,Income,Student,Scotiabank,CAD
2026-01-19,Tim Hortons,Tim Hortons purchase,-7.87,Coffee,Student,Scotiabank,CAD
2026-01-20,Coursera,Education payment - Coursera,-166.73,Education,Student,Scotiabank,CAD
2026-01-22,Amazon Prime,Amazon Prime debit transaction,-13.34,Subscriptions,Student,Scotiabank,CAD
2026-01-24,Pearson Education,Scotiabank card transaction at Pearson Education,-84.05,Education,Student,Scotiabank,CAD
2026-01-25,Best Buy,Shopping payment - Best Buy,-147.38,Shopping,Student,Scotiabank,CAD
2026-01-25,Best Buy,Shopping payment - Best Buy,-70.4,Shopping,Student,Scotiabank,CAD
2026-01-28,Spotify,Subscriptions payment - Spotify,-13.39,Subscriptions,Student,Scotiabank,CAD
2026-01-28,Starbucks,Starbucks purchase,-14.57,Coffee,Student,Scotiabank,CAD
2026-01-29,Apple Store,Shopping payment - Apple Store,-119.04,Shopping,Student,Scotiabank,CAD
2026-01-31,Payroll Deposit,Payroll Deposit income deposit,1869.1,Income,Student,Scotiabank,CAD
2026-01-31,Scholarship Payment,Scholarship Payment income deposit,1250.26,Income,Student,Scotiabank,CAD
2026-02-01,Payroll Deposit,Payroll Deposit income deposit,1476.59,Income,Student,Scotiabank,CAD
2026-02-02,Spotify,Scotiabank card transaction at Spotify,-19.96,Subscriptions,Student,Scotiabank,CAD
2026-02-03,Metro,Scotiabank card transaction at Metro,-96.15,Groceries,Student,Scotiabank,CAD
2026-02-03,Uber Eats,Dining payment - Uber Eats,-10.91,Dining,Student,Scotiabank,CAD
2026-02-03,Walmart Grocery,Scotiabank card transaction at Walmart Grocery,-74.97,Groceries,Student,Scotiabank,CAD
2026-02-04,Second Cup,Second Cup debit transaction,-7.06,Coffee,Student,Scotiabank,CAD
2026-02-05,Payroll Deposit,Payroll Deposit income deposit,1780.33,Income,Student,Scotiabank,CAD
2026-02-05,Uber Eats,Dining payment - Uber Eats,-49.43,Dining,Student,Scotiabank,CAD
2026-02-07,Subway,Subway debit transaction,-11.23,Dining,Student,Scotiabank,CAD
2026-02-07,Tim Hortons,Coffee payment - Tim Hortons,-5.46,Coffee,Student,Scotiabank,CAD
2026-02-08,Uber Eats,Uber Eats purchase,-50.23,Dining,Student,Scotiabank,CAD
2026-02-09,Best Buy,Shopping payment - Best Buy,-95.32,Shopping,Student,Scotiabank,CAD
2026-02-12,Chipotle,Scotiabank card transaction at Chipotle,-17.45,Dining,Student,Scotiabank,CAD
2026-02-12,H&M,H&M purchase,-29.83,Shopping,Student,Scotiabank,CAD
2026-02-13,Best Buy,Best Buy debit transaction,-138.81,Shopping,Student,Scotiabank,CAD
2026-02-14,Apple Store,Apple Store purchase,-95.14,Shopping,Student,Scotiabank,CAD
2026-02-14,Chipotle,Chipotle debit transaction,-40.88,Dining,Student,Scotiabank,CAD
2026-02-15,Amazon Prime,Amazon Prime purchase,-12.96,Subscriptions,Student,Scotiabank,CAD
2026-02-16,Metro,Metro purchase,-39.67,Groceries,Student,Scotiabank,CAD
2026-02-17,Presto,Transportation payment - Presto,-12.28,Transportation,Student,Scotiabank,CAD
2026-02-17,Uniqlo,Scotiabank card transaction at Uniqlo,-30.63,Shopping,Student,Scotiabank,CAD
2026-02-22,Metro,Metro debit transaction,-88.89,Groceries,Student,Scotiabank,CAD
2026-02-22,Uber,Transportation payment - Uber,-31.86,Transportation,Student,Scotiabank,CAD
2026-02-23,Tim Hortons,Coffee payment - Tim Hortons,-13.17,Coffee,Student,Scotiabank,CAD
2026-02-24,Pearson Education,Pearson Education debit transaction,-181.38,Education,Student,Scotiabank,CAD
2026-02-24,Uniqlo,Shopping payment - Uniqlo,-58.79,Shopping,Student,Scotiabank,CAD
2026-02-25,Scholarship Payment,Scholarship Payment income deposit,1790.29,Income,Student,Scotiabank,CAD
2026-02-25,Subway,Dining payment - Subway,-18.46,Dining,Student,Scotiabank,CAD
2026-02-27,Starbucks,Scotiabank card transaction at Starbucks,-14.65,Coffee,Student,Scotiabank,CAD
2026-03-01,Scholarship Payment,Scholarship Payment income deposit,786.48,Income,Student,Scotiabank,CAD
2026-03-01,Second Cup,Second Cup purchase,-6.59,Coffee,Student,Scotiabank,CAD
2026-03-02,Chipotle,Scotiabank card transaction at Chipotle,-41.0,Dining,Student,Scotiabank,CAD
2026-03-04,Apple Store,Shopping payment - Apple Store,-72.68,Shopping,Student,Scotiabank,CAD
2026-03-06,Presto,Presto purchase,-51.71,Transportation,Student,Scotiabank,CAD
2026-03-08,Campus Bookstore,Campus Bookstore purchase,-36.42,Education,Student,Scotiabank,CAD
2026-03-08,Metro,Scotiabank card transaction at Metro,-68.51,Groceries,Student,Scotiabank,CAD
2026-03-08,Second Cup,Second Cup debit transaction,-8.41,Coffee,Student,Scotiabank,CAD
2026-03-15,Amazon Prime,Scotiabank card transaction at Amazon Prime,-19.7,Subscriptions,Student,Scotiabank,CAD
2026-03-15,Netflix,Scotiabank card transaction at Netflix,-17.25,Subscriptions,Student,Scotiabank,CAD
2026-03-15,Uber,Transportation payment - Uber,-4.42,Transportation,Student,Scotiabank,CAD
2026-03-16,Presto,Presto purchase,-6.7,Transportation,Student,Scotiabank,CAD
2026-03-19,Campus Bookstore,Scotiabank card transaction at Campus Bookstore,-76.33,Education,Student,Scotiabank,CAD
2026-03-19,Payroll Deposit,Payroll Deposit income deposit,1740.14,Income,Student,Scotiabank,CAD
2026-03-19,Uber,Uber purchase,-43.04,Transportation,Student,Scotiabank,CAD
2026-03-20,Second Cup,Coffee payment - Second Cup,-14.35,Coffee,Student,Scotiabank,CAD
2026-03-22,Uber Eats,Dining payment - Uber Eats,-29.26,Dining,Student,Scotiabank,CAD
2026-03-26,Metro,Metro debit transaction,-53.46,Groceries,Student,Scotiabank,CAD
2026-03-28,Apple Store,Apple Store purchase,-186.77,Shopping,Student,Scotiabank,CAD
2026-03-29,Chipotle,Dining payment - Chipotle,-16.38,Dining,Student,Scotiabank,CAD
2026-03-29,Metro,Groceries payment - Metro,-57.97,Groceries,Student,Scotiabank,CAD
2026-03-30,Scholarship Payment,Direct deposit from Scholarship Payment,782.79,Income,Student,Scotiabank,CAD
2026-04-01,H&M,Shopping payment - H&M,-28.19,Shopping,Student,Scotiabank,CAD
2026-04-01,Payroll Deposit,Direct deposit from Payroll Deposit,774.99,Income,Student,Scotiabank,CAD
2026-04-07,Uber Eats,Dining payment - Uber Eats,-38.74,Dining,Student,Scotiabank,CAD
2026-04-08,Uber Eats,Dining payment - Uber Eats,-26.17,Dining,Student,Scotiabank,CAD
2026-04-09,Second Cup,Coffee payment - Second Cup,-6.12,Coffee,Student,Scotiabank,CAD
2026-04-09,Subway,Scotiabank card transaction at Subway,-49.96,Dining,Student,Scotiabank,CAD
2026-04-10,Best Buy,Shopping payment - Best Buy,-77.65,Shopping,Student,Scotiabank,CAD
2026-04-10,No Frills,Scotiabank card transaction at No Frills,-108.92,Groceries,Student,Scotiabank,CAD
2026-04-10,Uber,Uber debit transaction,-6.37,Transportation,Student,Scotiabank,CAD
2026-04-10,Uber,Uber purchase,-82.5,Transportation,Student,Scotiabank,CAD
2026-04-11,Campus Bookstore,Scotiabank card transaction at Campus Bookstore,-203.26,Education,Student,Scotiabank,CAD
2026-04-12,No Frills,Groceries payment - No Frills,-19.38,Groceries,Student,Scotiabank,CAD
2026-04-12,Walmart Grocery,Scotiabank card transaction at Walmart Grocery,-85.67,Groceries,Student,Scotiabank,CAD
2026-04-13,Payroll Deposit,Direct deposit from Payroll Deposit,1474.91,Income,Student,Scotiabank,CAD
2026-04-14,Netflix,Scotiabank card transaction at Netflix,-14.77,Subscriptions,Student,Scotiabank,CAD
2026-04-14,Presto,Transportation payment - Presto,-49.47,Transportation,Student,Scotiabank,CAD
2026-04-14,Starbucks,Starbucks debit transaction,-13.23,Coffee,Student,Scotiabank,CAD
2026-04-15,Amazon Prime,Amazon Prime debit transaction,-14.53,Subscriptions,Student,Scotiabank,CAD
2026-04-15,Coursera,Education payment - Coursera,-102.8,Education,Student,Scotiabank,CAD
2026-04-19,Campus Bookstore,Education payment - Campus Bookstore,-140.88,Education,Student,Scotiabank,CAD
2026-04-19,Pearson Education,Pearson Education purchase,-110.43,Education,Student,Scotiabank,CAD
2026-04-23,Lyft,Scotiabank card transaction at Lyft,-71.4,Transportation,Student,Scotiabank,CAD
2026-04-25,Walmart Grocery,Walmart Grocery purchase,-114.68,Groceries,Student,Scotiabank,CAD
2026-04-27,H&M,H&M purchase,-30.64,Shopping,Student,Scotiabank,CAD
2026-04-28,Walmart Grocery,Groceries payment - Walmart Grocery,-29.5,Groceries,Student,Scotiabank,CAD
2026-04-29,Chipotle,Dining payment - Chipotle,-54.43,Dining,Student,Scotiabank,CAD
2026-05-01,Scholarship Payment,Scholarship Payment income deposit,1475.32,Income,Student,Scotiabank,CAD
2026-05-03,Spotify,Spotify debit transaction,-21.9,Subscriptions,Student,Scotiabank,CAD
2026-05-07,H&M,Scotiabank card transaction at H&M,-202.21,Shopping,Student,Scotiabank,CAD
2026-05-08,No Frills,No Frills purchase,-66.26,Groceries,Student,Scotiabank,CAD
2026-05-09,Coursera,Coursera debit transaction,-239.12,Education,Student,Scotiabank,CAD
2026-05-10,Chipotle,Chipotle purchase,-23.38,Dining,Student,Scotiabank,CAD
2026-05-12,Campus Bookstore,Scotiabank card transaction at Campus Bookstore,-193.83,Education,Student,Scotiabank,CAD
2026-05-13,Tim Hortons,Tim Hortons purchase,-16.5,Coffee,Student,Scotiabank,CAD
2026-05-14,Starbucks,Coffee payment - Starbucks,-8.56,Coffee,Student,Scotiabank,CAD
2026-05-15,Netflix,Subscriptions payment - Netflix,-17.72,Subscriptions,Student,Scotiabank,CAD
2026-05-16,Campus Bookstore,Scotiabank card transaction at Campus Bookstore,-35.38,Education,Student,Scotiabank,CAD
2026-05-16,Uber Eats,Uber Eats debit transaction,-25.29,Dining,Student,Scotiabank,CAD
2026-05-18,Pizza Pizza,Pizza Pizza debit transaction,-26.92,Dining,Student,Scotiabank,CAD
2026-05-20,Tim Hortons,Scotiabank card transaction at Tim Hortons,-6.43,Coffee,Student,Scotiabank,CAD
2026-05-20,Uber,Uber purchase,-16.15,Transportation,Student,Scotiabank,CAD
2026-05-22,Coursera,Coursera debit transaction,-230.04,Education,Student,Scotiabank,CAD
2026-05-22,Starbucks,Starbucks debit transaction,-7.5,Coffee,Student,Scotiabank,CAD
2026-05-22,Tim Hortons,Scotiabank card transaction at Tim Hortons,-15.26,Coffee,Student,Scotiabank,CAD
2026-05-23,Netflix,Netflix debit transaction,-18.57,Subscriptions,Student,Scotiabank,CAD
2026-06-01,Scholarship Payment,Scholarship Payment income deposit,1092.74,Income,Student,Scotiabank,CAD
2026-06-03,Presto,Presto purchase,-25.15,Transportation,Student,Scotiabank,CAD
2026-06-03,Tim Hortons,Tim Hortons debit transaction,-12.61,Coffee,Student,Scotiabank,CAD
2026-06-04,Chipotle,Chipotle purchase,-28.38,Dining,Student,Scotiabank,CAD
2026-06-04,Lyft,Scotiabank card transaction at Lyft,-51.74,Transportation,Student,Scotiabank,CAD
2026-06-04,Presto,Presto purchase,-60.53,Transportation,Student,Scotiabank,CAD
2026-06-05,Chipotle,Scotiabank card transaction at Chipotle,-12.41,Dining,Student,Scotiabank,CAD
2026-06-05,Pizza Pizza,Dining payment - Pizza Pizza,-40.15,Dining,Student,Scotiabank,CAD
2026-06-08,Presto,Transportation payment - Presto,-28.81,Transportation,Student,Scotiabank,CAD
2026-06-11,Lyft,Transportation payment - Lyft,-76.59,Transportation,Student,Scotiabank,CAD
2026-06-13,Spotify,Scotiabank card transaction at Spotify,-18.6,Subscriptions,Student,Scotiabank,CAD
2026-06-14,No Frills,No Frills debit transaction,-74.4,Groceries,Student,Scotiabank,CAD
2026-06-15,Amazon Prime,Subscriptions payment - Amazon Prime,-9.91,Subscriptions,Student,Scotiabank,CAD
2026-06-16,Second Cup,Second Cup debit transaction,-16.29,Coffee,Student,Scotiabank,CAD
2026-06-16,Tim Hortons,Tim Hortons purchase,-13.0,Coffee,Student,Scotiabank,CAD
2026-06-18,Amazon Prime,Subscriptions payment - Amazon Prime,-12.14,Subscriptions,Student,Scotiabank,CAD
2026-06-19,Pearson Education,Pearson Education purchase,-238.74,Education,Student,Scotiabank,CAD
2026-06-19,Uber,Transportation payment - Uber,-59.63,Transportation,Student,Scotiabank,CAD
2026-06-21,Uniqlo,Uniqlo debit transaction,-84.37,Shopping,Student,Scotiabank,CAD
2026-07-01,Payroll Deposit,Payroll Deposit income deposit,1435.3,Income,Student,Scotiabank,CAD
2026-07-02,Subway,Scotiabank card transaction at Subway,-21.77,Dining,Student,Scotiabank,CAD
2026-07-02,Uber,Transportation payment - Uber,-6.5,Transportation,Student,Scotiabank,CAD
2026-07-04,Second Cup,Coffee payment - Second Cup,-6.05,Coffee,Student,Scotiabank,CAD
2026-07-05,Metro,Metro purchase,-71.02,Groceries,Student,Scotiabank,CAD
2026-07-05,Uber,Uber purchase,-26.24,Transportation,Student,Scotiabank,CAD
2026-07-06,Starbucks,Starbucks debit transaction,-15.46,Coffee,Student,Scotiabank,CAD
2026-07-06,Tim Hortons,Tim Hortons debit transaction,-15.78,Coffee,Student,Scotiabank,CAD
2026-07-07,Metro,Metro purchase,-66.32,Groceries,Student,Scotiabank,CAD
2026-07-08,Tim Hortons,Tim Hortons debit transaction,-16.96,Coffee,Student,Scotiabank,CAD
2026-07-09,Second Cup,Coffee payment - Second Cup,-16.03,Coffee,Student,Scotiabank,CAD
2026-07-15,Subway,Subway debit transaction,-15.93,Dining,Student,Scotiabank,CAD
2026-07-15,Walmart Grocery,Groceries payment - Walmart Grocery,-23.68,Groceries,Student,Scotiabank,CAD
2026-07-16,Subway,Dining payment - Subway,-23.05,Dining,Student,Scotiabank,CAD
2026-07-17,Chipotle,Chipotle purchase,-23.6,Dining,Student,Scotiabank,CAD
2026-07-19,Presto,Transportation payment - Presto,-3.9,Transportation,Student,Scotiabank,CAD
2026-07-23,Lyft,Lyft debit transaction,-66.44,Transportation,Student,Scotiabank,CAD
2026-07-23,Presto,Presto debit transaction,-61.38,Transportation,Student,Scotiabank,CAD
2026-07-23,Walmart Grocery,Walmart Grocery debit transaction,-29.7,Groceries,Student,Scotiabank,CAD
2026-07-26,Coursera,Education payment - Coursera,-34.09,Education,Student,Scotiabank,CAD
2026-07-26,Lyft,Lyft purchase,-41.05,Transportation,Student,Scotiabank,CAD
2026-07-26,Uber,Transportation payment - Uber,-37.87,Transportation,Student,Scotiabank,CAD
2026-07-31,Uber Eats,Dining payment - Uber Eats,-26.53,Dining,Student,Scotiabank,CAD
2026-08-01,Scholarship Payment,Scholarship Payment income deposit,661.4,Income,Student,Scotiabank,CAD
2026-08-05,Chipotle,Chipotle debit transaction,-38.37,Dining,Student,Scotiabank,CAD
2026-08-06,Lyft,Lyft debit transaction,-10.92,Transportation,Student,Scotiabank,CAD
2026-08-06,Presto,Scotiabank card transaction at Presto,-65.81,Transportation,Student,Scotiabank,CAD
2026-08-10,Walmart Grocery,Groceries payment - Walmart Grocery,-24.96,Groceries,Student,Scotiabank,CAD
2026-08-10,Walmart Grocery,Walmart Grocery debit transaction,-38.25,Groceries,Student,Scotiabank,CAD
2026-08-14,Scholarship Payment,Direct deposit from Scholarship Payment,1365.63,Income,Student,Scotiabank,CAD
2026-08-15,Amazon Prime,Subscriptions payment - Amazon Prime,-12.53,Subscriptions,Student,Scotiabank,CAD
2026-08-15,Chipotle,Chipotle debit transaction,-49.84,Dining,Student,Scotiabank,CAD
2026-08-16,Walmart Grocery,Groceries payment - Walmart Grocery,-116.18,Groceries,Student,Scotiabank,CAD
2026-08-19,Tim Hortons,Scotiabank card transaction at Tim Hortons,-12.18,Coffee,Student,Scotiabank,CAD
2026-08-21,Campus Bookstore,Campus Bookstore debit transaction,-100.65,Education,Student,Scotiabank,CAD
2026-08-21,Walmart Grocery,Walmart Grocery debit transaction,-109.79,Groceries,Student,Scotiabank,CAD
2026-08-23,No Frills,No Frills debit transaction,-46.39,Groceries,Student,Scotiabank,CAD
2026-08-23,Second Cup,Scotiabank card transaction at Second Cup,-5.81,Coffee,Student,Scotiabank,CAD
2026-08-24,Amazon Prime,Subscriptions payment - Amazon Prime,-12.05,Subscriptions,Student,Scotiabank,CAD
2026-08-25,Uniqlo,Shopping payment - Uniqlo,-204.48,Shopping,Student,Scotiabank,CAD
2026-08-29,Apple Store,Apple Store debit transaction,-165.63,Shopping,Student,Scotiabank,CAD
2026-08-29,Pearson Education,Education payment - Pearson Education,-135.3,Education,Student,Scotiabank,CAD
2026-09-01,Scholarship Payment,Direct deposit from Scholarship Payment,696.77,Income,Student,Scotiabank,CAD
2026-09-03,Lyft,Scotiabank card transaction at Lyft,-56.57,Transportation,Student,Scotiabank,CAD
2026-09-04,No Frills,Groceries payment - No Frills,-56.52,Groceries,Student,Scotiabank,CAD
2026-09-07,Starbucks,Starbucks debit transaction,-10.08,Coffee,Student,Scotiabank,CAD
2026-09-11,Presto,Scotiabank card transaction at Presto,-40.18,Transportation,Student,Scotiabank,CAD
2026-09-13,Starbucks,Starbucks debit transaction,-8.06,Coffee,Student,Scotiabank,CAD
2026-09-15,Spotify,Spotify purchase,-12.77,Subscriptions,Student,Scotiabank,CAD
2026-09-19,Walmart Grocery,Walmart Grocery debit transaction,-37.96,Groceries,Student,Scotiabank,CAD
2026-09-20,Pearson Education,Pearson Education debit transaction,-177.65,Education,Student,Scotiabank,CAD
2026-09-21,Starbucks,Starbucks purchase,-6.85,Coffee,Student,Scotiabank,CAD
2026-09-21,Walmart Grocery,Walmart Grocery purchase,-112.2,Groceries,Student,Scotiabank,CAD
2026-09-22,Presto,Presto purchase,-80.83,Transportation,Student,Scotiabank,CAD
2026-09-23,Scholarship Payment,Direct deposit from Scholarship Payment,1400.72,Income,Student,Scotiabank,CAD
2026-09-23,Tim Hortons,Scotiabank card transaction at Tim Hortons,-17.16,Coffee,Student,Scotiabank,CAD
2026-09-24,Best Buy,Scotiabank card transaction at Best Buy,-208.95,Shopping,Student,Scotiabank,CAD
2026-09-24,Payroll Deposit,Direct deposit from Payroll Deposit,857.75,Income,Student,Scotiabank,CAD
2026-09-26,Second Cup,Second Cup debit transaction,-5.2,Coffee,Student,Scotiabank,CAD
2026-10-02,Starbucks,Scotiabank card transaction at Starbucks,-4.32,Coffee,Student,Scotiabank,CAD
2026-10-03,Chipotle,Chipotle debit transaction,-48.39,Dining,Student,Scotiabank,CAD
2026-10-07,Uber,Uber purchase,-30.96,Transportation,Student,Scotiabank,CAD
2026-10-08,Tim Hortons,Tim Hortons purchase,-5.98,Coffee,Student,Scotiabank,CAD
2026-10-10,Second Cup,Second Cup purchase,-5.65,Coffee,Student,Scotiabank,CAD
2026-10-13,Chipotle,Chipotle purchase,-34.57,Dining,Student,Scotiabank,CAD
2026-10-13,Chipotle,Chipotle purchase,-37.7,Dining,Student,Scotiabank,CAD
2026-10-14,Uniqlo,Uniqlo debit transaction,-25.79,Shopping,Student,Scotiabank,CAD
2026-10-15,Spotify,Spotify purchase,-8.45,Subscriptions,Student,Scotiabank,CAD
2026-10-18,Presto,Presto purchase,-80.92,Transportation,Student,Scotiabank,CAD
2026-10-19,Metro,Groceries payment - Metro,-69.09,Groceries,Student,Scotiabank,CAD
2026-10-19,Starbucks,Starbucks purchase,-5.78,Coffee,Student,Scotiabank,CAD
2026-10-20,No Frills,No Frills debit transaction,-99.76,Groceries,Student,Scotiabank,CAD
2026-10-25,Chipotle,Chipotle purchase,-51.6,Dining,Student,Scotiabank,CAD
2026-10-29,H&M,H&M purchase,-47.86,Shopping,Student,Scotiabank,CAD
2026-10-30,H&M,H&M purchase,-67.12,Shopping,Student,Scotiabank,CAD
2026-10-30,Tim Hortons,Scotiabank card transaction at Tim Hortons,-9.47,Coffee,Student,Scotiabank,CAD
2026-11-01,Payroll Deposit,Payroll Deposit income deposit,1876.32,Income,Student,Scotiabank,CAD
2026-11-01,Subway,Subway purchase,-11.19,Dining,Student,Scotiabank,CAD
2026-11-02,Walmart Grocery,Walmart Grocery debit transaction,-29.67,Groceries,Student,Scotiabank,CAD
2026-11-03,Presto,Presto purchase,-48.99,Transportation,Student,Scotiabank,CAD
2026-11-09,Scholarship Payment,Direct deposit from Scholarship Payment,1898.51,Income,Student,Scotiabank,CAD
2026-11-09,Uber,Uber purchase,-13.19,Transportation,Student,Scotiabank,CAD
2026-11-10,Amazon Prime,Subscriptions payment - Amazon Prime,-13.93,Subscriptions,Student,Scotiabank,CAD
2026-11-12,H&M,H&M debit transaction,-88.63,Shopping,Student,Scotiabank,CAD
2026-11-13,Pearson Education,Pearson Education debit transaction,-200.93,Education,Student,Scotiabank,CAD
2026-11-14,Netflix,Scotiabank card transaction at Netflix,-10.0,Subscriptions,Student,Scotiabank,CAD
2026-11-15,Spotify,Subscriptions payment - Spotify,-15.69,Subscriptions,Student,Scotiabank,CAD
2026-11-16,Tim Hortons,Coffee payment - Tim Hortons,-15.15,Coffee,Student,Scotiabank,CAD
2026-11-16,Walmart Grocery,Walmart Grocery debit transaction,-45.59,Groceries,Student,Scotiabank,CAD
2026-11-17,Payroll Deposit,Payroll Deposit income deposit,1374.86,Income,Student,Scotiabank,CAD
2026-11-17,Tim Hortons,Tim Hortons debit transaction,-13.1,Coffee,Student,Scotiabank,CAD
2026-11-18,Subway,Dining payment - Subway,-40.69,Dining,Student,Scotiabank,CAD
2026-11-18,Uber Eats,Dining payment - Uber Eats,-12.35,Dining,Student,Scotiabank,CAD
2026-11-19,Tim Hortons,Tim Hortons debit transaction,-12.48,Coffee,Student,Scotiabank,CAD
2026-11-21,Scholarship Payment,Scholarship Payment income deposit,1124.22,Income,Student,Scotiabank,CAD
2026-12-01,Payroll Deposit,Direct deposit from Payroll Deposit,764.99,Income,Student,Scotiabank,CAD
2026-12-02,Best Buy,Best Buy debit transaction,-159.67,Shopping,Student,Scotiabank,CAD
2026-12-02,Campus Bookstore,Campus Bookstore debit transaction,-119.29,Education,Student,Scotiabank,CAD
2026-12-02,Pearson Education,Scotiabank card transaction at Pearson Education,-100.18,Education,Student,Scotiabank,CAD
2026-12-05,No Frills,Groceries payment - No Frills,-66.83,Groceries,Student,Scotiabank,CAD
2026-12-06,Best Buy,Best Buy purchase,-50.45,Shopping,Student,Scotiabank,CAD
2026-12-09,Scholarship Payment,Scholarship Payment income deposit,1438.78,Income,Student,Scotiabank,CAD
2026-12-10,Best Buy,Best Buy debit transaction,-44.55,Shopping,Student,Scotiabank,CAD
2026-12-11,Chipotle,Chipotle purchase,-12.43,Dining,Student,Scotiabank,CAD
2026-12-11,Coursera,Coursera purchase,-118.18,Education,Student,Scotiabank,CAD
2026-12-15,Amazon Prime,Subscriptions payment - Amazon Prime,-11.92,Subscriptions,Student,Scotiabank,CAD
2026-12-15,Pizza Pizza,Pizza Pizza debit transaction,-47.4,Dining,Student,Scotiabank,CAD
2026-12-15,Subway,Scotiabank card transaction at Subway,-52.36,Dining,Student,Scotiabank,CAD
2026-12-19,Metro,Groceries payment - Metro,-37.82,Groceries,Student,Scotiabank,CAD
2026-12-22,Metro,Metro purchase,-25.79,Groceries,Student,Scotiabank,CAD
2026-12-23,Uber Eats,Uber Eats purchase,-30.0,Dining,Student,Scotiabank,CAD
2026-12-24,Coursera,Coursera debit transaction,-25.69,Education,Student,Scotiabank,CAD
2026-12-25,Coursera,Coursera purchase,-238.05,Education,Student,Scotiabank,CAD
2026-12-28,Campus Bookstore,Campus Bookstore debit transaction,-199.71,Education,Student,Scotiabank,CAD
2026-12-28,Chipotle,Chipotle debit transaction,-33.71,Dining,Student,Scotiabank,CAD
2026-12-29,Metro,Metro debit transaction,-61.91,Groceries,Student,Scotiabank,CAD
2026-12-30,Payroll Deposit,Payroll Deposit income deposit,1837.4,Income,Student,Scotiabank,CAD
2026-12-30,Spotify,Spotify purchase,-19.3,Subscriptions,Student,Scotiabank,CAD
2024-01-01,Payroll Deposit,Payroll Deposit income deposit,1147.34,Income,Student,TD,CAD
2024-01-02,Lyft,TD card transaction at Lyft,-55.86,Transportation,Student,TD,CAD
2024-01-04,Pizza Pizza,Pizza Pizza debit transaction,-27.32,Dining,Student,TD,CAD
2024-01-04,Second Cup,TD card transaction at Second Cup,-11.87,Coffee,Student,TD,CAD
2024-01-05,Pizza Pizza,Pizza Pizza purchase,-40.16,Dining,Student,TD,CAD
2024-01-05,Walmart Grocery,Walmart Grocery debit transaction,-69.4,Groceries,Student,TD,CAD
2024-01-07,Metro,TD card transaction at Metro,-88.03,Groceries,Student,TD,CAD
2024-01-07,Metro,Metro purchase,-67.51,Groceries,Student,TD,CAD
2024-01-10,Presto,Transportation payment - Presto,-21.96,Transportation,Student,TD,CAD
2024-01-10,Second Cup,Coffee payment - Second Cup,-15.32,Coffee,Student,TD,CAD
2024-01-11,No Frills,No Frills purchase,-49.12,Groceries,Student,TD,CAD
2024-01-14,Chipotle,Chipotle purchase,-25.8,Dining,Student,TD,CAD
2024-01-15,Metro,TD card transaction at Metro,-33.92,Groceries,Student,TD,CAD
2024-01-15,Spotify,Subscriptions payment - Spotify,-9.43,Subscriptions,Student,TD,CAD
2024-01-18,Payroll Deposit,Direct deposit from Payroll Deposit,882.42,Income,Student,TD,CAD
2024-01-19,Second Cup,Coffee payment - Second Cup,-13.44,Coffee,Student,TD,CAD
2024-01-22,Metro,TD card transaction at Metro,-105.76,Groceries,Student,TD,CAD
2024-01-22,Uber,TD card transaction at Uber,-15.01,Transportation,Student,TD,CAD
2024-01-23,Coursera,TD card transaction at Coursera,-206.26,Education,Student,TD,CAD
2024-01-23,Presto,TD card transaction at Presto,-19.73,Transportation,Student,TD,CAD
2024-01-25,Tim Hortons,TD card transaction at Tim Hortons,-16.87,Coffee,Student,TD,CAD
2024-01-26,Pearson Education,Pearson Education debit transaction,-54.71,Education,Student,TD,CAD
2024-01-28,Coursera,TD card transaction at Coursera,-178.05,Education,Student,TD,CAD
2024-01-31,Pizza Pizza,TD card transaction at Pizza Pizza,-20.15,Dining,Student,TD,CAD
2024-02-01,Metro,TD card transaction at Metro,-38.71,Groceries,Student,TD,CAD
2024-02-01,Payroll Deposit,Payroll Deposit income deposit,946.99,Income,Student,TD,CAD
2024-02-02,Pizza Pizza,Dining payment - Pizza Pizza,-22.56,Dining,Student,TD,CAD
2024-02-03,Netflix,Subscriptions payment - Netflix,-15.68,Subscriptions,Student,TD,CAD
2024-02-03,Second Cup,Second Cup debit transaction,-17.47,Coffee,Student,TD,CAD
2024-02-04,Presto,Presto purchase,-58.42,Transportation,Student,TD,CAD
2024-02-06,Netflix,TD card transaction at Netflix,-11.2,Subscriptions,Student,TD,CAD
2024-02-08,No Frills,No Frills debit transaction,-68.99,Groceries,Student,TD,CAD
2024-02-08,Payroll Deposit,Payroll Deposit income deposit,1055.64,Income,Student,TD,CAD
2024-02-10,Starbucks,Coffee payment - Starbucks,-6.48,Coffee,Student,TD,CAD
2024-02-14,No Frills,TD card transaction at No Frills,-116.51,Groceries,Student,TD,CAD
2024-02-14,Tim Hortons,Tim Hortons debit transaction,-11.23,Coffee,Student,TD,CAD
2024-02-15,Best Buy,TD card transaction at Best Buy,-93.16,Shopping,Student,TD,CAD
2024-02-21,Starbucks,TD card transaction at Starbucks,-14.57,Coffee,Student,TD,CAD
2024-02-22,Walmart Grocery,Walmart Grocery purchase,-112.5,Groceries,Student,TD,CAD
2024-02-23,No Frills,Groceries payment - No Frills,-50.2,Groceries,Student,TD,CAD
2024-02-23,Uber,Uber debit transaction,-6.28,Transportation,Student,TD,CAD
2024-02-24,Second Cup,Second Cup debit transaction,-14.87,Coffee,Student,TD,CAD
2024-02-27,Scholarship Payment,Direct deposit from Scholarship Payment,720.05,Income,Student,TD,CAD
2024-02-28,Lyft,TD card transaction at Lyft,-3.46,Transportation,Student,TD,CAD
2024-03-01,Amazon Prime,TD card transaction at Amazon Prime,-17.58,Subscriptions,Student,TD,CAD
2024-03-01,Scholarship Payment,Scholarship Payment income deposit,1637.39,Income,Student,TD,CAD
2024-03-01,Second Cup,Second Cup purchase,-13.37,Coffee,Student,TD,CAD
2024-03-01,Starbucks,Coffee payment - Starbucks,-7.04,Coffee,Student,TD,CAD
2024-03-03,No Frills,TD card transaction at No Frills,-40.56,Groceries,Student,TD,CAD
2024-03-05,Pizza Pizza,TD card transaction at Pizza Pizza,-13.71,Dining,Student,TD,CAD
2024-03-06,Uniqlo,Uniqlo purchase,-45.01,Shopping,Student,TD,CAD
2024-03-06,Walmart Grocery,Groceries payment - Walmart Grocery,-73.39,Groceries,Student,TD,CAD
2024-03-08,Walmart Grocery,Walmart Grocery debit transaction,-71.1,Groceries,Student,TD,CAD
2024-03-09,Lyft,Lyft purchase,-42.79,Transportation,Student,TD,CAD
2024-03-10,Campus Bookstore,Campus Bookstore purchase,-161.93,Education,Student,TD,CAD
2024-03-12,Scholarship Payment,Scholarship Payment income deposit,1428.98,Income,Student,TD,CAD
2024-03-12,Tim Hortons,TD card transaction at Tim Hortons,-7.06,Coffee,Student,TD,CAD
2024-03-13,Uber Eats,TD card transaction at Uber Eats,-34.31,Dining,Student,TD,CAD
2024-03-16,Uber,Uber purchase,-51.81,Transportation,Student,TD,CAD
2024-03-17,Second Cup,Coffee payment - Second Cup,-17.95,Coffee,Student,TD,CAD
2024-03-21,Chipotle,Chipotle purchase,-43.51,Dining,Student,TD,CAD
2024-03-22,Uber Eats,TD card transaction at Uber Eats,-27.16,Dining,Student,TD,CAD
2024-03-26,Lyft,Transportation payment - Lyft,-42.92,Transportation,Student,TD,CAD
2024-03-26,Netflix,Netflix debit transaction,-14.62,Subscriptions,Student,TD,CAD
2024-03-29,Uber,Uber debit transaction,-29.27,Transportation,Student,TD,CAD
2024-03-31,Presto,Presto purchase,-16.73,Transportation,Student,TD,CAD
2024-04-01,Payroll Deposit,Direct deposit from Payroll Deposit,1487.92,Income,Student,TD,CAD
2024-04-06,Metro,TD card transaction at Metro,-74.92,Groceries,Student,TD,CAD
2024-04-06,Spotify,Subscriptions payment - Spotify,-19.6,Subscriptions,Student,TD,CAD
2024-04-07,Apple Store,TD card transaction at Apple Store,-51.2,Shopping,Student,TD,CAD
2024-04-07,Metro,Groceries payment - Metro,-83.95,Groceries,Student,TD,CAD
2024-04-07,Subway,Subway debit transaction,-47.64,Dining,Student,TD,CAD
2024-04-11,Walmart Grocery,Walmart Grocery purchase,-26.93,Groceries,Student,TD,CAD
2024-04-14,Tim Hortons,Coffee payment - Tim Hortons,-10.32,Coffee,Student,TD,CAD
2024-04-14,Tim Hortons,TD card transaction at Tim Hortons,-4.24,Coffee,Student,TD,CAD
2024-04-14,Uniqlo,TD card transaction at Uniqlo,-93.02,Shopping,Student,TD,CAD
2024-04-15,Spotify,Subscriptions payment - Spotify,-13.53,Subscriptions,Student,TD,CAD
2024-04-17,Campus Bookstore,Education payment - Campus Bookstore,-145.55,Education,Student,TD,CAD
2024-04-17,Netflix,Netflix debit transaction,-15.98,Subscriptions,Student,TD,CAD
2024-04-24,Metro,Metro debit transaction,-20.42,Groceries,Student,TD,CAD
2024-04-25,Pizza Pizza,Pizza Pizza debit transaction,-12.44,Dining,Student,TD,CAD
2024-04-25,Uber Eats,Uber Eats purchase,-41.54,Dining,Student,TD,CAD
2024-04-26,Scholarship Payment,Scholarship Payment income deposit,716.36,Income,Student,TD,CAD
2024-04-26,Uber,TD card transaction at Uber,-52.74,Transportation,Student,TD,CAD
2024-04-27,Metro,TD card transaction at Metro,-66.61,Groceries,Student,TD,CAD
2024-04-30,Payroll Deposit,Payroll Deposit income deposit,1066.96,Income,Student,TD,CAD
2024-05-01,Payroll Deposit,Direct deposit from Payroll Deposit,1583.44,Income,Student,TD,CAD
2024-05-01,Payroll Deposit,Payroll Deposit income deposit,1880.49,Income,Student,TD,CAD
2024-05-01,Subway,Subway purchase,-33.55,Dining,Student,TD,CAD
2024-05-01,Uniqlo,Shopping payment - Uniqlo,-179.59,Shopping,Student,TD,CAD
2024-05-03,Scholarship Payment,Scholarship Payment income deposit,1277.28,Income,Student,TD,CAD
2024-05-05,Pearson Education,Education payment - Pearson Education,-181.33,Education,Student,TD,CAD
2024-05-05,Walmart Grocery,TD card transaction at Walmart Grocery,-87.08,Groceries,Student,TD,CAD
2024-05-08,Lyft,TD card transaction at Lyft,-69.58,Transportation,Student,TD,CAD
2024-05-09,Uber,Uber purchase,-35.67,Transportation,Student,TD,CAD
2024-05-11,Walmart Grocery,Groceries payment - Walmart Grocery,-83.37,Groceries,Student,TD,CAD
2024-05-15,Amazon Prime,Amazon Prime debit transaction,-9.4,Subscriptions,Student,TD,CAD
2024-05-15,Second Cup,Second Cup debit transaction,-5.84,Coffee,Student,TD,CAD
2024-05-16,No Frills,No Frills purchase,-88.15,Groceries,Student,TD,CAD
2024-05-16,Subway,TD card transaction at Subway,-26.47,Dining,Student,TD,CAD
2024-05-17,Netflix,Netflix purchase,-12.47,Subscriptions,Student,TD,CAD
2024-05-18,Metro,Metro debit transaction,-30.57,Groceries,Student,TD,CAD
2024-05-18,Second Cup,Second Cup purchase,-8.27,Coffee,Student,TD,CAD
2024-05-20,Starbucks,TD card transaction at Starbucks,-6.72,Coffee,Student,TD,CAD
2024-05-21,Pizza Pizza,Pizza Pizza purchase,-23.08,Dining,Student,TD,CAD
2024-05-21,Walmart Grocery,TD card transaction at Walmart Grocery,-115.65,Groceries,Student,TD,CAD
2024-05-23,Lyft,TD card transaction at Lyft,-52.64,Transportation,Student,TD,CAD
2024-05-24,Presto,Transportation payment - Presto,-81.03,Transportation,Student,TD,CAD
2024-05-24,Second Cup,TD card transaction at Second Cup,-6.96,Coffee,Student,TD,CAD
2024-05-28,Second Cup,Second Cup debit transaction,-6.25,Coffee,Student,TD,CAD
2024-05-31,Second Cup,Second Cup purchase,-6.95,Coffee,Student,TD,CAD
2024-06-01,Scholarship Payment,Scholarship Payment income deposit,1213.31,Income,Student,TD,CAD
2024-06-06,No Frills,No Frills purchase,-49.95,Groceries,Student,TD,CAD
2024-06-06,Starbucks,Starbucks purchase,-15.79,Coffee,Student,TD,CAD
2024-06-07,Apple Store,Apple Store debit transaction,-60.76,Shopping,Student,TD,CAD
2024-06-08,Uber Eats,Uber Eats purchase,-10.59,Dining,Student,TD,CAD
2024-06-11,Second Cup,Coffee payment - Second Cup,-10.48,Coffee,Student,TD,CAD
2024-06-11,Walmart Grocery,Groceries payment - Walmart Grocery,-46.08,Groceries,Student,TD,CAD
2024-06-12,Spotify,Spotify debit transaction,-12.49,Subscriptions,Student,TD,CAD
2024-06-15,Amazon Prime,Amazon Prime debit transaction,-20.69,Subscriptions,Student,TD,CAD
2024-06-18,H&M,TD card transaction at H&M,-188.97,Shopping,Student,TD,CAD
2024-06-19,Walmart Grocery,TD card transaction at Walmart Grocery,-100.39,Groceries,Student,TD,CAD
2024-06-22,Chipotle,Dining payment - Chipotle,-44.86,Dining,Student,TD,CAD
2024-06-22,Pizza Pizza,Pizza Pizza purchase,-15.06,Dining,Student,TD,CAD
2024-06-24,Uber,Uber purchase,-62.65,Transportation,Student,TD,CAD
2024-06-25,Tim Hortons,TD card transaction at Tim Hortons,-10.82,Coffee,Student,TD,CAD
2024-06-27,Tim Hortons,TD card transaction at Tim Hortons,-5.88,Coffee,Student,TD,CAD
2024-06-28,Presto,Presto purchase,-69.64,Transportation,Student,TD,CAD
2024-06-29,Scholarship Payment,Scholarship Payment income deposit,1170.65,Income,Student,TD,CAD
2024-07-01,Coursera,Coursera debit transaction,-207.32,Education,Student,TD,CAD
2024-07-01,Scholarship Payment,Direct deposit from Scholarship Payment,1107.27,Income,Student,TD,CAD
2024-07-01,Uniqlo,Uniqlo purchase,-216.59,Shopping,Student,TD,CAD
2024-07-07,Second Cup,TD card transaction at Second Cup,-9.43,Coffee,Student,TD,CAD
2024-07-09,Starbucks,TD card transaction at Starbucks,-7.28,Coffee,Student,TD,CAD
2024-07-15,Amazon Prime,TD card transaction at Amazon Prime,-9.45,Subscriptions,Student,TD,CAD
2024-07-15,Campus Bookstore,Campus Bookstore purchase,-110.31,Education,Student,TD,CAD
2024-07-16,Payroll Deposit,Direct deposit from Payroll Deposit,1894.45,Income,Student,TD,CAD
2024-07-19,Metro,Metro debit transaction,-93.06,Groceries,Student,TD,CAD
2024-07-20,Apple Store,TD card transaction at Apple Store,-112.75,Shopping,Student,TD,CAD
2024-07-22,Coursera,Coursera debit transaction,-187.8,Education,Student,TD,CAD
2024-07-22,Payroll Deposit,Payroll Deposit income deposit,1478.73,Income,Student,TD,CAD
2024-07-27,Amazon Prime,TD card transaction at Amazon Prime,-16.52,Subscriptions,Student,TD,CAD
2024-07-31,No Frills,TD card transaction at No Frills,-22.12,Groceries,Student,TD,CAD
2024-08-01,Chipotle,Dining payment - Chipotle,-43.01,Dining,Student,TD,CAD
2024-08-01,Scholarship Payment,Scholarship Payment income deposit,1373.29,Income,Student,TD,CAD
2024-08-03,Starbucks,TD card transaction at Starbucks,-6.96,Coffee,Student,TD,CAD
2024-08-05,Presto,Presto debit transaction,-14.05,Transportation,Student,TD,CAD
2024-08-06,Spotify,Spotify debit transaction,-21.71,Subscriptions,Student,TD,CAD
2024-08-06,Starbucks,TD card transaction at Starbucks,-12.43,Coffee,Student,TD,CAD
2024-08-08,Campus Bookstore,TD card transaction at Campus Bookstore,-236.06,Education,Student,TD,CAD
2024-08-12,Spotify,Subscriptions payment - Spotify,-17.76,Subscriptions,Student,TD,CAD
2024-08-15,Amazon Prime,Amazon Prime debit transaction,-8.78,Subscriptions,Student,TD,CAD
2024-08-16,Uber,Uber debit transaction,-51.44,Transportation,Student,TD,CAD
2024-08-18,Metro,Metro debit transaction,-67.76,Groceries,Student,TD,CAD
2024-08-19,No Frills,No Frills purchase,-70.7,Groceries,Student,TD,CAD
2024-08-20,Uniqlo,Uniqlo purchase,-195.7,Shopping,Student,TD,CAD
2024-08-21,Pearson Education,TD card transaction at Pearson Education,-67.73,Education,Student,TD,CAD
2024-08-23,Lyft,Transportation payment - Lyft,-75.39,Transportation,Student,TD,CAD
2024-08-24,Uber,Uber purchase,-42.48,Transportation,Student,TD,CAD
2024-08-25,Spotify,TD card transaction at Spotify,-18.47,Subscriptions,Student,TD,CAD
2024-08-27,Lyft,Transportation payment - Lyft,-4.84,Transportation,Student,TD,CAD
2024-08-27,No Frills,TD card transaction at No Frills,-67.66,Groceries,Student,TD,CAD
2024-08-28,Uber,TD card transaction at Uber,-47.98,Transportation,Student,TD,CAD
2024-08-29,No Frills,No Frills purchase,-69.19,Groceries,Student,TD,CAD
2024-08-30,No Frills,No Frills debit transaction,-70.67,Groceries,Student,TD,CAD
2024-08-30,Second Cup,Second Cup purchase,-10.55,Coffee,Student,TD,CAD
2024-08-31,H&M,H&M purchase,-63.32,Shopping,Student,TD,CAD
2024-09-01,Scholarship Payment,Scholarship Payment income deposit,863.21,Income,Student,TD,CAD
2024-09-02,Apple Store,Shopping payment - Apple Store,-94.24,Shopping,Student,TD,CAD
2024-09-02,Scholarship Payment,Direct deposit from Scholarship Payment,1693.07,Income,Student,TD,CAD
2024-09-02,Spotify,TD card transaction at Spotify,-13.51,Subscriptions,Student,TD,CAD
2024-09-04,Campus Bookstore,Campus Bookstore purchase,-180.91,Education,Student,TD,CAD
2024-09-04,Second Cup,Second Cup debit transaction,-10.66,Coffee,Student,TD,CAD
2024-09-05,Metro,Groceries payment - Metro,-48.16,Groceries,Student,TD,CAD
2024-09-05,Tim Hortons,Tim Hortons purchase,-4.23,Coffee,Student,TD,CAD
2024-09-06,Walmart Grocery,Groceries payment - Walmart Grocery,-82.37,Groceries,Student,TD,CAD
2024-09-11,Walmart Grocery,Groceries payment - Walmart Grocery,-78.85,Groceries,Student,TD,CAD
2024-09-12,Starbucks,Starbucks debit transaction,-9.76,Coffee,Student,TD,CAD
2024-09-13,Metro,TD card transaction at Metro,-85.07,Groceries,Student,TD,CAD
2024-09-15,Netflix,Subscriptions payment - Netflix,-11.21,Subscriptions,Student,TD,CAD
2024-09-16,Netflix,Netflix debit transaction,-10.69,Subscriptions,Student,TD,CAD
2024-09-16,Uber Eats,Uber Eats debit transaction,-50.59,Dining,Student,TD,CAD
2024-09-20,Second Cup,Second Cup purchase,-16.29,Coffee,Student,TD,CAD
2024-09-21,Lyft,Transportation payment - Lyft,-45.81,Transportation,Student,TD,CAD
2024-09-22,Campus Bookstore,Campus Bookstore purchase,-34.41,Education,Student,TD,CAD
2024-09-22,Netflix,Subscriptions payment - Netflix,-18.72,Subscriptions,Student,TD,CAD
2024-09-22,Walmart Grocery,TD card transaction at Walmart Grocery,-35.11,Groceries,Student,TD,CAD
2024-09-23,H&M,Shopping payment - H&M,-57.96,Shopping,Student,TD,CAD
2024-09-23,No Frills,No Frills debit transaction,-33.63,Groceries,Student,TD,CAD
2024-09-24,Scholarship Payment,Scholarship Payment income deposit,1677.53,Income,Student,TD,CAD
2024-09-25,Scholarship Payment,Direct deposit from Scholarship Payment,779.91,Income,Student,TD,CAD
2024-09-28,Second Cup,Coffee payment - Second Cup,-15.57,Coffee,Student,TD,CAD
2024-09-30,Tim Hortons,TD card transaction at Tim Hortons,-9.04,Coffee,Student,TD,CAD
2024-10-01,Scholarship Payment,Scholarship Payment income deposit,1386.31,Income,Student,TD,CAD
2024-10-04,No Frills,Groceries payment - No Frills,-98.49,Groceries,Student,TD,CAD
2024-10-05,No Frills,TD card transaction at No Frills,-66.67,Groceries,Student,TD,CAD
2024-10-08,Chipotle,Chipotle debit transaction,-21.53,Dining,Student,TD,CAD
2024-10-08,Scholarship Payment,Scholarship Payment income deposit,1551.25,Income,Student,TD,CAD
2024-10-09,Uniqlo,TD card transaction at Uniqlo,-135.53,Shopping,Student,TD,CAD
2024-10-12,Uber,Uber purchase,-15.69,Transportation,Student,TD,CAD
2024-10-13,Uber Eats,Uber Eats debit transaction,-43.04,Dining,Student,TD,CAD
2024-10-14,Lyft,TD card transaction at Lyft,-53.17,Transportation,Student,TD,CAD
2024-10-17,Uber Eats,Uber Eats purchase,-26.88,Dining,Student,TD,CAD
2024-10-18,Uniqlo,Shopping payment - Uniqlo,-55.74,Shopping,Student,TD,CAD
2024-10-19,Lyft,TD card transaction at Lyft,-24.43,Transportation,Student,TD,CAD
2024-10-19,Spotify,Spotify purchase,-11.11,Subscriptions,Student,TD,CAD
2024-10-20,Tim Hortons,Coffee payment - Tim Hortons,-7.61,Coffee,Student,TD,CAD
2024-10-21,Campus Bookstore,Education payment - Campus Bookstore,-166.45,Education,Student,TD,CAD
2024-10-21,Second Cup,Second Cup debit transaction,-17.71,Coffee,Student,TD,CAD
2024-10-24,Pizza Pizza,Pizza Pizza debit transaction,-41.28,Dining,Student,TD,CAD
2024-10-24,Second Cup,Second Cup debit transaction,-7.39,Coffee,Student,TD,CAD
2024-10-26,Payroll Deposit,Payroll Deposit income deposit,1510.51,Income,Student,TD,CAD
2024-10-28,Uber,TD card transaction at Uber,-43.25,Transportation,Student,TD,CAD
2024-10-28,Uber,TD card transaction at Uber,-18.35,Transportation,Student,TD,CAD
2024-10-29,Scholarship Payment,Direct deposit from Scholarship Payment,969.32,Income,Student,TD,CAD
2024-11-01,Scholarship Payment,Direct deposit from Scholarship Payment,1718.75,Income,Student,TD,CAD
2024-11-01,Walmart Grocery,Walmart Grocery purchase,-101.97,Groceries,Student,TD,CAD
2024-11-02,Second Cup,Second Cup debit transaction,-12.96,Coffee,Student,TD,CAD
2024-11-03,Presto,TD card transaction at Presto,-66.93,Transportation,Student,TD,CAD
2024-11-03,Starbucks,TD card transaction at Starbucks,-7.1,Coffee,Student,TD,CAD
2024-11-06,Walmart Grocery,Walmart Grocery purchase,-39.87,Groceries,Student,TD,CAD
2024-11-07,Chipotle,Chipotle purchase,-45.28,Dining,Student,TD,CAD
2024-11-07,Coursera,Education payment - Coursera,-108.66,Education,Student,TD,CAD
2024-11-07,Payroll Deposit,Payroll Deposit income deposit,1376.26,Income,Student,TD,CAD
2024-11-15,Spotify,Subscriptions payment - Spotify,-16.21,Subscriptions,Student,TD,CAD
2024-11-20,Starbucks,Starbucks purchase,-14.14,Coffee,Student,TD,CAD
2024-11-20,Subway,Subway debit transaction,-40.33,Dining,Student,TD,CAD
2024-11-20,Tim Hortons,TD card transaction at Tim Hortons,-13.96,Coffee,Student,TD,CAD
2024-11-21,Amazon Prime,TD card transaction at Amazon Prime,-20.72,Subscriptions,Student,TD,CAD
2024-11-23,Walmart Grocery,Walmart Grocery purchase,-34.4,Groceries,Student,TD,CAD
2024-11-24,Chipotle,TD card transaction at Chipotle,-28.58,Dining,Student,TD,CAD
2024-11-26,Metro,TD card transaction at Metro,-61.03,Groceries,Student,TD,CAD
2024-11-26,No Frills,TD card transaction at No Frills,-99.69,Groceries,Student,TD,CAD
2024-11-30,Metro,Groceries payment - Metro,-49.56,Groceries,Student,TD,CAD
2024-12-01,Payroll Deposit,Direct deposit from Payroll Deposit,1336.99,Income,Student,TD,CAD
2024-12-02,Best Buy,Best Buy debit transaction,-112.17,Shopping,Student,TD,CAD
2024-12-02,Campus Bookstore,Campus Bookstore debit transaction,-229.02,Education,Student,TD,CAD
2024-12-03,Chipotle,Dining payment - Chipotle,-38.51,Dining,Student,TD,CAD
2024-12-04,Amazon Prime,TD card transaction at Amazon Prime,-14.79,Subscriptions,Student,TD,CAD
2024-12-06,No Frills,Groceries payment - No Frills,-69.64,Groceries,Student,TD,CAD
2024-12-07,Tim Hortons,Tim Hortons debit transaction,-14.3,Coffee,Student,TD,CAD
2024-12-07,Uber,Uber purchase,-59.52,Transportation,Student,TD,CAD
2024-12-09,Starbucks,Starbucks debit transaction,-11.77,Coffee,Student,TD,CAD
2024-12-10,Presto,Presto purchase,-35.71,Transportation,Student,TD,CAD
2024-12-11,Pearson Education,TD card transaction at Pearson Education,-102.61,Education,Student,TD,CAD
2024-12-15,Metro,Groceries payment - Metro,-76.64,Groceries,Student,TD,CAD
2024-12-15,Spotify,Spotify debit transaction,-21.26,Subscriptions,Student,TD,CAD
2024-12-16,Presto,TD card transaction at Presto,-31.99,Transportation,Student,TD,CAD
2024-12-18,Walmart Grocery,Groceries payment - Walmart Grocery,-94.1,Groceries,Student,TD,CAD
2024-12-19,Tim Hortons,Coffee payment - Tim Hortons,-14.78,Coffee,Student,TD,CAD
2024-12-20,H&M,Shopping payment - H&M,-57.56,Shopping,Student,TD,CAD
2024-12-21,Campus Bookstore,Campus Bookstore purchase,-161.29,Education,Student,TD,CAD
2024-12-22,Subway,Subway debit transaction,-46.01,Dining,Student,TD,CAD
2024-12-26,Uber Eats,Dining payment - Uber Eats,-13.53,Dining,Student,TD,CAD
2024-12-27,Lyft,TD card transaction at Lyft,-9.23,Transportation,Student,TD,CAD
2024-12-29,Pizza Pizza,Pizza Pizza purchase,-31.69,Dining,Student,TD,CAD
2024-12-29,Tim Hortons,TD card transaction at Tim Hortons,-13.72,Coffee,Student,TD,CAD
2024-12-31,No Frills,TD card transaction at No Frills,-41.08,Groceries,Student,TD,CAD
2024-12-31,Pizza Pizza,TD card transaction at Pizza Pizza,-33.24,Dining,Student,TD,CAD
2024-12-31,Tim Hortons,Tim Hortons purchase,-15.24,Coffee,Student,TD,CAD
2025-01-01,Scholarship Payment,Direct deposit from Scholarship Payment,759.74,Income,Student,TD,CAD
2025-01-02,Walmart Grocery,TD card transaction at Walmart Grocery,-47.08,Groceries,Student,TD,CAD
2025-01-03,Spotify,TD card transaction at Spotify,-12.83,Subscriptions,Student,TD,CAD
2025-01-03,Uber,Uber purchase,-18.1,Transportation,Student,TD,CAD
2025-01-03,Uber Eats,Uber Eats purchase,-35.71,Dining,Student,TD,CAD
2025-01-05,Uber,TD card transaction at Uber,-26.32,Transportation,Student,TD,CAD
2025-01-08,Tim Hortons,Tim Hortons debit transaction,-9.97,Coffee,Student,TD,CAD
2025-01-11,Apple Store,Apple Store purchase,-87.54,Shopping,Student,TD,CAD
2025-01-14,Subway,Subway debit transaction,-39.53,Dining,Student,TD,CAD
2025-01-15,Spotify,Subscriptions payment - Spotify,-12.25,Subscriptions,Student,TD,CAD
2025-01-21,Pizza Pizza,Pizza Pizza purchase,-26.44,Dining,Student,TD,CAD
2025-01-24,Presto,Presto purchase,-65.77,Transportation,Student,TD,CAD
2025-01-28,Subway,Subway debit transaction,-23.9,Dining,Student,TD,CAD
2025-01-29,Pizza Pizza,Dining payment - Pizza Pizza,-16.7,Dining,Student,TD,CAD
2025-01-30,Tim Hortons,TD card transaction at Tim Hortons,-10.29,Coffee,Student,TD,CAD
2025-01-31,Payroll Deposit,Direct deposit from Payroll Deposit,1838.11,Income,Student,TD,CAD
2025-01-31,Walmart Grocery,Groceries payment - Walmart Grocery,-85.39,Groceries,Student,TD,CAD
2025-02-01,Scholarship Payment,Direct deposit from Scholarship Payment,1623.88,Income,Student,TD,CAD
2025-02-01,Scholarship Payment,Direct deposit from Scholarship Payment,874.27,Income,Student,TD,CAD
2025-02-03,Coursera,Coursera debit transaction,-105.83,Education,Student,TD,CAD
2025-02-03,Subway,Subway debit transaction,-51.72,Dining,Student,TD,CAD
2025-02-07,Scholarship Payment,Scholarship Payment income deposit,1825.11,Income,Student,TD,CAD
2025-02-08,Coursera,Coursera debit transaction,-74.65,Education,Student,TD,CAD
2025-02-08,Starbucks,Starbucks purchase,-9.72,Coffee,Student,TD,CAD
2025-02-09,Presto,Presto debit transaction,-65.12,Transportation,Student,TD,CAD
2025-02-09,Starbucks,Coffee payment - Starbucks,-7.12,Coffee,Student,TD,CAD
2025-02-13,Apple Store,Apple Store debit transaction,-77.67,Shopping,Student,TD,CAD
2025-02-13,Presto,TD card transaction at Presto,-41.16,Transportation,Student,TD,CAD
2025-02-15,Scholarship Payment,Direct deposit from Scholarship Payment,1694.19,Income,Student,TD,CAD
2025-02-15,Spotify,Subscriptions payment - Spotify,-18.87,Subscriptions,Student,TD,CAD
2025-02-16,Campus Bookstore,Campus Bookstore debit transaction,-38.57,Education,Student,TD,CAD
2025-02-16,Tim Hortons,Coffee payment - Tim Hortons,-5.93,Coffee,Student,TD,CAD
2025-02-17,Scholarship Payment,Direct deposit from Scholarship Payment,1506.87,Income,Student,TD,CAD
2025-02-18,Amazon Prime,Amazon Prime debit transaction,-8.05,Subscriptions,Student,TD,CAD
2025-02-21,Pizza Pizza,TD card transaction at Pizza Pizza,-31.89,Dining,Student,TD,CAD
2025-02-21,Second Cup,TD card transaction at Second Cup,-6.58,Coffee,Student,TD,CAD
2025-02-25,Campus Bookstore,TD card transaction at Campus Bookstore,-155.2,Education,Student,TD,CAD
2025-02-25,Walmart Grocery,Groceries payment - Walmart Grocery,-31.68,Groceries,Student,TD,CAD
2025-02-26,Payroll Deposit,Payroll Deposit income deposit,1622.08,Income,Student,TD,CAD
2025-02-28,Pizza Pizza,Dining payment - Pizza Pizza,-40.95,Dining,Student,TD,CAD
2025-03-01,H&M,TD card transaction at H&M,-149.45,Shopping,Student,TD,CAD
2025-03-01,Scholarship Payment,Scholarship Payment income deposit,1414.38,Income,Student,TD,CAD
2025-03-02,Best Buy,Best Buy debit transaction,-25.07,Shopping,Student,TD,CAD
2025-03-04,Scholarship Payment,Scholarship Payment income deposit,1223.22,Income,Student,TD,CAD
2025-03-04,Walmart Grocery,Groceries payment - Walmart Grocery,-64.6,Groceries,Student,TD,CAD
2025-03-06,Uber,Transportation payment - Uber,-27.14,Transportation,Student,TD,CAD
2025-03-07,Scholarship Payment,Scholarship Payment income deposit,872.58,Income,Student,TD,CAD
2025-03-09,Campus Bookstore,Campus Bookstore purchase,-174.87,Education,Student,TD,CAD
2025-03-10,Subway,Dining payment - Subway,-27.91,Dining,Student,TD,CAD
2025-03-12,Netflix,TD card transaction at Netflix,-11.35,Subscriptions,Student,TD,CAD
2025-03-15,Amazon Prime,Amazon Prime debit transaction,-13.5,Subscriptions,Student,TD,CAD
2025-03-15,Best Buy,Best Buy debit transaction,-196.51,Shopping,Student,TD,CAD
2025-03-15,Lyft,Lyft purchase,-62.26,Transportation,Student,TD,CAD
2025-03-18,Second Cup,Coffee payment - Second Cup,-17.77,Coffee,Student,TD,CAD
2025-03-18,Starbucks,Coffee payment - Starbucks,-11.23,Coffee,Student,TD,CAD
2025-03-20,Netflix,Netflix purchase,-16.35,Subscriptions,Student,TD,CAD
2025-03-22,Starbucks,Coffee payment - Starbucks,-10.97,Coffee,Student,TD,CAD
2025-03-23,Presto,Presto debit transaction,-41.01,Transportation,Student,TD,CAD
2025-03-23,Uber,Transportation payment - Uber,-33.31,Transportation,Student,TD,CAD
2025-03-23,Walmart Grocery,TD card transaction at Walmart Grocery,-36.59,Groceries,Student,TD,CAD
2025-03-25,Uber,Uber purchase,-25.74,Transportation,Student,TD,CAD
2025-03-26,No Frills,TD card transaction at No Frills,-41.13,Groceries,Student,TD,CAD
2025-03-26,Payroll Deposit,Direct deposit from Payroll Deposit,1256.33,Income,Student,TD,CAD
2025-03-30,Second Cup,Second Cup purchase,-9.85,Coffee,Student,TD,CAD
2025-04-01,Chipotle,Dining payment - Chipotle,-32.39,Dining,Student,TD,CAD
2025-04-01,Scholarship Payment,Direct deposit from Scholarship Payment,1547.97,Income,Student,TD,CAD
2025-04-02,Second Cup,Coffee payment - Second Cup,-8.31,Coffee,Student,TD,CAD
2025-04-03,Scholarship Payment,Direct deposit from Scholarship Payment,1739.74,Income,Student,TD,CAD
2025-04-03,Tim Hortons,Coffee payment - Tim Hortons,-12.19,Coffee,Student,TD,CAD
2025-04-03,Uber,Uber purchase,-23.07,Transportation,Student,TD,CAD
2025-04-04,Payroll Deposit,Direct deposit from Payroll Deposit,1423.65,Income,Student,TD,CAD
2025-04-04,Pearson Education,Pearson Education debit transaction,-183.62,Education,Student,TD,CAD
2025-04-05,Apple Store,Apple Store purchase,-153.4,Shopping,Student,TD,CAD
2025-04-05,Best Buy,TD card transaction at Best Buy,-124.62,Shopping,Student,TD,CAD
2025-04-06,Uniqlo,Uniqlo debit transaction,-154.42,Shopping,Student,TD,CAD
2025-04-07,Subway,Subway purchase,-38.02,Dining,Student,TD,CAD
2025-04-08,Amazon Prime,TD card transaction at Amazon Prime,-14.08,Subscriptions,Student,TD,CAD
2025-04-11,H&M,H&M purchase,-29.81,Shopping,Student,TD,CAD
2025-04-11,Second Cup,TD card transaction at Second Cup,-16.57,Coffee,Student,TD,CAD
2025-04-15,Amazon Prime,Amazon Prime debit transaction,-8.68,Subscriptions,Student,TD,CAD
2025-04-15,Coursera,TD card transaction at Coursera,-43.34,Education,Student,TD,CAD
2025-04-17,Best Buy,Best Buy purchase,-78.63,Shopping,Student,TD,CAD
2025-04-18,No Frills,Groceries payment - No Frills,-22.48,Groceries,Student,TD,CAD
2025-04-18,Pizza Pizza,Pizza Pizza purchase,-37.36,Dining,Student,TD,CAD
2025-04-18,Presto,Presto purchase,-57.58,Transportation,Student,TD,CAD
2025-04-21,Chipotle,Chipotle debit transaction,-15.29,Dining,Student,TD,CAD
2025-04-22,Lyft,Transportation payment - Lyft,-40.21,Transportation,Student,TD,CAD
2025-04-24,Apple Store,Shopping payment - Apple Store,-168.31,Shopping,Student,TD,CAD
2025-04-24,Campus Bookstore,Education payment - Campus Bookstore,-152.43,Education,Student,TD,CAD
2025-04-24,Uber,TD card transaction at Uber,-21.87,Transportation,Student,TD,CAD
2025-04-25,No Frills,No Frills purchase,-78.49,Groceries,Student,TD,CAD
2025-04-28,Starbucks,Starbucks debit transaction,-6.5,Coffee,Student,TD,CAD
2025-04-29,No Frills,TD card transaction at No Frills,-79.57,Groceries,Student,TD,CAD
2025-04-30,Metro,TD card transaction at Metro,-75.68,Groceries,Student,TD,CAD
2025-05-01,Payroll Deposit,Payroll Deposit income deposit,1586.67,Income,Student,TD,CAD
2025-05-04,Metro,TD card transaction at Metro,-51.58,Groceries,Student,TD,CAD
2025-05-06,Spotify,Subscriptions payment - Spotify,-18.2,Subscriptions,Student,TD,CAD
2025-05-07,Second Cup,Second Cup purchase,-5.53,Coffee,Student,TD,CAD
2025-05-10,Lyft,Lyft debit transaction,-3.13,Transportation,Student,TD,CAD
2025-05-12,No Frills,Groceries payment - No Frills,-101.67,Groceries,Student,TD,CAD
2025-05-12,Presto,TD card transaction at Presto,-28.26,Transportation,Student,TD,CAD
2025-05-15,Amazon Prime,Subscriptions payment - Amazon Prime,-13.8,Subscriptions,Student,TD,CAD
2025-05-15,Presto,Presto purchase,-63.47,Transportation,Student,TD,CAD
2025-05-17,Pizza Pizza,Dining payment - Pizza Pizza,-32.16,Dining,Student,TD,CAD
2025-05-20,Pizza Pizza,TD card transaction at Pizza Pizza,-21.68,Dining,Student,TD,CAD
2025-05-21,Apple Store,Apple Store debit transaction,-158.0,Shopping,Student,TD,CAD
2025-05-21,Second Cup,Second Cup purchase,-10.77,Coffee,Student,TD,CAD
2025-05-21,Uber Eats,Dining payment - Uber Eats,-30.75,Dining,Student,TD,CAD
2025-05-23,Pizza Pizza,Pizza Pizza debit transaction,-45.45,Dining,Student,TD,CAD
2025-05-26,H&M,H&M purchase,-81.55,Shopping,Student,TD,CAD
2025-05-27,No Frills,No Frills purchase,-47.87,Groceries,Student,TD,CAD
2025-05-30,Chipotle,Chipotle debit transaction,-37.64,Dining,Student,TD,CAD
2025-05-31,Pizza Pizza,Pizza Pizza debit transaction,-45.98,Dining,Student,TD,CAD
2025-06-01,Scholarship Payment,Direct deposit from Scholarship Payment,792.3,Income,Student,TD,CAD
2025-06-03,Tim Hortons,TD card transaction at Tim Hortons,-4.77,Coffee,Student,TD,CAD
2025-06-05,Coursera,Education payment - Coursera,-58.41,Education,Student,TD,CAD
2025-06-05,Starbucks,TD card transaction at Starbucks,-15.77,Coffee,Student,TD,CAD
2025-06-05,Subway,Subway purchase,-41.15,Dining,Student,TD,CAD
2025-06-06,Scholarship Payment,Direct deposit from Scholarship Payment,1350.95,Income,Student,TD,CAD
2025-06-06,Tim Hortons,Tim Hortons purchase,-16.1,Coffee,Student,TD,CAD
2025-06-07,Chipotle,TD card transaction at Chipotle,-17.88,Dining,Student,TD,CAD
2025-06-08,Starbucks,Starbucks purchase,-13.09,Coffee,Student,TD,CAD
2025-06-09,Uber Eats,Dining payment - Uber Eats,-13.91,Dining,Student,TD,CAD
2025-06-11,Campus Bookstore,TD card transaction at Campus Bookstore,-223.29,Education,Student,TD,CAD
2025-06-11,Walmart Grocery,Walmart Grocery purchase,-39.24,Groceries,Student,TD,CAD
2025-06-12,Subway,Dining payment - Subway,-47.33,Dining,Student,TD,CAD
2025-06-13,Tim Hortons,Tim Hortons debit transaction,-11.99,Coffee,Student,TD,CAD
2025-06-14,No Frills,Groceries payment - No Frills,-93.25,Groceries,Student,TD,CAD
2025-06-15,Presto,Presto debit transaction,-46.76,Transportation,Student,TD,CAD
2025-06-15,Spotify,Spotify debit transaction,-10.66,Subscriptions,Student,TD,CAD
2025-06-18,Walmart Grocery,Walmart Grocery debit transaction,-62.74,Groceries,Student,TD,CAD
2025-06-19,Campus Bookstore,Campus Bookstore debit transaction,-119.79,Education,Student,TD,CAD
2025-06-19,Coursera,Coursera purchase,-203.89,Education,Student,TD,CAD
2025-06-20,Spotify,Subscriptions payment - Spotify,-8.61,Subscriptions,Student,TD,CAD
2025-06-21,Netflix,Subscriptions payment - Netflix,-17.85,Subscriptions,Student,TD,CAD
2025-06-24,Coursera,Coursera purchase,-135.67,Education,Student,TD,CAD
2025-06-26,No Frills,Groceries payment - No Frills,-112.63,Groceries,Student,TD,CAD
2025-06-26,Tim Hortons,Coffee payment - Tim Hortons,-8.54,Coffee,Student,TD,CAD
2025-06-27,Metro,TD card transaction at Metro,-75.62,Groceries,Student,TD,CAD
2025-06-30,Pearson Education,Education payment - Pearson Education,-196.41,Education,Student,TD,CAD
2025-06-30,Presto,Presto purchase,-39.39,Transportation,Student,TD,CAD
2025-07-01,Scholarship Payment,Scholarship Payment income deposit,829.12,Income,Student,TD,CAD
2025-07-01,Walmart Grocery,TD card transaction at Walmart Grocery,-112.58,Groceries,Student,TD,CAD
2025-07-03,Tim Hortons,TD card transaction at Tim Hortons,-11.0,Coffee,Student,TD,CAD
2025-07-06,Second Cup,Coffee payment - Second Cup,-5.52,Coffee,Student,TD,CAD
2025-07-10,Best Buy,TD card transaction at Best Buy,-126.46,Shopping,Student,TD,CAD
2025-07-11,Scholarship Payment,Direct deposit from Scholarship Payment,972.8,Income,Student,TD,CAD
2025-07-15,Chipotle,Chipotle purchase,-14.64,Dining,Student,TD,CAD
2025-07-15,Netflix,TD card transaction at Netflix,-16.94,Subscriptions,Student,TD,CAD
2025-07-22,Uniqlo,Uniqlo purchase,-74.53,Shopping,Student,TD,CAD
2025-07-24,Metro,Metro purchase,-64.86,Groceries,Student,TD,CAD
2025-07-28,Walmart Grocery,Walmart Grocery purchase,-18.42,Groceries,Student,TD,CAD
2025-07-29,Payroll Deposit,Payroll Deposit income deposit,1313.65,Income,Student,TD,CAD
2025-07-30,Campus Bookstore,Education payment - Campus Bookstore,-190.23,Education,Student,TD,CAD
2025-08-01,Payroll Deposit,Direct deposit from Payroll Deposit,1847.87,Income,Student,TD,CAD
2025-08-02,Second Cup,Second Cup purchase,-9.37,Coffee,Student,TD,CAD
2025-08-03,Metro,TD card transaction at Metro,-80.55,Groceries,Student,TD,CAD
2025-08-03,Subway,Dining payment - Subway,-54.07,Dining,Student,TD,CAD
2025-08-05,Starbucks,Starbucks purchase,-10.59,Coffee,Student,TD,CAD
2025-08-08,Uber,Uber debit transaction,-14.79,Transportation,Student,TD,CAD
2025-08-09,Lyft,TD card transaction at Lyft,-35.15,Transportation,Student,TD,CAD
2025-08-11,Apple Store,Apple Store purchase,-178.49,Shopping,Student,TD,CAD
2025-08-11,Netflix,Netflix purchase,-20.72,Subscriptions,Student,TD,CAD
2025-08-11,Walmart Grocery,TD card transaction at Walmart Grocery,-32.44,Groceries,Student,TD,CAD
2025-08-13,Uniqlo,Shopping payment - Uniqlo,-67.72,Shopping,Student,TD,CAD
2025-08-14,Starbucks,Coffee payment - Starbucks,-6.51,Coffee,Student,TD,CAD
2025-08-15,Apple Store,Apple Store debit transaction,-194.84,Shopping,Student,TD,CAD
2025-08-15,Spotify,Subscriptions payment - Spotify,-14.46,Subscriptions,Student,TD,CAD
2025-08-15,Uber,Transportation payment - Uber,-5.48,Transportation,Student,TD,CAD
2025-08-17,Best Buy,Best Buy purchase,-101.14,Shopping,Student,TD,CAD
2025-08-22,Campus Bookstore,TD card transaction at Campus Bookstore,-59.79,Education,Student,TD,CAD
2025-08-22,Coursera,Coursera purchase,-234.81,Education,Student,TD,CAD
2025-08-23,Apple Store,TD card transaction at Apple Store,-110.4,Shopping,Student,TD,CAD
2025-08-24,Payroll Deposit,Direct deposit from Payroll Deposit,1182.12,Income,Student,TD,CAD
2025-08-24,Presto,Presto debit transaction,-54.83,Transportation,Student,TD,CAD
2025-08-25,Presto,TD card transaction at Presto,-56.12,Transportation,Student,TD,CAD
2025-08-26,Walmart Grocery,TD card transaction at Walmart Grocery,-76.56,Groceries,Student,TD,CAD
2025-08-27,Uber Eats,Dining payment - Uber Eats,-14.38,Dining,Student,TD,CAD
2025-08-29,Second Cup,Coffee payment - Second Cup,-12.63,Coffee,Student,TD,CAD
2025-08-30,Coursera,TD card transaction at Coursera,-190.41,Education,Student,TD,CAD
2025-08-30,Lyft,TD card transaction at Lyft,-67.68,Transportation,Student,TD,CAD
2025-08-30,Uber Eats,Dining payment - Uber Eats,-35.55,Dining,Student,TD,CAD
2025-09-01,No Frills,No Frills purchase,-102.83,Groceries,Student,TD,CAD
2025-09-01,Payroll Deposit,Payroll Deposit income deposit,1129.77,Income,Student,TD,CAD
2025-09-04,Walmart Grocery,TD card transaction at Walmart Grocery,-20.53,Groceries,Student,TD,CAD
2025-09-06,Campus Bookstore,Campus Bookstore purchase,-183.96,Education,Student,TD,CAD
2025-09-07,Starbucks,Starbucks debit transaction,-16.42,Coffee,Student,TD,CAD
2025-09-08,Second Cup,TD card transaction at Second Cup,-6.74,Coffee,Student,TD,CAD
2025-09-13,No Frills,No Frills purchase,-79.02,Groceries,Student,TD,CAD
2025-09-15,Amazon Prime,Subscriptions payment - Amazon Prime,-10.74,Subscriptions,Student,TD,CAD
2025-09-15,Coursera,TD card transaction at Coursera,-144.34,Education,Student,TD,CAD
2025-09-19,Coursera,Education payment - Coursera,-49.58,Education,Student,TD,CAD
2025-09-19,Pearson Education,TD card transaction at Pearson Education,-142.07,Education,Student,TD,CAD
2025-09-22,Presto,Presto debit transaction,-40.14,Transportation,Student,TD,CAD
2025-09-25,Starbucks,Starbucks purchase,-13.7,Coffee,Student,TD,CAD
2025-09-27,Walmart Grocery,Groceries payment - Walmart Grocery,-51.4,Groceries,Student,TD,CAD
2025-09-28,Walmart Grocery,Walmart Grocery debit transaction,-26.82,Groceries,Student,TD,CAD
2025-10-01,Scholarship Payment,Scholarship Payment income deposit,1547.24,Income,Student,TD,CAD
2025-10-01,Uber,Transportation payment - Uber,-42.21,Transportation,Student,TD,CAD
2025-10-05,Pizza Pizza,Pizza Pizza debit transaction,-34.99,Dining,Student,TD,CAD
2025-10-05,Uniqlo,Uniqlo purchase,-47.44,Shopping,Student,TD,CAD
2025-10-08,Walmart Grocery,Walmart Grocery purchase,-21.76,Groceries,Student,TD,CAD
2025-10-15,Netflix,Netflix purchase,-9.0,Subscriptions,Student,TD,CAD
2025-10-16,Best Buy,Shopping payment - Best Buy,-75.83,Shopping,Student,TD,CAD
2025-10-18,Apple Store,TD card transaction at Apple Store,-86.69,Shopping,Student,TD,CAD
2025-10-18,Pizza Pizza,Pizza Pizza debit transaction,-39.81,Dining,Student,TD,CAD
2025-10-18,Uniqlo,Shopping payment - Uniqlo,-96.94,Shopping,Student,TD,CAD
2025-10-20,Netflix,Netflix purchase,-10.01,Subscriptions,Student,TD,CAD
2025-10-20,Uniqlo,Uniqlo debit transaction,-110.88,Shopping,Student,TD,CAD
2025-10-21,Netflix,Netflix purchase,-20.78,Subscriptions,Student,TD,CAD
2025-10-22,Uber,Transportation payment - Uber,-40.56,Transportation,Student,TD,CAD
2025-10-23,Chipotle,Dining payment - Chipotle,-28.27,Dining,Student,TD,CAD
2025-10-27,Chipotle,Dining payment - Chipotle,-16.94,Dining,Student,TD,CAD
2025-10-27,Second Cup,TD card transaction at Second Cup,-5.54,Coffee,Student,TD,CAD
2025-10-28,Starbucks,TD card transaction at Starbucks,-4.87,Coffee,Student,TD,CAD
2025-10-28,Tim Hortons,Tim Hortons purchase,-7.29,Coffee,Student,TD,CAD
2025-10-28,Uniqlo,Shopping payment - Uniqlo,-198.72,Shopping,Student,TD,CAD
2025-10-30,Uber,TD card transaction at Uber,-30.47,Transportation,Student,TD,CAD
2025-10-31,Second Cup,Second Cup purchase,-4.01,Coffee,Student,TD,CAD
2025-11-01,No Frills,Groceries payment - No Frills,-110.53,Groceries,Student,TD,CAD
2025-11-01,Scholarship Payment,Direct deposit from Scholarship Payment,1372.42,Income,Student,TD,CAD
2025-11-03,Second Cup,Second Cup debit transaction,-10.61,Coffee,Student,TD,CAD
2025-11-11,Second Cup,Coffee payment - Second Cup,-12.1,Coffee,Student,TD,CAD
2025-11-11,Uniqlo,Uniqlo purchase,-39.47,Shopping,Student,TD,CAD
2025-11-13,Payroll Deposit,Payroll Deposit income deposit,839.51,Income,Student,TD,CAD
2025-11-15,Spotify,Spotify debit transaction,-8.49,Subscriptions,Student,TD,CAD
2025-11-16,Uber Eats,Dining payment - Uber Eats,-33.07,Dining,Student,TD,CAD
2025-11-17,Tim Hortons,Tim Hortons purchase,-11.33,Coffee,Student,TD,CAD
2025-11-19,Coursera,TD card transaction at Coursera,-114.49,Education,Student,TD,CAD
2025-11-19,Metro,Groceries payment - Metro,-89.9,Groceries,Student,TD,CAD
2025-11-19,Metro,Groceries payment - Metro,-116.1,Groceries,Student,TD,CAD
2025-11-19,Pizza Pizza,TD card transaction at Pizza Pizza,-28.95,Dining,Student,TD,CAD
2025-11-19,Second Cup,Second Cup debit transaction,-11.28,Coffee,Student,TD,CAD
2025-11-22,Second Cup,Second Cup purchase,-13.58,Coffee,Student,TD,CAD
2025-11-22,Tim Hortons,Tim Hortons debit transaction,-7.87,Coffee,Student,TD,CAD
2025-11-23,Tim Hortons,Coffee payment - Tim Hortons,-10.64,Coffee,Student,TD,CAD
2025-11-27,Apple Store,TD card transaction at Apple Store,-89.57,Shopping,Student,TD,CAD
2025-11-29,Uber Eats,TD card transaction at Uber Eats,-34.08,Dining,Student,TD,CAD
2025-11-30,No Frills,TD card transaction at No Frills,-21.41,Groceries,Student,TD,CAD
2025-12-01,Scholarship Payment,Direct deposit from Scholarship Payment,1436.63,Income,Student,TD,CAD
2025-12-04,H&M,Shopping payment - H&M,-200.03,Shopping,Student,TD,CAD
2025-12-05,Metro,Metro purchase,-104.85,Groceries,Student,TD,CAD
2025-12-06,Metro,TD card transaction at Metro,-48.05,Groceries,Student,TD,CAD
2025-12-09,No Frills,No Frills debit transaction,-80.81,Groceries,Student,TD,CAD
2025-12-10,Presto,TD card transaction at Presto,-18.83,Transportation,Student,TD,CAD
2025-12-15,Spotify,TD card transaction at Spotify,-14.67,Subscriptions,Student,TD,CAD
2025-12-19,Presto,TD card transaction at Presto,-7.45,Transportation,Student,TD,CAD
2025-12-20,Walmart Grocery,Walmart Grocery purchase,-47.26,Groceries,Student,TD,CAD
2025-12-21,Payroll Deposit,Direct deposit from Payroll Deposit,667.96,Income,Student,TD,CAD
2025-12-24,Second Cup,Second Cup debit transaction,-13.23,Coffee,Student,TD,CAD
2025-12-24,Starbucks,Starbucks purchase,-12.45,Coffee,Student,TD,CAD
2025-12-25,Pizza Pizza,Dining payment - Pizza Pizza,-20.71,Dining,Student,TD,CAD
2025-12-25,Uber,Uber purchase,-7.31,Transportation,Student,TD,CAD
2025-12-26,Lyft,Lyft purchase,-18.44,Transportation,Student,TD,CAD
2025-12-26,Subway,Subway purchase,-25.43,Dining,Student,TD,CAD
2025-12-26,Tim Hortons,Tim Hortons debit transaction,-7.66,Coffee,Student,TD,CAD
2025-12-27,Spotify,Spotify purchase,-14.33,Subscriptions,Student,TD,CAD
2025-12-27,Subway,Dining payment - Subway,-43.87,Dining,Student,TD,CAD
2025-12-29,Walmart Grocery,Walmart Grocery debit transaction,-34.45,Groceries,Student,TD,CAD
2025-12-31,Uber Eats,Uber Eats debit transaction,-36.8,Dining,Student,TD,CAD
2026-01-01,Scholarship Payment,Direct deposit from Scholarship Payment,1816.44,Income,Student,TD,CAD
2026-01-01,Second Cup,TD card transaction at Second Cup,-16.33,Coffee,Student,TD,CAD
2026-01-01,Subway,Subway purchase,-16.93,Dining,Student,TD,CAD
2026-01-01,Subway,Subway purchase,-44.41,Dining,Student,TD,CAD
2026-01-02,Tim Hortons,TD card transaction at Tim Hortons,-15.68,Coffee,Student,TD,CAD
2026-01-03,No Frills,Groceries payment - No Frills,-107.43,Groceries,Student,TD,CAD
2026-01-06,Starbucks,Coffee payment - Starbucks,-8.05,Coffee,Student,TD,CAD
2026-01-07,Payroll Deposit,Payroll Deposit income deposit,1460.78,Income,Student,TD,CAD
2026-01-11,Scholarship Payment,Scholarship Payment income deposit,875.64,Income,Student,TD,CAD
2026-01-13,No Frills,No Frills purchase,-85.34,Groceries,Student,TD,CAD
2026-01-14,Chipotle,Chipotle debit transaction,-32.13,Dining,Student,TD,CAD
2026-01-14,Presto,Transportation payment - Presto,-49.99,Transportation,Student,TD,CAD
2026-01-15,Spotify,Subscriptions payment - Spotify,-21.64,Subscriptions,Student,TD,CAD
2026-01-16,H&M,Shopping payment - H&M,-117.22,Shopping,Student,TD,CAD
2026-01-17,Second Cup,Second Cup debit transaction,-9.83,Coffee,Student,TD,CAD
2026-01-21,No Frills,TD card transaction at No Frills,-60.28,Groceries,Student,TD,CAD
2026-01-21,Walmart Grocery,TD card transaction at Walmart Grocery,-60.77,Groceries,Student,TD,CAD
2026-01-24,Lyft,TD card transaction at Lyft,-50.65,Transportation,Student,TD,CAD
2026-01-24,Uniqlo,Uniqlo debit transaction,-208.81,Shopping,Student,TD,CAD
2026-01-25,Presto,Presto purchase,-39.8,Transportation,Student,TD,CAD
2026-01-27,Coursera,TD card transaction at Coursera,-80.85,Education,Student,TD,CAD
2026-01-28,Netflix,Netflix debit transaction,-10.28,Subscriptions,Student,TD,CAD
2026-01-31,Chipotle,Dining payment - Chipotle,-15.59,Dining,Student,TD,CAD
2026-02-01,Payroll Deposit,Payroll Deposit income deposit,853.56,Income,Student,TD,CAD
2026-02-02,Netflix,Subscriptions payment - Netflix,-20.44,Subscriptions,Student,TD,CAD
2026-02-02,Pearson Education,TD card transaction at Pearson Education,-87.71,Education,Student,TD,CAD
2026-02-04,Uniqlo,Uniqlo purchase,-184.72,Shopping,Student,TD,CAD
2026-02-05,H&M,Shopping payment - H&M,-197.95,Shopping,Student,TD,CAD
2026-02-05,Uber Eats,TD card transaction at Uber Eats,-26.79,Dining,Student,TD,CAD
2026-02-07,Walmart Grocery,Walmart Grocery debit transaction,-96.0,Groceries,Student,TD,CAD
2026-02-09,Campus Bookstore,TD card transaction at Campus Bookstore,-115.2,Education,Student,TD,CAD
2026-02-09,Lyft,Transportation payment - Lyft,-75.91,Transportation,Student,TD,CAD
2026-02-11,Second Cup,TD card transaction at Second Cup,-15.58,Coffee,Student,TD,CAD
2026-02-14,Pizza Pizza,TD card transaction at Pizza Pizza,-51.44,Dining,Student,TD,CAD
2026-02-16,Apple Store,TD card transaction at Apple Store,-82.31,Shopping,Student,TD,CAD
2026-02-17,Presto,Presto debit transaction,-71.19,Transportation,Student,TD,CAD
2026-02-18,Uber Eats,TD card transaction at Uber Eats,-47.05,Dining,Student,TD,CAD
2026-02-20,Lyft,Lyft purchase,-37.22,Transportation,Student,TD,CAD
2026-02-20,Uber,Uber debit transaction,-12.9,Transportation,Student,TD,CAD
2026-02-23,Pearson Education,Pearson Education debit transaction,-101.84,Education,Student,TD,CAD
2026-02-26,Second Cup,TD card transaction at Second Cup,-7.8,Coffee,Student,TD,CAD
2026-03-01,Campus Bookstore,Campus Bookstore debit transaction,-49.06,Education,Student,TD,CAD
2026-03-01,Pearson Education,Pearson Education purchase,-123.95,Education,Student,TD,CAD
2026-03-01,Scholarship Payment,Direct deposit from Scholarship Payment,1537.37,Income,Student,TD,CAD
2026-03-03,Metro,Groceries payment - Metro,-88.46,Groceries,Student,TD,CAD
2026-03-03,Metro,Metro purchase,-97.02,Groceries,Student,TD,CAD
2026-03-04,Coursera,TD card transaction at Coursera,-45.12,Education,Student,TD,CAD
2026-03-04,Pizza Pizza,TD card transaction at Pizza Pizza,-11.95,Dining,Student,TD,CAD
2026-03-04,Starbucks,Starbucks purchase,-15.1,Coffee,Student,TD,CAD
2026-03-05,Campus Bookstore,Campus Bookstore debit transaction,-172.93,Education,Student,TD,CAD
2026-03-05,H&M,TD card transaction at H&M,-188.31,Shopping,Student,TD,CAD
2026-03-06,Lyft,Lyft purchase,-69.16,Transportation,Student,TD,CAD
2026-03-10,Netflix,Netflix debit transaction,-14.57,Subscriptions,Student,TD,CAD
2026-03-15,Netflix,Netflix debit transaction,-17.39,Subscriptions,Student,TD,CAD
2026-03-17,Best Buy,Best Buy purchase,-39.82,Shopping,Student,TD,CAD
2026-03-17,Netflix,Netflix debit transaction,-14.79,Subscriptions,Student,TD,CAD
2026-03-20,Uber,Uber debit transaction,-26.16,Transportation,Student,TD,CAD
2026-03-21,Apple Store,TD card transaction at Apple Store,-86.92,Shopping,Student,TD,CAD
2026-03-21,Payroll Deposit,Direct deposit from Payroll Deposit,1738.59,Income,Student,TD,CAD
2026-03-24,Subway,TD card transaction at Subway,-35.35,Dining,Student,TD,CAD
2026-03-26,Presto,Presto purchase,-78.45,Transportation,Student,TD,CAD
2026-03-31,H&M,TD card transaction at H&M,-90.44,Shopping,Student,TD,CAD
2026-04-01,Payroll Deposit,Direct deposit from Payroll Deposit,1544.76,Income,Student,TD,CAD
2026-04-04,Pizza Pizza,Dining payment - Pizza Pizza,-22.76,Dining,Student,TD,CAD
2026-04-04,Tim Hortons,Coffee payment - Tim Hortons,-5.54,Coffee,Student,TD,CAD
2026-04-04,Walmart Grocery,Walmart Grocery debit transaction,-111.89,Groceries,Student,TD,CAD
2026-04-06,Chipotle,Dining payment - Chipotle,-10.09,Dining,Student,TD,CAD
2026-04-06,Metro,Metro purchase,-65.97,Groceries,Student,TD,CAD
2026-04-06,Starbucks,TD card transaction at Starbucks,-17.74,Coffee,Student,TD,CAD
2026-04-07,Tim Hortons,Tim Hortons debit transaction,-9.71,Coffee,Student,TD,CAD
2026-04-10,Best Buy,Shopping payment - Best Buy,-30.18,Shopping,Student,TD,CAD
2026-04-15,Amazon Prime,Amazon Prime purchase,-18.38,Subscriptions,Student,TD,CAD
2026-04-15,Metro,Groceries payment - Metro,-96.46,Groceries,Student,TD,CAD
2026-04-16,Lyft,Lyft purchase,-35.5,Transportation,Student,TD,CAD
2026-04-18,Chipotle,Chipotle purchase,-13.7,Dining,Student,TD,CAD
2026-04-22,Chipotle,Dining payment - Chipotle,-20.16,Dining,Student,TD,CAD
2026-04-22,Lyft,Lyft purchase,-12.78,Transportation,Student,TD,CAD
2026-04-22,Uber,TD card transaction at Uber,-17.7,Transportation,Student,TD,CAD
2026-04-23,Tim Hortons,Tim Hortons debit transaction,-10.16,Coffee,Student,TD,CAD
2026-04-28,Presto,Presto purchase,-76.37,Transportation,Student,TD,CAD
2026-05-01,Scholarship Payment,Direct deposit from Scholarship Payment,1073.29,Income,Student,TD,CAD
2026-05-02,Lyft,Lyft debit transaction,-12.65,Transportation,Student,TD,CAD
2026-05-04,Pizza Pizza,Pizza Pizza purchase,-21.28,Dining,Student,TD,CAD
2026-05-08,Pizza Pizza,Pizza Pizza debit transaction,-11.34,Dining,Student,TD,CAD
2026-05-10,Chipotle,Dining payment - Chipotle,-11.26,Dining,Student,TD,CAD
2026-05-11,Tim Hortons,TD card transaction at Tim Hortons,-14.77,Coffee,Student,TD,CAD
2026-05-15,Amazon Prime,TD card transaction at Amazon Prime,-10.14,Subscriptions,Student,TD,CAD
2026-05-16,Second Cup,TD card transaction at Second Cup,-14.71,Coffee,Student,TD,CAD
2026-05-19,Chipotle,Chipotle purchase,-44.59,Dining,Student,TD,CAD
2026-05-19,Second Cup,TD card transaction at Second Cup,-14.59,Coffee,Student,TD,CAD
2026-05-20,Second Cup,Coffee payment - Second Cup,-17.83,Coffee,Student,TD,CAD
2026-05-22,Uber,Uber purchase,-82.71,Transportation,Student,TD,CAD
2026-05-24,Best Buy,Shopping payment - Best Buy,-211.96,Shopping,Student,TD,CAD
2026-05-24,Subway,Dining payment - Subway,-54.41,Dining,Student,TD,CAD
2026-05-26,Metro,Metro debit transaction,-43.02,Groceries,Student,TD,CAD
2026-05-31,Second Cup,Coffee payment - Second Cup,-8.99,Coffee,Student,TD,CAD
2026-06-01,Chipotle,TD card transaction at Chipotle,-50.51,Dining,Student,TD,CAD
2026-06-01,Payroll Deposit,Payroll Deposit income deposit,1640.91,Income,Student,TD,CAD
2026-06-02,Chipotle,Chipotle purchase,-36.57,Dining,Student,TD,CAD
2026-06-03,Lyft,TD card transaction at Lyft,-12.39,Transportation,Student,TD,CAD
2026-06-08,Presto,TD card transaction at Presto,-51.59,Transportation,Student,TD,CAD
2026-06-08,Scholarship Payment,Direct deposit from Scholarship Payment,1087.92,Income,Student,TD,CAD
2026-06-11,Campus Bookstore,Education payment - Campus Bookstore,-236.12,Education,Student,TD,CAD
2026-06-12,Uber,Uber purchase,-57.22,Transportation,Student,TD,CAD
2026-06-14,Campus Bookstore,Campus Bookstore purchase,-107.48,Education,Student,TD,CAD
2026-06-15,Amazon Prime,TD card transaction at Amazon Prime,-8.52,Subscriptions,Student,TD,CAD
2026-06-16,Metro,Groceries payment - Metro,-31.72,Groceries,Student,TD,CAD
2026-06-17,Pearson Education,TD card transaction at Pearson Education,-141.62,Education,Student,TD,CAD
2026-06-17,Starbucks,Starbucks purchase,-9.48,Coffee,Student,TD,CAD
2026-06-18,Coursera,Coursera purchase,-229.8,Education,Student,TD,CAD
2026-06-18,Second Cup,Coffee payment - Second Cup,-10.66,Coffee,Student,TD,CAD
2026-06-19,Starbucks,Coffee payment - Starbucks,-13.24,Coffee,Student,TD,CAD
2026-06-19,Tim Hortons,Coffee payment - Tim Hortons,-12.64,Coffee,Student,TD,CAD
2026-06-22,Walmart Grocery,TD card transaction at Walmart Grocery,-108.24,Groceries,Student,TD,CAD
2026-06-23,Pearson Education,Education payment - Pearson Education,-102.54,Education,Student,TD,CAD
2026-06-24,Scholarship Payment,Direct deposit from Scholarship Payment,914.21,Income,Student,TD,CAD
2026-06-25,Uber Eats,TD card transaction at Uber Eats,-27.13,Dining,Student,TD,CAD
2026-06-26,Scholarship Payment,Direct deposit from Scholarship Payment,1579.75,Income,Student,TD,CAD
2026-06-27,Subway,TD card transaction at Subway,-25.7,Dining,Student,TD,CAD
2026-06-28,Pearson Education,Education payment - Pearson Education,-120.15,Education,Student,TD,CAD
2026-06-30,H&M,H&M debit transaction,-62.21,Shopping,Student,TD,CAD
2026-07-01,Scholarship Payment,Scholarship Payment income deposit,675.5,Income,Student,TD,CAD
2026-07-03,Amazon Prime,Amazon Prime purchase,-15.19,Subscriptions,Student,TD,CAD
2026-07-04,Payroll Deposit,Direct deposit from Payroll Deposit,864.67,Income,Student,TD,CAD
2026-07-07,Tim Hortons,Coffee payment - Tim Hortons,-12.9,Coffee,Student,TD,CAD
2026-07-07,Walmart Grocery,TD card transaction at Walmart Grocery,-68.67,Groceries,Student,TD,CAD
2026-07-09,Netflix,Netflix debit transaction,-11.36,Subscriptions,Student,TD,CAD
2026-07-09,Scholarship Payment,Direct deposit from Scholarship Payment,793.31,Income,Student,TD,CAD
2026-07-14,Coursera,Coursera purchase,-124.9,Education,Student,TD,CAD
2026-07-14,Pizza Pizza,Pizza Pizza debit transaction,-25.63,Dining,Student,TD,CAD
2026-07-14,Presto,Transportation payment - Presto,-23.6,Transportation,Student,TD,CAD
2026-07-15,Amazon Prime,Subscriptions payment - Amazon Prime,-11.75,Subscriptions,Student,TD,CAD
2026-07-15,Lyft,Lyft debit transaction,-75.23,Transportation,Student,TD,CAD
2026-07-15,Walmart Grocery,Walmart Grocery debit transaction,-108.53,Groceries,Student,TD,CAD
2026-07-16,H&M,H&M debit transaction,-172.39,Shopping,Student,TD,CAD
2026-07-16,Uniqlo,TD card transaction at Uniqlo,-132.61,Shopping,Student,TD,CAD
2026-07-19,No Frills,Groceries payment - No Frills,-50.89,Groceries,Student,TD,CAD
2026-07-19,Uber Eats,TD card transaction at Uber Eats,-22.3,Dining,Student,TD,CAD
2026-07-20,Starbucks,TD card transaction at Starbucks,-9.09,Coffee,Student,TD,CAD
2026-07-20,Subway,Subway purchase,-42.3,Dining,Student,TD,CAD
2026-07-21,Uber Eats,TD card transaction at Uber Eats,-32.71,Dining,Student,TD,CAD
2026-07-23,Lyft,Lyft debit transaction,-50.3,Transportation,Student,TD,CAD
2026-07-26,Metro,Groceries payment - Metro,-28.21,Groceries,Student,TD,CAD
2026-07-26,Netflix,TD card transaction at Netflix,-16.59,Subscriptions,Student,TD,CAD
2026-07-27,Starbucks,Starbucks debit transaction,-8.02,Coffee,Student,TD,CAD
2026-07-29,Chipotle,Chipotle debit transaction,-24.2,Dining,Student,TD,CAD
2026-07-29,Spotify,Subscriptions payment - Spotify,-21.33,Subscriptions,Student,TD,CAD
2026-07-31,Apple Store,Shopping payment - Apple Store,-80.73,Shopping,Student,TD,CAD
2026-08-01,Scholarship Payment,Direct deposit from Scholarship Payment,1302.84,Income,Student,TD,CAD
2026-08-03,Best Buy,TD card transaction at Best Buy,-155.36,Shopping,Student,TD,CAD
2026-08-04,Tim Hortons,Tim Hortons debit transaction,-13.96,Coffee,Student,TD,CAD
2026-08-05,Coursera,Coursera debit transaction,-67.89,Education,Student,TD,CAD
2026-08-05,Presto,Presto purchase,-61.85,Transportation,Student,TD,CAD
2026-08-05,Uber,Uber purchase,-24.19,Transportation,Student,TD,CAD
2026-08-07,Starbucks,Starbucks purchase,-7.44,Coffee,Student,TD,CAD
2026-08-08,Second Cup,Coffee payment - Second Cup,-7.34,Coffee,Student,TD,CAD
2026-08-11,No Frills,No Frills purchase,-82.66,Groceries,Student,TD,CAD
2026-08-11,Payroll Deposit,Payroll Deposit income deposit,1281.28,Income,Student,TD,CAD
2026-08-12,Apple Store,Shopping payment - Apple Store,-111.55,Shopping,Student,TD,CAD
2026-08-14,Best Buy,Best Buy purchase,-43.29,Shopping,Student,TD,CAD
2026-08-14,Pearson Education,Pearson Education purchase,-220.05,Education,Student,TD,CAD
2026-08-14,Walmart Grocery,Walmart Grocery purchase,-119.51,Groceries,Student,TD,CAD
2026-08-15,Netflix,TD card transaction at Netflix,-16.42,Subscriptions,Student,TD,CAD
2026-08-17,Payroll Deposit,Direct deposit from Payroll Deposit,800.35,Income,Student,TD,CAD
2026-08-21,Tim Hortons,Tim Hortons debit transaction,-7.59,Coffee,Student,TD,CAD
2026-08-21,Uber,Uber purchase,-19.56,Transportation,Student,TD,CAD
2026-08-22,Campus Bookstore,Campus Bookstore purchase,-215.78,Education,Student,TD,CAD
2026-08-22,Uber,Uber debit transaction,-55.83,Transportation,Student,TD,CAD
2026-08-22,Walmart Grocery,TD card transaction at Walmart Grocery,-104.1,Groceries,Student,TD,CAD
2026-08-23,Uniqlo,Shopping payment - Uniqlo,-166.34,Shopping,Student,TD,CAD
2026-08-31,Presto,Transportation payment - Presto,-67.14,Transportation,Student,TD,CAD
2026-09-01,Scholarship Payment,Scholarship Payment income deposit,1489.59,Income,Student,TD,CAD
2026-09-01,Uber,Uber purchase,-72.0,Transportation,Student,TD,CAD
2026-09-01,Uniqlo,Shopping payment - Uniqlo,-205.5,Shopping,Student,TD,CAD
2026-09-02,Spotify,Subscriptions payment - Spotify,-18.3,Subscriptions,Student,TD,CAD
2026-09-03,Coursera,Coursera debit transaction,-230.36,Education,Student,TD,CAD
2026-09-04,Metro,Metro purchase,-71.24,Groceries,Student,TD,CAD
2026-09-05,Subway,Subway purchase,-17.88,Dining,Student,TD,CAD
2026-09-08,Best Buy,TD card transaction at Best Buy,-204.35,Shopping,Student,TD,CAD
2026-09-10,H&M,H&M purchase,-207.26,Shopping,Student,TD,CAD
2026-09-10,Walmart Grocery,Walmart Grocery debit transaction,-27.47,Groceries,Student,TD,CAD
2026-09-11,Campus Bookstore,Education payment - Campus Bookstore,-180.9,Education,Student,TD,CAD
2026-09-11,Tim Hortons,Coffee payment - Tim Hortons,-15.28,Coffee,Student,TD,CAD
2026-09-11,Uber Eats,Dining payment - Uber Eats,-31.37,Dining,Student,TD,CAD
2026-09-12,Presto,Transportation payment - Presto,-61.69,Transportation,Student,TD,CAD
2026-09-14,Starbucks,Starbucks debit transaction,-5.93,Coffee,Student,TD,CAD
2026-09-15,Chipotle,Dining payment - Chipotle,-21.44,Dining,Student,TD,CAD
2026-09-15,Netflix,TD card transaction at Netflix,-15.74,Subscriptions,Student,TD,CAD
2026-09-16,Uber Eats,TD card transaction at Uber Eats,-41.48,Dining,Student,TD,CAD
2026-09-17,Amazon Prime,Subscriptions payment - Amazon Prime,-20.21,Subscriptions,Student,TD,CAD
2026-09-18,Apple Store,Apple Store debit transaction,-191.53,Shopping,Student,TD,CAD
2026-09-20,Apple Store,TD card transaction at Apple Store,-100.36,Shopping,Student,TD,CAD
2026-09-25,Walmart Grocery,TD card transaction at Walmart Grocery,-68.64,Groceries,Student,TD,CAD
2026-09-26,Lyft,Lyft purchase,-59.64,Transportation,Student,TD,CAD
2026-09-28,Best Buy,Shopping payment - Best Buy,-30.64,Shopping,Student,TD,CAD
2026-10-01,Best Buy,Best Buy purchase,-204.62,Shopping,Student,TD,CAD
2026-10-01,Scholarship Payment,Direct deposit from Scholarship Payment,1724.27,Income,Student,TD,CAD
2026-10-02,Spotify,Spotify purchase,-20.84,Subscriptions,Student,TD,CAD
2026-10-06,H&M,Shopping payment - H&M,-195.28,Shopping,Student,TD,CAD
2026-10-09,Best Buy,Best Buy debit transaction,-29.96,Shopping,Student,TD,CAD
2026-10-09,Coursera,Coursera purchase,-118.27,Education,Student,TD,CAD
2026-10-09,Walmart Grocery,Walmart Grocery purchase,-53.89,Groceries,Student,TD,CAD
2026-10-11,Coursera,Education payment - Coursera,-194.7,Education,Student,TD,CAD
2026-10-13,Uber Eats,Uber Eats debit transaction,-38.27,Dining,Student,TD,CAD
2026-10-14,Metro,Metro purchase,-113.56,Groceries,Student,TD,CAD
2026-10-15,Netflix,TD card transaction at Netflix,-19.19,Subscriptions,Student,TD,CAD
2026-10-15,Uber,Transportation payment - Uber,-74.63,Transportation,Student,TD,CAD
2026-10-16,Pearson Education,Education payment - Pearson Education,-224.2,Education,Student,TD,CAD
2026-10-19,Chipotle,Chipotle purchase,-14.99,Dining,Student,TD,CAD
2026-10-21,Second Cup,Second Cup debit transaction,-12.82,Coffee,Student,TD,CAD
2026-10-22,Lyft,Transportation payment - Lyft,-68.0,Transportation,Student,TD,CAD
2026-10-22,Presto,Transportation payment - Presto,-34.75,Transportation,Student,TD,CAD
2026-10-23,Pearson Education,Education payment - Pearson Education,-213.5,Education,Student,TD,CAD
2026-10-24,Chipotle,Dining payment - Chipotle,-44.08,Dining,Student,TD,CAD
2026-10-24,Walmart Grocery,TD card transaction at Walmart Grocery,-64.23,Groceries,Student,TD,CAD
2026-10-28,Pearson Education,Pearson Education purchase,-201.99,Education,Student,TD,CAD
2026-10-28,Presto,Transportation payment - Presto,-12.05,Transportation,Student,TD,CAD
2026-10-30,Best Buy,Best Buy purchase,-214.83,Shopping,Student,TD,CAD
2026-10-31,Pearson Education,TD card transaction at Pearson Education,-121.39,Education,Student,TD,CAD
2026-11-01,Scholarship Payment,Direct deposit from Scholarship Payment,761.33,Income,Student,TD,CAD
2026-11-04,No Frills,TD card transaction at No Frills,-70.29,Groceries,Student,TD,CAD
2026-11-06,Chipotle,Chipotle purchase,-11.26,Dining,Student,TD,CAD
2026-11-06,Uniqlo,Shopping payment - Uniqlo,-178.49,Shopping,Student,TD,CAD
2026-11-07,Lyft,Lyft debit transaction,-80.58,Transportation,Student,TD,CAD
2026-11-09,Uniqlo,Uniqlo purchase,-85.89,Shopping,Student,TD,CAD
2026-11-10,Apple Store,TD card transaction at Apple Store,-67.1,Shopping,Student,TD,CAD
2026-11-10,Uber,Transportation payment - Uber,-34.33,Transportation,Student,TD,CAD
2026-11-13,H&M,H&M debit transaction,-196.19,Shopping,Student,TD,CAD
2026-11-15,Netflix,Netflix debit transaction,-21.93,Subscriptions,Student,TD,CAD
2026-11-15,Uniqlo,Uniqlo debit transaction,-193.27,Shopping,Student,TD,CAD
2026-11-22,Best Buy,Best Buy debit transaction,-206.13,Shopping,Student,TD,CAD
2026-11-22,Scholarship Payment,Direct deposit from Scholarship Payment,1142.71,Income,Student,TD,CAD
2026-11-23,Lyft,Transportation payment - Lyft,-68.98,Transportation,Student,TD,CAD
2026-11-23,Metro,Groceries payment - Metro,-96.88,Groceries,Student,TD,CAD
2026-11-25,Spotify,Spotify debit transaction,-9.69,Subscriptions,Student,TD,CAD
2026-11-28,Payroll Deposit,Payroll Deposit income deposit,1874.36,Income,Student,TD,CAD
2026-11-28,Tim Hortons,Tim Hortons debit transaction,-5.21,Coffee,Student,TD,CAD
2026-12-01,Campus Bookstore,TD card transaction at Campus Bookstore,-145.62,Education,Student,TD,CAD
2026-12-01,Payroll Deposit,Payroll Deposit income deposit,1378.63,Income,Student,TD,CAD
2026-12-02,Best Buy,Best Buy purchase,-104.4,Shopping,Student,TD,CAD
2026-12-02,Walmart Grocery,Walmart Grocery purchase,-51.95,Groceries,Student,TD,CAD
2026-12-05,Uber,Uber purchase,-29.02,Transportation,Student,TD,CAD
2026-12-06,Uber,Transportation payment - Uber,-79.29,Transportation,Student,TD,CAD
2026-12-10,Presto,Transportation payment - Presto,-65.48,Transportation,Student,TD,CAD
2026-12-10,Uniqlo,TD card transaction at Uniqlo,-142.59,Shopping,Student,TD,CAD
2026-12-13,Subway,Subway debit transaction,-14.74,Dining,Student,TD,CAD
2026-12-13,Uniqlo,Shopping payment - Uniqlo,-80.56,Shopping,Student,TD,CAD
2026-12-14,Walmart Grocery,TD card transaction at Walmart Grocery,-25.45,Groceries,Student,TD,CAD
2026-12-15,Netflix,TD card transaction at Netflix,-9.64,Subscriptions,Student,TD,CAD
2026-12-15,Walmart Grocery,Groceries payment - Walmart Grocery,-66.09,Groceries,Student,TD,CAD
2026-12-17,Best Buy,Best Buy purchase,-158.89,Shopping,Student,TD,CAD
2026-12-20,Second Cup,Coffee payment - Second Cup,-8.24,Coffee,Student,TD,CAD
2026-12-22,No Frills,No Frills debit transaction,-90.76,Groceries,Student,TD,CAD
2026-12-22,Payroll Deposit,Payroll Deposit income deposit,874.44,Income,Student,TD,CAD
2026-12-22,Tim Hortons,TD card transaction at Tim Hortons,-5.85,Coffee,Student,TD,CAD
2026-12-26,Uniqlo,TD card transaction at Uniqlo,-200.75,Shopping,Student,TD,CAD
2026-12-28,Metro,TD card transaction at Metro,-117.39,Groceries,Student,TD,CAD
2026-12-28,Subway,Subway purchase,-41.79,Dining,Student,TD,CAD
2026-12-28,Uniqlo,TD card transaction at Uniqlo,-169.56,Shopping,Student,TD,CAD
2026-12-31,Second Cup,Second Cup purchase,-4.08,Coffee,Student,TD,CAD
